dut_id,lot_id,temperature_c,arrhenius_accel_factor,true_latent_defect,iddq_uA_0h,iddq_uA_last,iddq_uA_abs_change,iddq_uA_pct_change,iddq_uA_slope,iddq_uA_curvature,iddq_uA_physics_norm_slope,leakage_uA_0h,leakage_uA_last,leakage_uA_abs_change,leakage_uA_pct_change,leakage_uA_slope,leakage_uA_curvature,leakage_uA_physics_norm_slope,delay_ns_0h,delay_ns_last,delay_ns_abs_change,delay_ns_pct_change,delay_ns_slope,delay_ns_curvature,delay_ns_physics_norm_slope,iddq_uA_last_lot_zscore,iddq_uA_slope_lot_zscore,iddq_uA_physics_norm_slope_lot_zscore,leakage_uA_last_lot_zscore,leakage_uA_slope_lot_zscore,leakage_uA_physics_norm_slope_lot_zscore,delay_ns_last_lot_zscore,delay_ns_slope_lot_zscore,delay_ns_physics_norm_slope_lot_zscore,anomaly_isolation_forest,anomaly_autoencoder,anomaly_one_class_svm,anomaly_mahalanobis,anomaly_ensemble_score,anomaly_ensemble_confidence,iddq_uA_pred_168h,iddq_uA_pred_168h_lo,iddq_uA_pred_168h_hi,iddq_uA_pred_interval_width,leakage_uA_pred_168h,leakage_uA_pred_168h_lo,leakage_uA_pred_168h_hi,leakage_uA_pred_interval_width,delay_ns_pred_168h,delay_ns_pred_168h_lo,delay_ns_pred_168h_hi,delay_ns_pred_interval_width,iddq_uA_projected_500h,iddq_uA_margin_pct_500h,leakage_uA_projected_500h,leakage_uA_margin_pct_500h,delay_ns_projected_500h,delay_ns_margin_pct_500h,risk_score,risk_band,risk_confidence_pct,_component_anomaly,_component_lot_deviation,_component_drift_rate,_component_future_margin,explanation
IC0001,LOT2026A,108.76,0.4199576713593804,0,10.731,12.315,1.5839999999999996,14.760972882303601,0.009352777777777774,7.260101010101748e-06,0.02227076302119529,1.893,2.115,0.2220000000000002,11.727416798732182,0.0013097222222222234,3.919402356902392e-06,0.003118700553755151,5.161,5.321,0.16000000000000014,3.1001743848091485,0.0010819444444444468,-1.3152356902357183e-06,0.0025763178487542586,-0.10243218748485931,-0.2846699357180174,-0.24238886983625518,0.18411438928048682,-0.24436428388767298,-0.19504815200639197,0.18199170459736913,-0.0005727966973840284,0.07536849152196262,0.03200974877549351,0.012878169038003994,0.10058762166765156,0.05550871118746563,0.04351069379447408,0.8694754230127139,12.4638815,12.270038,13.209768,0.93973064,2.1391613,2.0795949,2.4356506,0.35605574,5.318633,5.246568,5.335628,0.08905983,15.407388888888887,69.18522222222222,2.5478611111111116,74.52138888888888,5.701972222222223,28.725347222222208,8.1,LOW,90.5,0.044,0.011,0.122,0.183,predicted value approaching the safety limit (contribution 0.18); high physics-normalised drift rate (contribution 0.12).
IC0002,LOT2026A,111.07,0.47724832699493536,0,10.572,12.124,1.5520000000000014,14.680287552024229,0.008891666666666648,-8.36489898989925e-06,0.018631111234384712,1.722,1.94,0.21799999999999997,12.659698025551682,0.0011958333333333317,-1.604587542087518e-06,0.002505683657107974,5.082,5.204,0.12199999999999989,2.400629673356944,0.000683333333333331,1.8676346801346055e-06,0.001431819232633125,-0.19386480265074985,-0.32727332798290865,-0.4018610047927054,-0.5132886004183244,-0.32724912693809477,-0.40343337092433906,-0.4676261426603627,-0.4115544270699825,-0.4792996493147437,0.008414325665636725,0.0028308554440561596,0.09974743660826112,0.0,0.023743757937841926,0.8196557897058081,12.187477,11.798964,13.024097,1.2251339,1.9337347,1.9292141,2.1059449,0.17673075,5.191879,5.14284,5.2535152,0.110675335,15.017833333333323,69.96433333333336,2.319916666666666,76.80083333333334,5.423666666666666,32.20416666666668,7.4,LOW,87.2,0.024,0.096,0.086,0.14,predicted value approaching the safety limit (contribution 0.14); significant deviation from lot population (contribution 0.10); high physics-normalised drift rate (contribution 0.09).
IC0003,LOT2026A,111.0,0.4754131951417325,0,10.056,11.649,1.593,15.841288782816228,0.009062500000000022,-1.6519360269360787e-05,0.01906236531213288,1.754,1.907,0.15300000000000002,8.722919042189282,0.0008722222222222249,-7.102272727272675e-06,0.0018346613664397633,5.084,5.241,0.15700000000000003,3.088119590873329,0.0008805555555555587,3.2091750841752816e-06,0.001852189978221036,-0.42124957858686696,-0.31148954108958726,-0.382965513543681,-0.6447988784758139,-0.5627633760935526,-0.6315365891300803,-0.2621914388267214,-0.20821159949886783,-0.2755717840005681,0.035254827761210486,0.048644854014114204,0.11347860571896129,0.016736683810848876,0.05213886963607752,0.8490108828624362,11.611166,10.970792,12.026521,1.0557289,1.9165301,1.908294,2.088961,0.18066692,5.2288046,5.155048,5.2561817,0.10113382,14.58725000000001,70.82549999999998,2.1901111111111122,78.09888888888888,5.524277777777779,30.946527777777767,9.3,LOW,89.4,0.052,0.13,0.09,0.142,predicted value approaching the safety limit (contribution 0.14); significant deviation from lot population (contribution 0.13); high physics-normalised drift rate (contribution 0.09).
IC0004,LOT2026A,110.35,0.4586753078127318,0,10.528,11.792,1.2639999999999993,12.006079027355616,0.008118055555555571,4.776936026936037e-05,0.017698915588606343,1.979,2.216,0.2370000000000001,11.975745325922189,0.001463888888888888,1.575652356902386e-05,0.0031915580890318285,5.101,5.206,0.10500000000000043,2.0584199176632114,0.0006416666666666558,4.208754208754286e-06,0.0013989562022131696,-0.35279479341030945,-0.3987495011502058,-0.4427053598401022,0.5866155433352286,-0.1321665085389355,-0.17028140655208066,-0.4565215640747567,-0.4545141793737468,-0.4952263404688792,0.04544255195418299,0.13148680859818235,0.1277034880480436,0.0678102897281769,0.09106317683225401,0.8437849310452722,12.001685,11.4679165,12.50967,1.0417538,2.230534,2.156306,2.5333107,0.37700462,5.191224,5.1766706,5.2569175,0.080246925,14.587027777777786,70.82594444444443,2.7109444444444444,72.89055555555557,5.4218333333333275,32.227083333333404,10.3,LOW,88.7,0.091,0.115,0.077,0.142,predicted value approaching the safety limit (contribution 0.14); significant deviation from lot population (contribution 0.12); abnormal multi-parameter pattern (ensemble anomaly score) (contribution 0.09).
IC0005,LOT2026A,106.8,0.3763154194032035,0,10.521,11.836,1.3149999999999995,12.4988119000095,0.007633333333333336,3.22232744107742e-05,0.020284402232146097,1.712,1.842,0.13000000000000012,7.59345794392524,0.0005986111111111168,-3.1565656565660294e-07,0.0015907164050318501,5.062,5.206,0.14400000000000013,2.8447254049782718,0.000791666666666669,1.4467592592592376e-06,0.0021037316725479086,-0.3317317825867532,-0.44353439241661236,-0.3294217000018679,-0.9038342746496574,-0.7618891575683394,-0.7144617490481047,-0.4565215640747567,-0.2998590710802136,-0.15366498396610262,0.10841027721293194,0.0681674142902653,0.20909239728818016,0.1821793506949208,0.12753920337347993,0.7378490662387693,11.899113,11.487438,12.50967,1.022232,1.8406461,1.8406461,2.04883,0.20818388,5.19989,5.1355643,5.2497425,0.11417818,14.337666666666669,71.32466666666666,2.0113055555555586,79.88694444444441,5.457833333333335,31.777083333333312,13.9,LOW,82.7,0.128,0.197,0.102,0.138,significant deviation from lot population (contribution 0.20); predicted value approaching the safety limit (contribution 0.14); abnormal multi-parameter pattern (ensemble anomaly score) (contribution 0.13).
IC0006,LOT2026A,109.77,0.44419247789836264,0,10.268,11.657,1.3889999999999993,13.52746396571873,0.00789583333333332,-1.3546927609427395e-05,0.017775702485308624,1.766,1.872,0.1060000000000001,6.00226500566252,0.0006875000000000013,2.2095959595961243e-06,0.0015477524591429727,5.148,5.241,0.09299999999999997,1.806526806526806,0.000543055555555559,3.103956228956421e-06,0.0012225681040907172,-0.4174199402553109,-0.41928125645858905,-0.4393409252537585,-0.7842794764155756,-0.6971985483582589,-0.7290666503462583,-0.2621914388267214,-0.5561855931592866,-0.5807108111997273,0.09933502761961738,0.055923549383657255,0.18507900045253503,0.007866593269186569,0.08974011356284824,0.6884319572514579,11.773502,11.398323,12.331693,0.93336964,1.8850844,1.872536,2.088961,0.21642494,5.2395663,5.1997433,5.319332,0.11958885,14.215916666666661,71.56816666666668,2.1097500000000005,78.9025,5.4195277777777795,32.255902777777756,12.0,LOW,80.0,0.09,0.166,0.077,0.175,predicted value approaching the safety limit (contribution 0.17); significant deviation from lot population (contribution 0.17); abnormal multi-parameter pattern (ensemble anomaly score) (contribution 0.09).
IC0007,LOT2026A,108.34,0.41023742282128733,0,9.989,11.226,1.237,12.3836219841826,0.007798611111111111,4.7795664983165604e-05,0.019009994401482086,1.861,2.104,0.2430000000000001,13.057495969908656,0.0015430555555555564,3.4985269360270885e-06,0.0037613720000083005,5.095,5.206,0.11100000000000065,2.1786064769381874,0.0007208333333333357,2.0780723905724376e-06,0.001757112572461128,-0.6237417053678709,-0.42826389940600446,-0.3852601563887358,0.1402776299279897,-0.07455143471120346,0.023417653344575292,-0.4565215640747567,-0.3728906499965978,-0.3216499593217025,0.012926733664919114,0.060258593805949855,0.06699547729231606,0.06588938757483218,0.04588443851919468,0.9271063136846285,11.274281,10.966577,11.976607,1.0100307,2.1199176,2.0787206,2.5561128,0.4773922,5.2052727,5.171841,5.254124,0.08228302,13.888305555555556,72.22338888888889,2.6325277777777782,73.67472222222221,5.455416666666667,31.80729166666666,8.9,LOW,93.5,0.046,0.125,0.089,0.141,predicted value approaching the safety limit (contribution 0.14); significant deviation from lot population (contribution 0.12); high physics-normalised drift rate (contribution 0.09).
IC0008,LOT2026A,109.66,0.44149292740233803,1,10.807,15.341,4.533999999999999,41.9542888868326,0.02770138888888886,0.00016356271043771036,0.0627448078316422,1.799,2.467,0.6680000000000001,37.131739855475274,0.003847222222222222,2.0438762626262582e-05,0.008714119713895666,5.028,5.511,0.48300000000000054,9.606205250596672,0.0028972222222222186,1.8728956228955932e-05,0.006562329863966187,1.3461285114260633,1.4106114354008377,1.5309902098973742,1.5868906885603786,1.6023504509064346,1.7070244548024402,1.2369266702295854,1.8710404120028885,2.0071435436609257,0.5411868492335503,0.09332826563608698,0.30593147846484137,0.21958154443973182,0.3115374042814968,0.13950981882234725,15.286834,15.048879,16.154427,1.1055479,2.446619,2.4328802,2.6480734,0.21519327,5.483497,5.3502,5.5293975,0.17919731,24.65769444444443,50.68461111111113,3.722611111111111,62.773888888888884,6.476611111111109,19.042361111111138,36.0,MEDIUM,46.4,0.312,0.374,0.52,0.284,high physics-normalised drift rate (contribution 0.52); significant deviation from lot population (contribution 0.37); abnormal multi-parameter pattern (ensemble anomaly score) (contribution 0.31).
IC0009,LOT2026A,108.35,0.4104664677770522,0,11.311,13.098,1.7870000000000008,15.79877994872249,0.010400000000000036,-6.31313131312581e-07,0.025337027056857832,2.086,2.325,0.23900000000000032,11.457334611697044,0.0015638888888888861,-1.1837121212121007e-06,0.0038100283742016254,5.04,5.137,0.09699999999999953,1.9246031746031653,0.0006638888888888784,-2.4463383838383964e-06,0.0016174010327427632,0.2723936642161501,-0.18791403882726976,-0.1080398439543638,1.0209979769190587,-0.059389573177592705,0.03995760394542349,-0.8396295252780391,-0.4316023114784102,-0.3893595562556469,0.07254346513557317,0.14091382355191515,0.22292123619524076,0.15138477790958377,0.13495632378851088,0.7547905235617676,13.150914,12.700115,13.467486,0.7673712,2.3365695,2.2923627,2.5140069,0.22164416,5.1445065,5.12436,5.245797,0.12143707,16.511000000000017,66.97799999999997,2.867944444444443,71.32055555555556,5.3719444444444395,32.85069444444451,15.7,LOW,84.4,0.135,0.228,0.152,0.136,significant deviation from lot population (contribution 0.23); high physics-normalised drift rate (contribution 0.15); predicted value approaching the safety limit (contribution 0.14).
IC0010,LOT2026A,109.85,0.4461651681395295,0,11.402,12.998,1.596,13.997544290475355,0.008905555555555557,4.4718013468071006e-07,0.019960221441514495,1.987,2.034,0.04699999999999971,2.3653749370910773,0.00035694444444443974,-2.183291245791245e-06,0.0008000275905285648,5.149,5.235,0.0860000000000003,1.6702272285880813,0.0005972222222222322,9.73274410774566e-07,0.0013385675639194284,0.22452318507170382,-0.32599009327613304,-0.343625751878818,-0.13868356595153544,-0.9377667513582622,-0.9832436743219711,-0.2955051745835245,-0.5003379151643979,-0.5244930020954098,0.17486915167745815,0.0945677816097005,0.28561174515144344,0.1213330813649149,0.16489684880504643,0.6436181529753445,12.99279,12.5211525,13.430278,0.9091253,2.0754948,2.0425491,2.2732058,0.23065662,5.235192,5.197435,5.3225603,0.12512541,15.854777777777777,68.29044444444445,2.16547222222222,78.3452777777778,5.447611111111116,31.90486111111105,12.9,LOW,77.3,0.165,0.04,0.099,0.176,predicted value approaching the safety limit (contribution 0.18); abnormal multi-parameter pattern (ensemble anomaly score) (contribution 0.17); high physics-normalised drift rate (contribution 0.10).
IC0011,LOT2026A,110.44,0.46096057418949093,0,10.058,11.492,1.434000000000001,14.257307615828207,0.008252777777777796,-1.115319865319884e-05,0.017903435217401602,1.62,1.738,0.11799999999999988,7.283950617283944,0.0006055555555555556,-9.101430976430965e-06,0.001313681884009943,5.12,5.269,0.14900000000000002,2.9101562500000004,0.000770833333333339,-1.0784932659932892e-06,0.001672232673453036,-0.49640623084364566,-0.3863021244944997,-0.43374428780494984,-1.3182909085278078,-0.7568352037238057,-0.8086351717167545,-0.10672733862828725,-0.3213389472320879,-0.3627860298368309,0.1334164231829511,0.12641923003716984,0.26186530754773496,0.05805122603519191,0.14570226254000962,0.6412241443870395,11.373397,10.970792,12.026521,1.0557289,1.7438154,1.7438154,2.0443933,0.30057788,5.270095,5.229729,5.307619,0.07788992,14.184388888888897,71.6312222222222,1.922777777777778,80.77222222222223,5.50541666666667,31.18229166666663,16.9,LOW,76.7,0.146,0.305,0.079,0.169,significant deviation from lot population (contribution 0.30); predicted value approaching the safety limit (contribution 0.17); abnormal multi-parameter pattern (ensemble anomaly score) (contribution 0.15).
IC0012,LOT2026A,111.76,0.49568372019413265,0,10.642,13.322,2.6799999999999997,25.18323623379064,0.015837499999999997,-1.2310606060606187e-05,0.03195081733529054,2.012,2.248,0.2360000000000002,11.729622266401602,0.0015194444444444467,6.418350168350245e-06,0.0030653507116379817,5.18,5.359,0.17900000000000027,3.455598455598461,0.0011388888888888922,-1.5782828282825547e-06,0.0022976120507707024,0.37962353749970734,0.3144723488746666,0.18174481612712284,0.7141406614515825,-0.0917348777826309,-0.21318357142081443,0.39297869772381333,0.05813886478441606,-0.059703080108131905,0.12688939527494122,0.05592661062869198,0.12694401001573177,0.08848099620662286,0.09985022296897682,0.8866281000339958,13.447299,13.082806,15.035241,1.9524355,2.2686512,2.2150426,2.4776175,0.2625749,5.3602767,5.3274727,5.4324493,0.104976654,18.56075,62.8785,2.7717222222222233,72.28277777777777,5.749444444444446,28.13194444444442,16.0,LOW,89.1,0.1,0.148,0.217,0.234,predicted value approaching the safety limit (contribution 0.23); high physics-normalised drift rate (contribution 0.22); significant deviation from lot population (contribution 0.15).
IC0013,LOT2026A,107.63,0.39426815434538015,0,11.257,12.971,1.7140000000000004,15.226081549258245,0.010725000000000012,-1.4809553872053404e-05,0.027202298440276457,1.842,2.099,0.2570000000000001,13.952225841476661,0.0014777777777777782,8.022937710437855e-06,0.003748154045642855,5.189,5.345,0.1559999999999997,3.0063596068606606,0.0008611111111111125,4.445496632996586e-06,0.0021840747258445236,0.21159815570270388,-0.1578863466887652,-0.02631257244315083,0.12035183022230984,-0.12205860084985903,0.018924422686243052,0.31524664762459625,-0.22825948390728884,-0.11472764374265122,0.06413340573689708,0.06351377345167078,0.17716466321406438,0.06179092131519455,0.08620239488350728,0.7766808173547842,13.035544,12.689912,13.417614,0.72770214,2.1080315,2.0795949,2.4338894,0.35429454,5.3480334,5.3031354,5.4100575,0.10692215,16.619500000000006,66.761,2.580888888888889,74.19111111111111,5.619555555555556,29.755555555555546,12.2,LOW,85.5,0.086,0.045,0.17,0.222,predicted value approaching the safety limit (contribution 0.22); high physics-normalised drift rate (contribution 0.17); abnormal multi-parameter pattern (ensemble anomaly score) (contribution 0.09).
IC0014,LOT2026A,110.83,0.47098301636856343,0,11.901,13.78,1.8789999999999996,15.78858919418536,0.011333333333333336,3.8694234006734e-05,0.024063146524299594,1.724,2.012,0.28800000000000003,16.705336426914155,0.0015638888888888903,9.7327441077454e-07,0.0033204783071521275,4.928,5.111,0.18299999999999983,3.7134740259740227,0.0010388888888888917,-9.732744107743221e-07,0.002205788431394135,0.5988703319812682,-0.10168066653207396,-0.16385519665999745,-0.2263570846565279,-0.05938957317758971,-0.12645705517957645,-0.9839890468908673,-0.04496454074459749,-0.10420434513989967,0.07369449695748988,0.06199136415170484,0.24441170018307679,0.05662788916451725,0.10176700659192585,0.6151643722615427,13.7180605,12.768924,14.951314,2.1823902,2.0325527,2.0104725,2.2240076,0.21353507,5.0911446,5.0206347,5.130695,0.110060215,17.567666666666668,64.86466666666666,2.505944444444445,74.94055555555555,5.447444444444446,31.90694444444443,12.7,LOW,72.4,0.102,0.218,0.139,0.076,significant deviation from lot population (contribution 0.22); high physics-normalised drift rate (contribution 0.14); abnormal multi-parameter pattern (ensemble anomaly score) (contribution 0.10).
IC0015,LOT2026A,109.73,0.44320909822028426,0,10.544,12.022,1.4779999999999998,14.017450682852806,0.00979861111111113,-3.340698653198644e-05,0.022108325732611685,1.814,2.067,0.2530000000000001,13.947078280044106,0.001391666666666673,-1.0548190235690361e-05,0.003139977658976182,5.055,5.21,0.15500000000000025,3.066271018793279,0.000955555555555559,-7.9966329966331e-06,0.0021559926440874364,-0.24269269137808447,-0.2434781016305766,-0.24950609497873633,-0.0071732878940441135,-0.1847276285221233,-0.1878153428396706,-0.4343124069035546,-0.13088404535210774,-0.12833730290660725,0.03188538390389307,0.03718575793027315,0.11563668695743823,0.04921199242394284,0.052824748000523586,0.8647936875437796,12.167313,11.673953,12.561075,0.88712215,2.0666761,2.046881,2.311837,0.264956,5.2042418,5.136513,5.2497425,0.113229275,15.443305555555565,69.11338888888886,2.5098333333333365,74.90166666666663,5.532777777777779,30.840277777777757,8.8,LOW,90.6,0.053,0.076,0.12,0.138,predicted value approaching the safety limit (contribution 0.14); high physics-normalised drift rate (contribution 0.12); significant deviation from lot population (contribution 0.08).
IC0016,LOT2026A,111.21,0.4809378446020374,0,11.059,13.468,2.4090000000000007,21.783163034632434,0.014365277777777807,-4.263994107744175e-05,0.029869302112551926,1.681,1.889,0.20799999999999996,12.37358715050565,0.0012458333333333316,2.6567760942760815e-06,0.0025904248278989643,5.132,5.3,0.16800000000000015,3.273577552611071,0.0009555555555555637,1.8939393939393331e-06,0.0019868587308745876,0.4495144370505983,0.17844946995664743,0.09054277374565668,-0.716531757416263,-0.2908606592574227,-0.37462697501057807,0.06539362944854597,-0.13088404535210293,-0.21030611603820695,0.11563802404617467,0.04744906464754611,0.18073964544639745,0.04537337938832109,0.09766196380795263,0.7405270786699905,13.394229,12.970793,14.86153,1.8907375,1.9090061,1.905861,2.086868,0.18100703,5.293695,5.240233,5.346266,0.10603285,18.241638888888904,63.516722222222185,2.303916666666666,76.96083333333334,5.609777777777781,29.877777777777737,14.6,LOW,80.7,0.098,0.149,0.196,0.189,high physics-normalised drift rate (contribution 0.20); predicted value approaching the safety limit (contribution 0.19); significant deviation from lot population (contribution 0.15).
IC0017,LOT2026A,112.93,0.5284221746774352,1,11.557,19.452,7.895000000000001,68.31357618759193,0.047711111111111086,0.000250631313131313,0.09028975958519413,1.81,2.745,0.935,51.65745856353592,0.005716666666666667,2.577861952861948e-05,0.01081837012263214,5.11,5.765,0.6549999999999994,12.81800391389431,0.003911111111111116,1.8965698653198526e-05,0.00740148937447331,3.314083909054222,3.2593676774498412,2.737878264224302,2.6947651521962026,2.9628748258560074,2.42233048385486,2.647208150601069,2.9163943847276133,2.4138325854842515,0.6151827629950768,0.10838004661495794,0.3060126887745862,0.45453880539876534,0.3772113395974963,0.008898240591853956,19.480246,16.98956,19.480246,2.4906864,2.7743235,2.6995525,2.8462262,0.14667368,5.7717466,5.479656,5.7781205,0.2984643,35.41255555555554,29.174888888888916,4.668333333333333,53.31666666666667,7.065555555555559,11.680555555555516,55.6,MEDIUM,34.9,0.377,0.822,0.79,0.413,significant deviation from lot population (contribution 0.82); high physics-normalised drift rate (contribution 0.79); predicted value approaching the safety limit (contribution 0.41).
IC0018,LOT2026A,110.01,0.4501343713116268,0,11.836,14.279,2.4429999999999996,20.640419060493407,0.014179166666666684,2.209595959596097e-06,0.03149985331124711,1.791,2.103,0.3120000000000003,17.42043551088779,0.0016986111111111128,8.233375420875528e-06,0.0037735645606479778,5.236,5.386,0.15000000000000036,2.8647822765469892,0.000922222222222229,1.3941498316496198e-06,0.0020487709470729952,0.8377440229120517,0.1612541248858775,0.1619857292926713,0.1362924699868541,0.03865713140644361,0.02756231792391369,0.5428905086294445,-0.16525184719510863,-0.18030106983707084,0.16744299631019088,0.051040644585303045,0.27596486286935107,0.05521990706882139,0.13739320071835115,0.5353442009060831,14.255563,13.37063,14.980005,1.609375,2.1065035,2.046881,2.5107014,0.46382046,5.3780107,5.3425264,5.4100575,0.06753111,18.925583333333343,62.14883333333332,2.6403055555555563,73.59694444444443,5.697111111111115,28.78611111111107,17.8,LOW,68.5,0.137,0.18,0.212,0.222,predicted value approaching the safety limit (contribution 0.22); high physics-normalised drift rate (contribution 0.21); significant deviation from lot population (contribution 0.18).
IC0019,LOT2026A,105.55,0.3506736552161286,0,9.887,11.211,1.3239999999999998,13.391321937898248,0.007123611111111102,3.096064814814847e-05,0.020314075509095912,2.028,2.2,0.17200000000000015,8.48126232741618,0.001115277777777784,-3.866792929292784e-06,0.0031803865536759856,5.141,5.246,0.10500000000000043,2.042404201517223,0.0005527777777777893,4.7348484848508517e-07,0.001576331068945282,-0.630922277239538,-0.4906291061552116,-0.3281215589159846,0.5228529842770515,-0.3858749915347274,-0.1740789900338893,-0.23442999236271142,-0.5461616509550686,-0.4092636436375828,0.05838017743414876,0.06549729456303507,0.12939602083992688,0.20424146670033339,0.09659767464389797,0.7241448352717941,11.272302,11.019024,11.820675,0.801651,2.2090087,2.1800623,2.5742762,0.3942139,5.240519,5.200721,5.3225603,0.12183952,13.448805555555552,73.1023888888889,2.585638888888892,74.14361111111107,5.417388888888895,32.28263888888881,12.0,LOW,82.0,0.097,0.127,0.102,0.176,predicted value approaching the safety limit (contribution 0.18); significant deviation from lot population (contribution 0.13); high physics-normalised drift rate (contribution 0.10).
IC0020,LOT2026A,109.46,0.4366226958810117,0,9.896,10.975,1.0789999999999988,10.903395311236851,0.006430555555555569,3.4301346801346716e-05,0.014727946156303386,1.672,1.977,0.30500000000000016,18.241626794258384,0.0017138888888888891,-3.8141835016835713e-06,0.003925331653753422,5.131,5.26,0.12899999999999956,2.5141297992593947,0.0007749999999999946,-3.1565656565656214e-06,0.0017749878952952947,-0.7438966080204298,-0.5546625180232219,-0.5728790319415437,-0.3658376825962896,0.04977582986442574,0.07915309640700798,-0.15669794226349928,-0.3170429720017238,-0.3129868889224686,0.09431370660060749,0.1141475476277774,0.13341777342124667,0.09529259282100164,0.10823150520594542,0.9628872753121063,11.076294,10.933112,11.820675,0.88756275,1.9814029,1.9792901,2.2673702,0.2880801,5.2639093,5.2231555,5.307619,0.0844636,13.111277777777785,73.77744444444443,2.5289444444444444,74.71055555555554,5.518499999999998,31.01875000000003,11.8,LOW,96.5,0.108,0.156,0.047,0.169,predicted value approaching the safety limit (contribution 0.17); significant deviation from lot population (contribution 0.16); abnormal multi-parameter pattern (ensemble anomaly score) (contribution 0.11).
IC0021,LOT2026A,108.87,0.4225376949052926,0,9.572,10.967,1.3950000000000014,14.573756790639381,0.00779444444444445,1.386258417508408e-05,0.01844674342295424,1.695,1.859,0.16399999999999992,9.675516224188787,0.0010277777777777783,3.630050505050517e-06,0.0024323931099405082,5.056,5.116,0.05999999999999961,1.186708860759486,0.00044999999999999495,2.946127946127888e-06,0.001064993740027994,-0.747726246351985,-0.42864886981803607,-0.40993912056537674,-0.8360865556503448,-0.44955480997590774,-0.4283473117955295,-0.9562276004268623,-0.6521290399710159,-0.6570774212830256,0.11120303827645969,0.13192406297065076,0.19100775270935633,0.0652436837001219,0.12648638538484566,0.8000985925963833,10.976922,10.61646,11.674072,1.0576124,1.8750275,1.8721895,2.0607746,0.18858504,5.122488,5.1188707,5.245797,0.12692642,13.469222222222225,73.06155555555554,2.208888888888889,77.91111111111111,5.280999999999998,33.987500000000026,13.7,LOW,86.4,0.126,0.211,0.084,0.136,significant deviation from lot population (contribution 0.21); predicted value approaching the safety limit (contribution 0.14); abnormal multi-parameter pattern (ensemble anomaly score) (contribution 0.13).
IC0022,LOT2026A,109.56,0.4390516950127132,0,9.91,10.915,1.004999999999999,10.141271442986872,0.006799999999999986,5.3503787878788435e-05,0.015487925629812419,1.828,2.083,0.2550000000000001,13.94967177242889,0.0015388888888888917,-3.0250420875421084e-06,0.0035050289211258634,5.278,5.419,0.14100000000000001,2.6714664645699133,0.0008722222222222239,3.5774410774411115e-06,0.0019866048397716987,-0.7726188955070974,-0.5205284748230414,-0.5395803659530128,0.056589271164132864,-0.0775838070179247,-0.06372204688747574,0.7261160552918787,-0.21680354995962045,-0.2104291614521819,0.0834098060779001,0.11456410616693383,0.1834341118389865,0.08287846570865885,0.11268125620144132,0.8237077684989454,11.111883,10.921843,11.977887,1.0560446,2.0882404,2.0771425,2.4378579,0.3607154,5.406088,5.3550706,5.435431,0.08036041,13.309999999999993,73.38000000000001,2.597444444444446,74.02555555555554,5.714111111111111,28.57361111111111,13.6,LOW,87.5,0.113,0.163,0.055,0.235,predicted value approaching the safety limit (contribution 0.23); significant deviation from lot population (contribution 0.16); abnormal multi-parameter pattern (ensemble anomaly score) (contribution 0.11).
IC0023,LOT2026A,107.47,0.39074815995527057,0,10.411,12.391,1.9800000000000004,19.01834598021324,0.011343055555555563,1.2652567340067858e-05,0.029029069661784247,1.705,1.95,0.24499999999999988,14.369501466275652,0.0014277777777777772,8.101851851852003e-06,0.0036539590562402564,5.134,5.253,0.11899999999999977,2.317880794701982,0.0007375000000000016,-4.4981060606059925e-06,0.0018874049210735224,-0.06605062333508044,-0.10078240223733187,0.05372780609705345,-0.4734370010069637,-0.15844706853053184,-0.013095646572845624,-0.19556396731310535,-0.3557067490750964,-0.2585052654338107,0.07817336563060924,0.07642148167217869,0.13942940245398447,0.09540224549595525,0.09248333978755702,0.910521929838606,12.475177,12.37401,14.4230175,2.0490074,1.9454851,1.9432001,2.1284747,0.1852746,5.2607346,5.220088,5.325442,0.10535383,16.08252777777778,67.83494444444443,2.4188888888888886,75.81111111111112,5.502750000000001,31.215624999999992,12.7,LOW,90.5,0.092,0.086,0.188,0.178,high physics-normalised drift rate (contribution 0.19); predicted value approaching the safety limit (contribution 0.18); abnormal multi-parameter pattern (ensemble anomaly score) (contribution 0.09).
IC0024,LOT2026A,109.53,0.4383217132706402,0,10.193,11.092,0.8990000000000009,8.819778279211231,0.005295833333333359,-1.1705597643097245e-05,0.01208206934084387,1.826,1.929,0.10299999999999998,5.640744797371302,0.0009361111111111082,-2.0254629629629604e-06,0.002135671318051063,5.022,5.144,0.12199999999999989,2.4293110314615665,0.0006833333333333364,3.893097643097554e-06,0.0015589766891411438,-0.6878881474214281,-0.6595027935666395,-0.6888087003021677,-0.5571253597708206,-0.516267000723809,-0.5292131050530934,-0.8007635002284281,-0.411554427069977,-0.41767424496618816,0.08708619503282307,0.035346945408984386,0.1480459337813512,0.06168195751077441,0.07994573226706979,0.8192475439666309,11.223689,10.938577,12.173448,1.2348709,1.9578984,1.9362156,2.1307378,0.19452214,5.1423664,5.1279397,5.2334056,0.10546589,12.84091666666668,74.31816666666664,2.294055555555554,77.05944444444445,5.363666666666669,32.95416666666664,9.6,LOW,87.1,0.08,0.171,0.021,0.13,significant deviation from lot population (contribution 0.17); predicted value approaching the safety limit (contribution 0.13); abnormal multi-parameter pattern (ensemble anomaly score) (contribution 0.08).
IC0025,LOT2026A,107.46,0.3905291089103052,0,10.318,12.209,1.891,18.327195192866835,0.011652777777777795,-4.997895622894249e-07,0.029838435885848776,1.676,1.912,0.236,14.081145584725538,0.001501388888888885,-5.760732323232439e-06,0.0038444993078191173,5.029,5.229,0.20000000000000018,3.976933784052499,0.0010472222222222298,-6.234217171717098e-06,0.0026815471582753406,-0.15317489537797155,-0.07216626827627538,0.08919036330676836,-0.624873078770134,-0.10487515777843365,0.05167544253596627,-0.3288189103403325,-0.03637259028384154,0.12636667068219964,0.13581615903078864,0.10841082535586614,0.15520307971190223,0.08421957656211786,0.123732455694234,0.9019782742556776,12.317838,12.155982,14.341278,2.185296,1.9278435,1.905861,2.1411088,0.23524773,5.225991,5.151209,5.2501297,0.09892082,16.144388888888898,67.7112222222222,2.4266944444444425,75.73305555555557,5.552611111111115,30.592361111111067,14.1,LOW,89.5,0.124,0.125,0.196,0.139,high physics-normalised drift rate (contribution 0.20); predicted value approaching the safety limit (contribution 0.14); significant deviation from lot population (contribution 0.12).
IC0026,LOT2026A,111.19,0.48040919449337494,0,10.895,13.011,2.1159999999999997,19.42175309775126,0.012461111111111124,-1.5283038720539097e-05,0.02593853584391164,1.727,1.992,0.2649999999999999,15.344528083381581,0.0016013888888888872,-2.604166666666638e-06,0.0033333851792276036,5.066,5.228,0.16199999999999992,3.197789182787207,0.0008555555555555609,1.6571969696971307e-06,0.0017808892197781602,0.2307463473604817,0.002517991657958982,-0.08168460557300383,-0.30606028347924913,-0.03209822241708786,-0.12206957193449057,-0.3343711996331355,-0.23398745088111883,-0.310126879628199,0.02257085620880252,0.00474007535229286,0.08773631655193362,0.01059250621759701,0.028457961521795014,0.8672619403549626,13.072245,12.614976,14.693284,2.078308,2.0142145,1.9928887,2.233467,0.24057841,5.2171893,5.1384306,5.2561817,0.11775112,17.12555555555556,65.74888888888887,2.527694444444444,74.72305555555556,5.4937777777777805,31.327777777777744,8.1,LOW,87.7,0.028,0.05,0.158,0.142,high physics-normalised drift rate (contribution 0.16); predicted value approaching the safety limit (contribution 0.14).
IC0027,LOT2026A,108.45,0.41276329846110593,0,10.134,11.603,1.4689999999999994,14.495756858101435,0.00866805555555557,2.1911826599326792e-05,0.02100006368752368,1.766,1.946,0.17999999999999994,10.1925254813137,0.0009736111111111074,-1.8150252525251885e-06,0.0023587637630113796,5.037,5.141,0.10400000000000009,2.0647210641254734,0.0006458333333333352,3.209175084175254e-06,0.0015646578456494989,-0.4432699989933116,-0.3479334067619637,-0.2980648376205043,-0.4893776407715079,-0.48897564996330556,-0.4533764221879675,-0.817420368106832,-0.45021820414335817,-0.4149209375581186,0.021419947119318754,0.04394392866565354,0.11446203277086275,0.013339811489459006,0.04557353836904903,0.8300548896041937,11.611617,11.023239,12.223361,1.2001219,1.9567829,1.9346311,2.1362696,0.20163846,5.1442714,5.123727,5.245797,0.12207031,14.468027777777785,71.06394444444443,2.252805555555554,77.47194444444446,5.359916666666668,33.00104166666665,10.2,LOW,87.8,0.046,0.175,0.109,0.136,significant deviation from lot population (contribution 0.17); predicted value approaching the safety limit (contribution 0.14); high physics-normalised drift rate (contribution 0.11).
IC0028,LOT2026A,107.57,0.39294480287222966,0,9.099,10.411,1.3119999999999994,14.419166941422127,0.008402777777777783,4.997895622895658e-06,0.021384117352762237,1.947,2.122,0.17499999999999982,8.98818695428864,0.001152777777777779,9.732744107744146e-06,0.002933688826907879,5.218,5.354,0.13600000000000012,2.606362591031049,0.0009194444444444502,4.208754208756259e-07,0.0023398819318229225,-1.013886110395103,-0.37244318966134393,-0.281237442715479,0.21201050886843792,-0.35858364077422694,-0.257939908191778,0.3652172512598083,-0.16811583068202676,-0.03921746657713038,0.06628592092203037,0.13134539936387649,0.16903182057128197,0.12657805959305957,0.1153967651850889,0.8468757194865829,10.604672,10.3993845,11.331482,0.93209743,2.1826375,2.1231892,2.5584702,0.43528104,5.3512483,5.3088584,5.4054976,0.09663916,13.300388888888893,73.39922222222222,2.5233888888888893,74.76611111111112,5.677722222222225,29.02847222222219,15.8,LOW,89.0,0.115,0.226,0.113,0.22,significant deviation from lot population (contribution 0.23); predicted value approaching the safety limit (contribution 0.22); abnormal multi-parameter pattern (ensemble anomaly score) (contribution 0.12).
IC0029,LOT2026A,110.51,0.46274512647032634,0,9.49,10.9,1.4100000000000001,14.857744994731299,0.009298611111111127,3.327546296296282e-05,0.020094454980083734,1.818,2.049,0.23099999999999987,12.706270627062699,0.00145,-5.366161616161467e-06,0.003133474383750169,5.1,5.209,0.10899999999999999,2.1372549019607843,0.0007361111111111163,-8.680555555555654e-07,0.0015907484898348672,-0.7797994673787636,-0.28967455107443335,-0.33774428017980307,-0.0789061668344941,-0.14227441622801054,-0.1900260264914075,-0.4398646961963576,-0.35713874081855124,-0.40227640579575025,0.01631285951736107,0.05447379170898211,0.0644899077514814,0.04155240304269886,0.04118248035047212,0.951580846970332,11.0466585,10.668907,11.64666,0.9777527,2.0668597,2.0422235,2.3528664,0.31064296,5.202623,5.1763706,5.2535152,0.07714462,14.139305555555563,71.72138888888887,2.543,74.57000000000001,5.468055555555558,31.64930555555553,9.8,LOW,95.5,0.041,0.165,0.1,0.14,significant deviation from lot population (contribution 0.17); predicted value approaching the safety limit (contribution 0.14); high physics-normalised drift rate (contribution 0.10).
IC0030,LOT2026A,108.88,0.4227729530734688,0,9.743,11.237,1.4939999999999998,15.334086010469052,0.008838888888888898,3.30124158249156e-05,0.020906940296516296,1.88,2.076,0.19600000000000017,10.425531914893627,0.0012041666666666678,1.367845117845129e-06,0.0028482585224826567,5.148,5.289,0.14100000000000001,2.7389277389277393,0.0007888888888888828,-2.7093855218855087e-06,0.0018659871289159573,-0.6184759526619822,-0.33214961986864655,-0.30214505925932905,0.028693151576179993,-0.3211843823246474,-0.2869805639832332,0.004318447227732912,-0.3027230545671393,-0.2688851530016313,0.006606353315827916,0.03480295714447488,0.06856636454241599,0.015057118922133112,0.0287249515506854,0.9191796453193664,11.333836,11.019024,11.820675,0.801651,2.1301954,2.0787206,2.436211,0.35749054,5.2705903,5.232766,5.3262825,0.09351635,14.16244444444445,71.67511111111111,2.4820833333333336,75.17916666666666,5.542444444444441,30.719444444444488,9.3,LOW,93.9,0.029,0.123,0.108,0.178,predicted value approaching the safety limit (contribution 0.18); significant deviation from lot population (contribution 0.12); high physics-normalised drift rate (contribution 0.11).
IC0031,LOT2026A,109.4,0.4351711456331991,0,10.099,11.97,1.8710000000000004,18.52658679077137,0.009737500000000003,1.5256734006723611e-06,0.0223762537974143,1.756,1.982,0.22599999999999998,12.870159453302959,0.0014138888888888858,5.260942760943958e-07,0.003249040987843061,5.019,5.167,0.1479999999999997,2.9487945805937374,0.0008083333333333315,5.471380471380428e-06,0.001857506733717742,-0.267585340533196,-0.2491243343403827,-0.2377667685234809,-0.34591188289060976,-0.16855497621960927,-0.15074102109397605,-0.6730608464940039,-0.28267517015871574,-0.27299507936755074,0.007853484633762998,0.04778520726338263,0.0587781190438221,0.0393233555518959,0.034738408942380644,0.9464761989576156,11.871865,11.226035,12.248431,1.0223961,2.0180085,1.9801643,2.2571292,0.2769649,5.168933,5.133978,5.236072,0.10209417,14.967750000000002,70.0645,2.462944444444443,75.37055555555557,5.423166666666666,32.210416666666674,9.2,LOW,95.1,0.035,0.138,0.123,0.131,significant deviation from lot population (contribution 0.14); predicted value approaching the safety limit (contribution 0.13); high physics-normalised drift rate (contribution 0.12).
IC0032,LOT2026A,112.63,0.5198462881922439,0,10.373,12.067,1.6940000000000008,16.330858960763532,0.010309722222222255,-6.050084175079156e-07,0.019832251295039786,1.79,2.096,0.30600000000000005,17.09497206703911,0.0017305555555555555,6.786616161616059e-06,0.0033289754969176204,5.13,5.287,0.15700000000000003,3.0604288499025345,0.0008597222222222236,1.7098063973061782e-06,0.00165380082872553,-0.22115097576308398,-0.1962550644212997,-0.349232791690419,0.10839635039890122,0.061905319091316205,-0.12356857240013895,-0.006786131357868118,-0.22969147565074732,-0.3717188121951405,0.023216954545744514,0.027205465039772073,0.028826454798090203,0.0706477188525694,0.032650022390445656,0.9447714056398443,12.086949,11.472836,12.589955,1.1171198,2.14222,2.0948699,2.4943433,0.39947343,5.2781196,5.2317767,5.309774,0.07799721,15.527861111111127,68.94427777777774,2.6552777777777776,73.44722222222222,5.559861111111112,30.5017361111111,7.1,LOW,94.5,0.033,0.021,0.098,0.17,predicted value approaching the safety limit (contribution 0.17); high physics-normalised drift rate (contribution 0.10).
IC0033,LOT2026A,109.12,0.42845486985048586,1,9.926,18.557,8.630999999999998,86.95345557122707,0.05083333333333328,0.00023879419191919206,0.11864337859217738,1.808,2.969,1.1609999999999998,64.2146017699115,0.006877777777777776,3.143413299663298e-05,0.01605251395596893,5.022,5.758,0.7359999999999998,14.655515730784543,0.004422222222222219,2.506839225589209e-05,0.010321325613046254,2.8856431207114324,3.547838839532587,3.980198250210568,3.5874409790106787,3.807895908662725,4.201593363105763,2.608342125551463,3.443367346320338,3.8288977635320376,0.6587350925650022,0.4193300051827164,0.306026014328997,0.7742291403191526,0.533695857866238,0.014626759904690645,18.453934,15.946964,18.586706,2.639742,2.9618192,2.7827342,3.0626035,0.27986932,5.7532215,5.4404864,5.7616706,0.32118416,35.34266666666664,29.31466666666672,5.246888888888888,47.531111111111116,7.23311111111111,9.586111111111128,67.3,HIGH,34.4,0.534,0.893,1.0,0.405,high physics-normalised drift rate (contribution 1.00); significant deviation from lot population (contribution 0.89); abnormal multi-parameter pattern (ensemble anomaly score) (contribution 0.53).
IC0034,LOT2026A,109.53,0.4383217132706402,0,10.961,12.576,1.6150000000000002,14.734057111577412,0.009531944444444461,1.570391414141438e-05,0.02174645735279602,1.722,1.92,0.19799999999999995,11.498257839721251,0.0012541666666666695,7.365319865319246e-07,0.002861292581899288,5.077,5.189,0.1120000000000001,2.2060271814063444,0.0006722222222222249,6.707702020202114e-06,0.0015336274746835634,0.022509763082144092,-0.26811620800063357,-0.26536143677587165,-0.5929917992410455,-0.2847959146439741,-0.2825498454503842,-0.5509104820523778,-0.42301036101764555,-0.42995945130615715,0.049013261570540256,0.033798939169664595,0.15899238926568482,0.005682269108815247,0.059945141520047714,0.7275198940008012,12.740418,12.44472,13.381574,0.9368534,1.9445335,1.9214971,2.0871048,0.16560769,5.182996,5.1425376,5.2535152,0.11097765,15.72697222222223,68.54605555555554,2.3490833333333345,76.50916666666664,5.413111111111112,32.3361111111111,9.9,LOW,82.5,0.06,0.117,0.116,0.14,predicted value approaching the safety limit (contribution 0.14); significant deviation from lot population (contribution 0.12); high physics-normalised drift rate (contribution 0.12).
IC0035,LOT2026A,109.52,0.43807863043280776,0,9.841,11.342,1.5010000000000012,15.252514988314209,0.008416666666666675,1.5309343434343e-05,0.019212684851464396,1.796,2.056,0.26,14.476614699331849,0.0014027777777777758,-1.2889309764309333e-06,0.0032021141419107248,5.068,5.21,0.14200000000000035,2.801894238358334,0.0008430555555555582,-1.1574074074073451e-06,0.0019244388951879393,-0.5682119495603142,-0.37115995495456994,-0.37637923022126646,-0.05101004724654123,-0.1766413023708689,-0.1666930464234947,-0.4343124069035546,-0.24687537657224828,-0.240557174208103,0.0,0.03195380348598249,0.03694918527889333,0.007057378144230025,0.018034584823207914,0.964308278007082,11.30444,10.966577,11.820675,0.8540983,2.0544672,2.0460067,2.4003217,0.35431504,5.2080765,5.1377974,5.2561817,0.11838436,14.049333333333337,71.90133333333333,2.4973888888888878,75.02611111111112,5.489527777777779,31.380902777777763,7.6,LOW,96.4,0.018,0.11,0.091,0.142,predicted value approaching the safety limit (contribution 0.14); significant deviation from lot population (contribution 0.11); high physics-normalised drift rate (contribution 0.09).
IC0036,LOT2026A,110.5,0.46248980799775374,0,8.386,9.963,1.577,18.805151442880994,0.008773611111111116,-3.1828703703704676e-06,0.018970388015888403,1.812,2.046,0.23399999999999976,12.913907284768197,0.0012763888888888879,-2.1569865319866195e-06,0.002759820577267915,4.85,4.944,0.0940000000000003,1.9381443298969137,0.0004611111111111211,4.235058922558826e-06,0.000997018968066342,-1.2283458569622192,-0.3381808229904838,-0.38699551879110117,-0.09086164665790272,-0.26862326234145595,-0.3170436188109606,-1.9112213587886544,-0.6406731060233322,-0.6900206156711068,0.1422791468808923,0.24969989742768148,0.26374060713980757,0.17859706644786763,0.2042453520317584,0.7728199647045813,10.008302,10.008302,11.281222,1.2729206,2.0542686,2.0422235,2.3459089,0.30368543,4.9401164,4.9317875,5.048745,0.116957664,12.772805555555557,74.45438888888889,2.450194444444444,75.49805555555557,5.08055555555556,36.4930555555555,19.8,LOW,83.9,0.204,0.458,0.089,0.034,significant deviation from lot population (contribution 0.46); abnormal multi-parameter pattern (ensemble anomaly score) (contribution 0.20); high physics-normalised drift rate (contribution 0.09).
IC0037,LOT2026A,110.33,0.45816886624374475,0,10.699,12.299,1.5999999999999996,14.954668660622486,0.009256944444444457,1.7334806397305556e-05,0.020204219724348934,1.697,1.91,0.21299999999999986,12.551561579257504,0.0012402777777777735,-1.3152356902358453e-06,0.0027070319900740457,4.994,5.183,0.18900000000000006,3.784541449739689,0.0011694444444444445,-3.919402356902192e-06,0.0025524310589500046,-0.11009146414797061,-0.2935242551947551,-0.3329349140271527,-0.6328433986524061,-0.29490382233305484,-0.33498824865547017,-0.5842242178091858,0.08964268314050006,0.06379203253402056,0.0669408671143195,0.042095047922106,0.12753430496656468,0.03105372080729105,0.06622273698105022,0.8438781051037254,12.423924,12.1469755,13.107048,0.9600725,1.9219128,1.9049869,2.066194,0.1612072,5.1842117,5.091351,5.2187076,0.12735653,15.327472222222228,69.34505555555555,2.317138888888887,76.82861111111113,5.578722222222222,30.265972222222224,9.7,LOW,89.3,0.066,0.127,0.101,0.122,significant deviation from lot population (contribution 0.13); predicted value approaching the safety limit (contribution 0.12); high physics-normalised drift rate (contribution 0.10).
IC0038,LOT2026A,110.2,0.4548893204119686,0,10.85,12.418,1.5679999999999996,14.451612903225802,0.009629166666666656,3.911510942761028e-05,0.02116815285517374,1.806,2.001,0.19499999999999984,10.797342192691021,0.0010583333333333354,2.130681818181801e-06,0.0023265732692402193,5.047,5.194,0.14700000000000024,2.912621359223306,0.0008722222222222275,1.7098063973065928e-06,0.001917438337379086,-0.0531255939660805,-0.2591335650532196,-0.2906999741669877,-0.270193844009025,-0.42731741305994037,-0.46431906198838535,-0.5231490355883728,-0.21680354995961676,-0.24394991433898797,0.007362706993880296,0.0019521033875553135,0.09516517037558159,0.0,0.022195612539241016,0.8292805238879458,12.58013,12.358578,13.26503,0.9064522,2.0471845,2.0039794,2.2363946,0.2324152,5.197305,5.136513,5.2484636,0.1119504,15.664583333333328,68.67083333333335,2.3351666666666677,76.64833333333331,5.483111111111113,31.461111111111084,7.8,LOW,88.5,0.022,0.099,0.111,0.138,predicted value approaching the safety limit (contribution 0.14); high physics-normalised drift rate (contribution 0.11); significant deviation from lot population (contribution 0.10).
IC0039,LOT2026A,106.84,0.3771633184450973,0,10.152,11.365,1.213000000000001,11.948384554767543,0.007122222222222208,-2.3910984848484983e-05,0.01888365563115855,1.566,1.755,0.18899999999999983,12.068965517241368,0.001173611111111116,-1.4204545454546112e-06,0.0031116788237771204,5.129,5.219,0.09000000000000075,1.7547280171573552,0.0005222222222222294,-1.0784932659931687e-06,0.0013846050150771699,-0.5572017393570918,-0.4907574296258895,-0.3907957170993173,-1.250543189528495,-0.343421779240611,-0.19743507599928276,-0.3843418032683426,-0.5776654693111605,-0.5021814788809313,0.1056309062622334,0.13834898131303341,0.26492481372936283,0.14031914180539992,0.15250834560237425,0.7127840068313864,11.422378,10.970792,12.260077,1.2892857,1.8030256,1.7765611,2.0702353,0.2936741,5.230018,5.197435,5.3055615,0.10812664,13.713111111111104,72.57377777777779,2.152805555555558,78.47194444444442,5.390111111111114,32.623611111111074,17.0,LOW,80.3,0.153,0.287,0.088,0.167,significant deviation from lot population (contribution 0.29); predicted value approaching the safety limit (contribution 0.17); abnormal multi-parameter pattern (ensemble anomaly score) (contribution 0.15).
IC0040,LOT2026A,108.14,0.4056807748514764,0,10.248,11.462,1.2140000000000004,11.846213895394229,0.00747222222222224,-6.97074915824917e-06,0.01841897049461585,1.807,1.936,0.129,7.13890426120642,0.0007250000000000002,-1.0285143097643134e-05,0.0017871194420426492,5.318,5.412,0.0940000000000003,1.7675817976683024,0.0006013888888889001,-3.6826599326559435e-07,0.0014824190007748687,-0.5107673745869798,-0.4584199150151869,-0.4111559974633715,-0.5292292401828685,-0.6699071975977556,-0.647697700475393,0.6872500302422727,-0.49604193993402096,-0.45477705144820435,0.10991111025579291,0.07955007967946479,0.2813235602982474,0.0749597716794871,0.1298425903049395,0.5794269209608952,11.513481,11.398323,12.202138,0.8038149,1.9465551,1.9327312,2.12242,0.18968892,5.40697,5.3496146,5.428696,0.079081535,13.984111111111119,72.03177777777776,2.1695,78.305,5.61869444444445,29.766319444444377,14.3,LOW,73.9,0.13,0.141,0.084,0.232,predicted value approaching the safety limit (contribution 0.23); significant deviation from lot population (contribution 0.14); abnormal multi-parameter pattern (ensemble anomaly score) (contribution 0.13).
IC0041,LOT2026A,111.98,0.5016957796335964,0,12.013,13.592,1.5790000000000006,13.144093898276871,0.009266666666666677,1.6835016835024878e-06,0.01847068889723251,1.739,1.937,0.19799999999999995,11.385853939045425,0.0011972222222222239,5.550294612794684e-06,0.0023863509936172707,5.221,5.364,0.1429999999999998,2.738938900593752,0.0009111111111111119,-2.0780723905720704e-06,0.0018160629371379684,0.5088738311897111,-0.2926259909000136,-0.40888994439980547,-0.5252440802417321,-0.32623833616918485,-0.4439985875465559,0.4207401441878184,-0.17670778114278296,-0.2930803405241136,0.08418575421292376,0.07941760880961533,0.30603102161892515,0.055238351885781696,0.12278225372406021,0.4856579844124963,13.563832,12.47149,13.616206,1.1447163,1.9566855,1.9333658,2.1215687,0.18820286,5.3628244,5.2994547,5.3889375,0.089482784,16.646333333333338,66.70733333333332,2.337611111111112,76.62388888888889,5.676555555555556,29.043055555555554,12.8,LOW,67.4,0.123,0.099,0.084,0.211,predicted value approaching the safety limit (contribution 0.21); abnormal multi-parameter pattern (ensemble anomaly score) (contribution 0.12); significant deviation from lot population (contribution 0.10).
IC0042,LOT2026A,110.9,0.47280266050218905,1,10.782,19.593,8.811,81.71953255425709,0.052468055555555546,0.0003601378367003364,0.11097242029016167,1.735,2.795,1.0599999999999998,61.095100864553295,0.006416666666666664,4.263994107744103e-05,0.01357155363688347,5.167,5.987,0.8200000000000003,15.869943874588744,0.0047986111111111155,3.0697601010100914e-05,0.010149289570439923,3.381581284647889,3.6988755645198665,3.6440935431566186,2.894023149253005,3.472313373385415,3.358230868455112,3.8798163736029214,3.8314371087976036,3.7455224666419813,0.69338523991835,0.29769759222398795,0.4291754605088801,0.5589037600515346,0.5016647677481251,0.23058820022078041,19.58553,16.988298,19.927101,2.9388027,2.7924643,2.7571416,2.9138064,0.15666485,5.9829698,5.452752,5.985942,0.5331898,37.01602777777777,25.967944444444456,4.9433333333333325,50.56666666666667,7.566305555555557,5.421180555555538,69.7,HIGH,46.4,0.502,0.968,0.994,0.522,high physics-normalised drift rate (contribution 0.99); significant deviation from lot population (contribution 0.97); predicted value approaching the safety limit (contribution 0.52).
IC0043,LOT2026A,109.63,0.44075926993467796,0,9.235,10.73,1.495000000000001,16.188413643746628,0.008593055555555559,-7.339015151515299e-06,0.01949602910638517,1.703,1.978,0.2749999999999999,16.147974163241333,0.0018291666666666593,1.8413299663298955e-06,0.004150035612269137,5.092,5.263,0.17100000000000026,3.358208955223886,0.0011097222222222374,2.1306818181816154e-06,0.002517751294003872,-0.861179281924321,-0.35486287417854323,-0.3639644400417211,-0.361852522655154,0.1336714636837475,0.15553758734539858,-0.14004107438509528,0.028067038171799504,0.04698488180760199,0.09610641219316268,0.1558848208871158,0.10545508338530066,0.10316775631506572,0.11696887065806166,0.9196222413516155,10.81135,10.370478,11.401794,1.0313168,2.0079613,1.9792901,2.2833161,0.304026,5.2610064,5.1749034,5.3284836,0.15358019,13.531527777777779,72.93694444444444,2.6175833333333296,73.8241666666667,5.646861111111118,29.414236111111023,13.9,LOW,93.3,0.117,0.186,0.094,0.179,significant deviation from lot population (contribution 0.19); predicted value approaching the safety limit (contribution 0.18); abnormal multi-parameter pattern (ensemble anomaly score) (contribution 0.12).
IC0044,LOT2026A,111.05,0.4767233502617416,0,10.281,12.283,2.001999999999999,19.472813928606154,0.010381944444444444,7.891414141414258e-06,0.021777713297962666,1.777,2.069,0.29200000000000004,16.432189082723696,0.001555555555555554,-2.1832912457912535e-06,0.003263015236617814,5.197,5.42,0.22299999999999986,4.290937079084085,0.0012611111111111193,4.471801346805073e-07,0.002645373066829462,-0.1177507408110819,-0.18958224394607906,-0.26399195073771003,0.0007970319882271237,-0.06545431779103723,-0.14599070033435632,0.7316683445846818,0.18415413820877038,0.10883531173941273,0.07231573607966199,0.03483901201216102,0.08883192934414638,0.10235422076327026,0.0688817302148498,0.9111059607779814,12.216196,11.931746,13.199912,1.2681665,2.07604,2.046881,2.3817756,0.33489466,5.4131203,5.332085,5.4671016,0.13501644,15.471972222222222,69.05605555555556,2.554777777777777,74.45222222222223,5.82755555555556,27.155555555555498,13.2,LOW,92.1,0.069,0.153,0.117,0.252,predicted value approaching the safety limit (contribution 0.25); significant deviation from lot population (contribution 0.15); high physics-normalised drift rate (contribution 0.12).
IC0045,LOT2026A,108.02,0.4029688488774823,0,10.863,11.843,0.9800000000000004,9.021448955168927,0.0056583333333333425,2.8435395622896322e-05,0.01404161475284083,1.728,1.828,0.10000000000000009,5.787037037037042,0.0005944444444444459,-5.050505050505015e-06,0.0014751622764398332,5.159,5.232,0.0730000000000004,1.4150029075402286,0.00028055555555556584,5.260942760938535e-07,0.0006962214482263002,-0.32838084904664216,-0.6260103677198451,-0.6029507917166023,-0.9596265138255623,-0.764921529875065,-0.7537425135999815,-0.3121620424619285,-0.8268320326729388,-0.8357986871758344,0.26412953663348504,0.04818769265091244,0.30919760154475384,0.07794640586516001,0.18043312680571827,0.4192765091570382,11.929995,11.801315,12.650082,0.8487663,1.8303926,1.8153286,2.0614722,0.24614358,5.2205772,5.196367,5.323777,0.12741041,13.69216666666667,72.61566666666666,2.025222222222223,79.74777777777777,5.299277777777783,33.75902777777772,15.8,LOW,63.9,0.18,0.212,0.041,0.177,significant deviation from lot population (contribution 0.21); abnormal multi-parameter pattern (ensemble anomaly score) (contribution 0.18); predicted value approaching the safety limit (contribution 0.18).
IC0046,LOT2026B,126.92,1.102871832434286,0,8.403,11.881,3.4779999999999998,41.38997976913007,0.02042777777777778,-4.419191919192591e-06,0.01852234972099077,1.985,2.533,0.5479999999999998,27.60705289672543,0.0032916666666666684,-7.944023569023522e-06,0.0029846320940133363,5.267,5.634,0.367,6.967913423201062,0.0021513888888888963,-4.997895622895509e-07,0.0019507152378171607,-0.41452835799942706,-0.19430478375737614,-0.28402628479742026,0.0985081484451104,-0.1746770228967426,-0.2721048384115208,-0.24959595423636374,-0.17069972565722386,-0.26726547362757386,0.15310746896405109,0.022874487674193464,0.14768591627958563,0.060699787772131746,0.09909211186141281,0.7399510644504854,11.827834,11.34473,12.466182,1.1214514,2.5388842,2.184093,2.5651307,0.3810377,5.6336164,5.5872126,5.674764,0.087551594,18.61688888888889,62.766222222222225,3.6308333333333342,63.691666666666656,6.342694444444448,20.716319444444398,14.3,LOW,82.2,0.099,0.071,0.085,0.36,predicted value approaching the safety limit (contribution 0.36); abnormal multi-parameter pattern (ensemble anomaly score) (contribution 0.10); high physics-normalised drift rate (contribution 0.09).
IC0047,LOT2026B,123.75,0.937763450464518,0,9.73,12.126,2.395999999999999,24.62487153134634,0.01409027777777778,3.0513468013467754e-05,0.015025407282399636,1.868,2.242,0.3739999999999999,20.021413276231257,0.0021680555555555546,3.6037457912457887e-06,0.00231194290466494,5.389,5.606,0.21699999999999964,4.026721098534044,0.0012138888888888976,9.995791245793813e-07,0.0012944510561673113,-0.3491504805254103,-0.495960382287724,-0.44626234925095487,-0.4396496337362507,-0.5323930052647433,-0.4816628303325743,-0.3275173869266086,-0.6295090493310791,-0.5808655081104539,0.13689457120456697,0.03325399663168731,0.10964366873786817,0.056853625929456295,0.0883460765480967,0.822707367630398,12.199513,11.439384,12.362337,0.92295265,2.2775173,2.1177118,2.2894936,0.17178178,5.6047106,5.535441,5.6406198,0.10517883,16.77513888888889,66.44972222222222,2.9520277777777775,70.47972222222224,5.995944444444449,25.05069444444439,12.9,LOW,88.2,0.088,0.077,0.05,0.342,predicted value approaching the safety limit (contribution 0.34); abnormal multi-parameter pattern (ensemble anomaly score) (contribution 0.09); significant deviation from lot population (contribution 0.08).
IC0048,LOT2026B,124.41,0.9701746121445793,0,7.831,11.525,3.694,47.1714978929894,0.02158611111111113,3.0171506734006806e-05,0.022249717567227247,1.845,2.528,0.683,37.018970189701896,0.004173611111111107,1.6256313131313276e-05,0.004301917468119789,5.365,5.819,0.45399999999999974,8.462255358807077,0.002697222222222223,-2.1569865319866496e-06,0.002780141006019514,-0.509526416696366,-0.1391698354395341,-0.11109993534693202,0.08926145115677105,0.10610128217578943,0.13825953514429187,0.2652420831813156,0.09642925834844007,0.12908093195460413,0.3335367340237487,0.10703508904255496,0.3059364219124649,0.12602385209979017,0.22893924581854005,0.4813691362937812,11.571236,11.071515,12.009396,0.9378805,2.5410385,2.2296844,2.6066115,0.37692714,5.814594,5.7005515,5.849246,0.14869452,18.624055555555564,62.75188888888887,3.9318055555555533,60.68194444444447,6.713611111111112,16.079861111111104,22.5,LOW,67.0,0.229,0.095,0.121,0.451,predicted value approaching the safety limit (contribution 0.45); abnormal multi-parameter pattern (ensemble anomaly score) (contribution 0.23); high physics-normalised drift rate (contribution 0.12).
IC0049,LOT2026B,122.77,0.8914381561744962,1,10.154,21.907,11.753,115.74748867441403,0.07158055555555556,0.0003640309343434346,0.08029783677056773,1.758,3.412,1.654,94.08418657565414,0.009981944444444444,5.426662457912465e-05,0.011197573690676204,5.266,6.443,1.1769999999999996,22.350930497531326,0.006927777777777773,3.29071969696971e-05,0.007771462024362442,2.2608944973250393,2.2404915550269124,2.581966528816479,1.7240775317352015,1.95525856062199,2.286413383694445,2.001776868849599,2.166848813771497,2.5142155884466795,0.8456704344780568,0.39375312842412385,0.7660235026701723,0.3795589882575181,0.6242491393672192,0.0,21.59258,16.070545,22.072374,6.001829,3.4124043,2.8201013,3.453265,0.6331637,6.4324026,5.7244086,6.4451847,0.7207761,45.944277777777785,8.11144444444443,6.748972222222222,32.51027777777778,8.729888888888887,-9.123611111111085,65.0,HIGH,22.8,0.624,0.549,0.692,0.761,predicted value approaching the safety limit (contribution 0.76); high physics-normalised drift rate (contribution 0.69); abnormal multi-parameter pattern (ensemble anomaly score) (contribution 0.62).
IC0050,LOT2026B,123.45,0.9233567296272778,0,10.75,13.39,2.6400000000000006,24.55813953488373,0.01629722222222222,-4.813762626262666e-06,0.01764997394755628,1.817,2.292,0.47499999999999987,26.141992294991738,0.002712499999999997,9.96948653198651e-06,0.0029376511947824596,5.29,5.564,0.274,5.179584120982987,0.0016819444444444514,2.156986531986473e-06,0.0018215543250801726,-0.011854002455379507,-0.390913100660566,-0.3244990162455367,-0.3471826608528556,-0.35906214607036085,-0.28674045773967516,-0.44439953596197335,-0.40044424625242897,-0.3289858414622627,0.13711170621604385,0.06740701883467004,0.049422392716048875,0.08228759824445481,0.09043882110589434,0.8693940762486858,13.415941,12.627333,14.313075,1.6857424,2.2792475,2.0401483,2.2996879,0.2595396,5.5569267,5.5002947,5.6436276,0.14333296,18.89861111111111,62.20277777777778,3.1732499999999986,68.26750000000001,6.130972222222225,23.362847222222182,13.6,LOW,88.7,0.09,0.078,0.076,0.343,predicted value approaching the safety limit (contribution 0.34); abnormal multi-parameter pattern (ensemble anomaly score) (contribution 0.09); significant deviation from lot population (contribution 0.08).
IC0051,LOT2026B,122.73,0.88959198462494,0,9.828,11.945,2.117000000000001,21.54049654049655,0.012948611111111124,3.088173400673415e-05,0.014555674213465822,1.877,2.216,0.3390000000000002,18.060735215769856,0.0021263888888888895,2.577861952861968e-06,0.002390296816562926,5.245,5.39,0.14499999999999957,2.764537654909429,0.0010374999999999978,3.945707070707081e-06,0.0011662650045542139,-0.3974500553123369,-0.550302021996675,-0.4680549997694477,-0.48773245963561596,-0.5456581220398232,-0.45725380355394263,-0.9286255819656306,-0.7158331739334247,-0.6421200323251244,0.12476588793434153,0.05615425370933212,0.07274520981383299,0.10947088294241598,0.09148401129394816,0.8986989996051135,11.946351,11.297026,12.147722,0.85069656,2.2118387,2.0636945,2.2306995,0.16700506,5.400568,5.3762035,5.4628043,0.08660078,16.302305555555563,67.39538888888887,2.9401944444444448,70.59805555555555,5.763749999999999,27.95312500000001,13.6,LOW,93.0,0.091,0.204,0.046,0.249,predicted value approaching the safety limit (contribution 0.25); significant deviation from lot population (contribution 0.20); abnormal multi-parameter pattern (ensemble anomaly score) (contribution 0.09).
IC0052,LOT2026B,125.9,1.0470913370164816,0,9.098,12.016,2.9179999999999993,32.07298307320289,0.017213888888888886,-2.3542718855219073e-05,0.01643972047169934,1.863,2.317,0.4540000000000002,24.36929683306496,0.00264166666666667,-7.602062289562139e-06,0.002522861734482184,5.243,5.499,0.25599999999999934,4.882700743848929,0.0015263888888888818,2.8146043771043212e-06,0.0014577418749715583,-0.37850381326884636,-0.34728112717162685,-0.3806471411753098,-0.30094917441115726,-0.3816128445879954,-0.41595681463511025,-0.6252885761357541,-0.47657260810646823,-0.5028359464802389,0.12224927716890939,0.009438820831425181,0.05188686302046673,0.03697698604078031,0.061542813768756234,0.8199203171849854,11.938322,11.212711,12.213724,1.0010128,2.3343391,2.1235447,2.3364356,0.21289086,5.5061736,5.474362,5.6336155,0.1592536,17.704944444444443,64.59011111111111,3.183833333333335,68.16166666666665,6.006194444444441,24.922569444444488,13.0,LOW,87.6,0.062,0.125,0.064,0.338,predicted value approaching the safety limit (contribution 0.34); significant deviation from lot population (contribution 0.12); high physics-normalised drift rate (contribution 0.06).
IC0053,LOT2026B,125.59,1.0306499320494094,0,10.26,13.504,3.2439999999999998,31.617933723196877,0.01970277777777779,-1.1942340067339814e-05,0.0191168476949293,1.838,2.339,0.5009999999999999,27.257889009793246,0.0029569444444444426,3.9983164983164174e-06,0.0028690094982732573,5.253,5.632,0.37899999999999956,7.214924804873397,0.0022444444444444595,1.9991582491582693e-06,0.002177698144297613,0.018566724205999557,-0.2288137082440821,-0.256445329917235,-0.26026370634246365,-0.2812401276565558,-0.30812390838863885,-0.2551617708570973,-0.12515865204811144,-0.15880024073867405,0.11948345303951052,0.04673119436650965,0.0,0.0842756867124904,0.06847991988065515,0.8046152327408385,13.597584,12.418635,14.205726,1.7870903,2.325992,2.1343968,2.3462942,0.21189737,5.631037,5.571981,5.690169,0.118187904,20.111388888888897,59.77722222222221,3.316472222222221,66.83527777777779,6.37522222222223,20.309722222222128,12.5,LOW,84.7,0.068,0.031,0.091,0.368,predicted value approaching the safety limit (contribution 0.37); high physics-normalised drift rate (contribution 0.09); abnormal multi-parameter pattern (ensemble anomaly score) (contribution 0.07).
IC0054,LOT2026B,124.54,0.9766764940141072,0,8.959,12.116,3.157,35.23830784685791,0.01855694444444444,5.1557239057239254e-06,0.019000093232689596,1.869,2.322,0.45300000000000007,24.237560192616375,0.0028486111111111117,1.5019991582491744e-05,0.0029166373190813847,5.389,5.724,0.33499999999999996,6.216366672852105,0.0020277777777777785,5.155723905724055e-06,0.002076202089643502,-0.3518189653202681,-0.283353675105257,-0.2618620002782118,-0.29170247712281794,-0.31572943127176395,-0.2932867582661656,0.0008657936965614616,-0.2311945846305207,-0.20730077928610313,0.16952701325753047,0.05564629785331403,0.12616623906377836,0.0516857158234277,0.10901444918239969,0.7757671289538437,12.087113,11.212711,12.303846,1.091135,2.3467698,2.135067,2.3566265,0.22155952,5.709668,5.6153517,5.788598,0.17324638,18.23747222222222,63.52505555555557,3.293305555555556,67.06694444444445,6.4028888888888895,19.96388888888888,15.6,LOW,84.6,0.109,0.054,0.089,0.419,predicted value approaching the safety limit (contribution 0.42); abnormal multi-parameter pattern (ensemble anomaly score) (contribution 0.11); high physics-normalised drift rate (contribution 0.09).
IC0055,LOT2026B,124.71,0.9852382589441192,0,9.288,11.547,2.2590000000000003,24.321705426356594,0.01324305555555557,2.972432659932662e-06,0.013441475130846182,2.04,2.4,0.3599999999999999,17.647058823529406,0.002259722222222222,3.4196127946137525e-07,0.0022935794481265563,5.234,5.474,0.2400000000000002,4.5854031333588114,0.0013916666666666704,3.866792929293099e-06,0.0014125178899955842,-0.5036557501476787,-0.5362869032396217,-0.5197468069284972,-0.14745399942472137,-0.5032097483595663,-0.4873834649701561,-0.6948612838948985,-0.5425052072121874,-0.5244465168030996,0.136448489679667,0.02486663462916045,0.07452047109139792,0.04220821108827021,0.07645228765815171,0.8147568418377488,11.694243,11.245283,12.157884,0.9126005,2.383288,2.2431242,2.4226453,0.17952108,5.491882,5.450875,5.5977154,0.14684057,15.909527777777786,68.18094444444444,3.169861111111111,68.3013888888889,5.9298333333333355,25.877083333333307,13.0,LOW,87.6,0.076,0.143,0.035,0.32,predicted value approaching the safety limit (contribution 0.32); significant deviation from lot population (contribution 0.14); abnormal multi-parameter pattern (ensemble anomaly score) (contribution 0.08).
IC0056,LOT2026B,124.15,0.9572878589224102,0,8.843,11.6,2.7569999999999997,31.177202306909418,0.016155555555555555,-4.2140151515151994e-05,0.016876381962831297,2.004,2.418,0.41400000000000015,20.658682634730546,0.0026972222222222206,5.182028619528493e-06,0.002817566520961001,5.365,5.654,0.2889999999999997,5.386766076421242,0.0017513888888888878,4.655934343434438e-06,0.0018295321230338939,-0.48951278073493243,-0.39765622383612925,-0.36038880319471617,-0.1141658891866986,-0.3639260222212232,-0.32414956658962635,-0.19393778802904812,-0.36645837042473983,-0.3251735997106333,0.15396961008330787,0.03079022196624873,0.13092068930286338,0.06983396694074123,0.09978566302071623,0.7800469377677287,11.715572,11.0445595,12.041927,0.99736786,2.4066377,2.2248585,2.4231422,0.19828367,5.6557465,5.580574,5.686658,0.10608387,16.92077777777778,66.15844444444444,3.35261111111111,66.4738888888889,6.240694444444444,21.991319444444446,14.5,LOW,85.4,0.1,0.09,0.069,0.366,predicted value approaching the safety limit (contribution 0.37); abnormal multi-parameter pattern (ensemble anomaly score) (contribution 0.10); significant deviation from lot population (contribution 0.09).
IC0057,LOT2026B,126.8,1.0961732285724661,0,9.04,12.418,3.378,37.36725663716815,0.02038055555555554,5.8133417508416585e-06,0.018592458768671907,1.677,2.055,0.3780000000000001,22.540250447227198,0.002330555555555553,1.8413299663307503e-07,0.0021260832638565793,5.375,5.691,0.31599999999999984,5.879069767441857,0.0018916666666666721,-2.420033670034036e-06,0.0017257004799598765,-0.2712307245155615,-0.19655249148256476,-0.28077366735286347,-0.7854761123201491,-0.4806590498419305,-0.5395623383426494,-0.09097018054551227,-0.29780690125279674,-0.3747902141151647,0.1890995004496069,0.04936895794748832,0.11555257000838573,0.08837325587617254,0.11736201492471193,0.7672786803460053,12.156051,11.212711,12.892613,1.6799021,2.0785286,1.9221367,2.1236198,0.20148313,5.6894546,5.6125584,5.7278743,0.115315914,19.230277777777772,61.539444444444456,2.8422777777777766,71.57722222222223,6.320833333333336,20.989583333333293,17.5,LOW,82.8,0.117,0.167,0.085,0.387,predicted value approaching the safety limit (contribution 0.39); significant deviation from lot population (contribution 0.17); abnormal multi-parameter pattern (ensemble anomaly score) (contribution 0.12).
IC0058,LOT2026B,124.13,0.9563029961346382,0,9.071,11.165,2.0939999999999994,23.08455517583507,0.01269444444444444,9.496001683501156e-06,0.013274500336980211,1.68,1.987,0.30700000000000016,18.273809523809533,0.0019041666666666714,-4.41919191919189e-06,0.0019911750505470375,5.297,5.534,0.2370000000000001,4.474230696620731,0.0014847222222222204,7.628367003368109e-07,0.001552564645539588,-0.6055918693112484,-0.5623999782822453,-0.5274933838011405,-0.911231195441567,-0.616405411506917,-0.5815893171055899,-0.5278867852729493,-0.49696413360308145,-0.4575242793934586,0.16545767843275522,0.0493167355975217,0.13916888539841296,0.04680805069929434,0.10756019281529758,0.7567223781645791,11.120728,10.8098,11.951578,1.141778,1.9982789,1.8732738,2.090142,0.21686816,5.5258865,5.4788733,5.6168737,0.13800049,15.41822222222222,69.16355555555556,2.6320833333333358,73.67916666666665,6.03936111111111,24.507986111111123,15.5,LOW,83.5,0.108,0.199,0.033,0.33,predicted value approaching the safety limit (contribution 0.33); significant deviation from lot population (contribution 0.20); abnormal multi-parameter pattern (ensemble anomaly score) (contribution 0.11).
IC0059,LOT2026B,121.68,0.8423473531964882,0,9.248,12.697,3.449,37.294550173010386,0.02073611111111115,-4.016729797979817e-05,0.024617054986191888,1.872,2.492,0.6199999999999999,33.11965811965811,0.003677777777777776,-5.8659511784511085e-06,0.004366105934590487,5.349,5.677,0.3279999999999994,6.131987287343417,0.0019902777777777813,1.2889309764309293e-06,0.0023627756058414583,-0.19677999873902793,-0.17962857449291308,-0.0012704163225506244,0.022685230680726302,-0.051753607447665946,0.1582557032871468,-0.1299308968906347,-0.24954695757747355,-0.07035979260048619,0.20672876828665476,0.02567870425225252,0.08504543526703774,0.12042753225512934,0.11513189706768187,0.6863255688925529,12.618356,11.852576,12.860035,1.0074587,2.4706213,2.2252717,2.5314937,0.30622196,5.6614485,5.5796165,5.678556,0.09893942,19.616055555555576,60.76788888888884,3.7108888888888885,62.89111111111112,6.3441388888888905,20.698263888888867,15.0,LOW,79.5,0.115,0.014,0.145,0.362,predicted value approaching the safety limit (contribution 0.36); high physics-normalised drift rate (contribution 0.14); abnormal multi-parameter pattern (ensemble anomaly score) (contribution 0.12).
IC0060,LOT2026B,124.53,0.9761749573004993,1,10.073,28.222,18.149,180.1747245110692,0.10676666666666666,0.0006299452861952861,0.10937247044517279,1.875,4.618,2.7430000000000003,146.29333333333335,0.016466666666666664,0.00010019465488215508,0.01686856084917744,5.36,7.115,1.755,32.742537313432834,0.010447222222222234,6.118476430976408e-05,0.01070220265751627,3.946042645277763,3.9152982464947685,3.9308460787745623,3.954380917682699,4.01975290138366,4.053054947083847,3.8718912534154453,3.8892530007189885,3.9146887352621103,1.0,1.0,0.9640170041995398,0.9237847738140674,0.9813711169120181,0.8767441572479385,28.1815,16.516632,30.92155,14.404919,4.6004443,2.9212842,4.6134777,1.6921935,7.1165543,5.7497506,7.1165543,1.3668036,63.45633333333333,-26.912666666666667,10.108333333333333,-1.083333333333325,10.583611111111118,-32.29513888888897,98.6,CRITICAL,52.6,0.981,0.988,0.978,1.0,predicted value approaching the safety limit (contribution 1.00); significant deviation from lot population (contribution 0.99); abnormal multi-parameter pattern (ensemble anomaly score) (contribution 0.98).
IC0061,LOT2026B,123.17,0.910090966753649,0,8.882,12.099,3.2170000000000005,36.219319972979065,0.020577777777777785,2.3411195286194733e-05,0.022610682370774425,1.828,2.359,0.5309999999999999,29.04814004376367,0.0030902777777777816,2.288510101010034e-06,0.0033955702129436515,5.332,5.686,0.3540000000000001,6.639159789947489,0.0021611111111111063,4.024621212121151e-06,0.0023746100006023837,-0.35635538947152623,-0.1871650062773677,-0.09435344604602976,-0.22327691718910547,-0.23879175397629693,-0.14408826200382194,-0.10488472209734118,-0.1659417030413528,-0.06470465141057684,0.14628596198407576,0.0018311085025640402,0.056369946698051385,0.0778662569285335,0.07470334712408604,0.7634401930437551,11.936075,11.229614,12.200512,0.9708977,2.3516583,2.1501884,2.3661635,0.21597505,5.6894445,5.5896497,5.73617,0.14652014,19.170888888888893,61.658222222222214,3.373138888888891,66.2686111111111,6.412555555555553,19.843055555555587,14.4,LOW,84.3,0.075,0.056,0.125,0.392,predicted value approaching the safety limit (contribution 0.39); high physics-normalised drift rate (contribution 0.12); abnormal multi-parameter pattern (ensemble anomaly score) (contribution 0.07).
IC0062,LOT2026B,125.58,1.0301234622497315,0,8.498,11.903,3.405000000000001,40.06825135325961,0.020750000000000032,4.734848484849922e-07,0.0201432165758881,1.934,2.576,0.6420000000000001,33.19544984488108,0.003933333333333336,3.209175084175122e-06,0.003818312539686416,5.338,5.761,0.42300000000000004,7.924316223304609,0.002461111111111107,5.787037037040446e-07,0.0023891418857077376,-0.40865769145073977,-0.17896748398550522,-0.20882828993203592,0.17802974512483072,0.02960577543949506,-0.012394406215742674,0.10383340118009733,-0.01912271946571852,-0.05776049721541196,0.23255582323451987,0.0,0.16368460217446992,0.053183908196887786,0.1221090447965091,0.5437467338765787,11.824005,10.953711,12.097732,1.144021,2.5790584,2.208129,2.6231265,0.41499758,5.7570963,5.6586895,5.813196,0.15450668,18.873000000000015,62.25399999999996,3.900666666666668,60.993333333333325,6.5685555555555535,17.89305555555558,16.9,LOW,70.1,0.122,0.069,0.101,0.432,predicted value approaching the safety limit (contribution 0.43); abnormal multi-parameter pattern (ensemble anomaly score) (contribution 0.12); high physics-normalised drift rate (contribution 0.10).
IC0063,LOT2026B,124.19,0.9592603301659405,0,10.151,14.009,3.8580000000000005,38.00610777263324,0.023594444444444432,-3.498526936027163e-06,0.024596497637260656,1.743,2.358,0.615,35.28399311531841,0.003505555555555554,5.1031144781145465e-06,0.003654436074667171,5.362,5.763,0.4009999999999998,7.478552778813871,0.0023319444444444416,-3.3933080808082857e-06,0.0024309818420626688,0.1533252063463205,-0.043576148068314224,-0.002224147602023683,-0.2251262566467732,-0.10658275678466463,-0.06344565466202584,0.1093992178008284,-0.08233644850522696,-0.03776700660210079,0.18554639682203666,0.019236761177325062,0.04662672974395462,0.06125068031742356,0.0892252152373148,0.6961702527673455,13.981819,12.442722,15.604085,3.1613626,2.3473482,2.10779,2.3563159,0.24852586,5.7569656,5.661107,5.821181,0.16007376,21.948222222222213,56.10355555555557,3.4957777777777768,65.04222222222224,6.527972222222221,18.400347222222237,15.6,LOW,74.4,0.089,0.022,0.144,0.436,predicted value approaching the safety limit (contribution 0.44); high physics-normalised drift rate (contribution 0.14); abnormal multi-parameter pattern (ensemble anomaly score) (contribution 0.09).
IC0064,LOT2026B,126.54,1.0817852562093118,0,9.178,12.691,3.513,38.27631292220527,0.02055277777777778,-2.285879629629576e-05,0.018998944254238457,1.742,2.296,0.5539999999999998,31.80252583237657,0.0033513888888888894,4.471801346801591e-07,0.0030980167918284495,5.147,5.508,0.36099999999999977,7.013794443365063,0.0021569444444444405,-1.1837121212121447e-06,0.0019938748767963418,-0.1983810896159422,-0.1883549691907026,-0.2619153056286224,-0.33978530302218396,-0.15566368885246118,-0.23678292456936956,-0.6002424013424605,-0.16798085559101394,-0.24664136423596703,0.12746191148637073,0.006154215474967702,0.0,0.007060337586236716,0.047516984300655575,0.7544931519572375,12.442412,11.768465,13.599146,1.8306808,2.281183,2.0503664,2.316253,0.26588655,5.506416,5.444411,5.5767837,0.13237286,19.454388888888893,61.09122222222222,3.417694444444445,65.82305555555556,6.225472222222221,22.181597222222237,12.2,LOW,81.4,0.048,0.119,0.089,0.309,predicted value approaching the safety limit (contribution 0.31); significant deviation from lot population (contribution 0.12); high physics-normalised drift rate (contribution 0.09).
IC0065,LOT2026B,124.23,0.9612364673214463,0,10.046,13.916,3.870000000000001,38.522795142345224,0.023398611111111113,4.979482323232312e-05,0.024342200807583803,1.7,2.272,0.5719999999999998,33.6470588235294,0.0033472222222222198,8.838383838383984e-06,0.003482204781045701,5.3,5.676,0.37600000000000033,7.094339622641516,0.0022083333333333404,-2.1832912457913603e-06,0.0022973882165405334,0.12850829775414263,-0.052897524222768715,-0.01402191595945905,-0.38416945000621383,-0.15699020052997018,-0.11709962236179187,-0.13271380520099899,-0.14283130747851575,-0.10160557457805006,0.17309760220318057,0.024462748793309334,0.008236104681053099,0.03611633142745125,0.0749876560594343,0.6851983771906553,13.833121,12.442722,15.537266,3.0945435,2.265162,2.0482898,2.2849092,0.23661947,5.684375,5.6248555,5.7559586,0.13110304,21.745305555555554,56.50938888888889,3.37361111111111,66.2638888888889,6.40416666666667,19.94791666666662,15.1,LOW,74.1,0.075,0.063,0.142,0.402,predicted value approaching the safety limit (contribution 0.40); high physics-normalised drift rate (contribution 0.14); abnormal multi-parameter pattern (ensemble anomaly score) (contribution 0.07).
IC0066,LOT2026B,123.24,0.9133911826702928,0,8.911,11.069,2.1580000000000013,24.217259566827533,0.013673611111111119,-1.4993686868686537e-05,0.014970158865707912,1.726,2.142,0.4159999999999999,24.101969872537655,0.0022236111111111115,-8.417508417509026e-07,0.002434456510309635,5.31,5.55,0.2400000000000002,4.51977401129944,0.0014875000000000162,1.446759259259347e-06,0.0016285464850353823,-0.6312093233418832,-0.5157930975099688,-0.44882552718389374,-0.6245835795030417,-0.5147061828979691,-0.44349705394068806,-0.4833602523070958,-0.495604698569965,-0.42121587166343377,0.12719301731252963,0.022651130717586104,0.09568477083701558,0.06697712297068262,0.0804964178876667,0.8376035723721482,11.129971,10.774696,11.848244,1.0735474,2.11391,1.9386469,2.1759617,0.23731482,5.5547547,5.498286,5.6254306,0.12714481,15.747805555555558,68.50438888888888,2.8378055555555557,71.62194444444444,6.053750000000008,24.3281249999999,13.4,LOW,88.5,0.08,0.127,0.05,0.334,predicted value approaching the safety limit (contribution 0.33); significant deviation from lot population (contribution 0.13); abnormal multi-parameter pattern (ensemble anomaly score) (contribution 0.08).
IC0067,LOT2026B,126.66,1.0884045649452754,0,8.296,10.564,2.2680000000000007,27.33847637415623,0.013493055555555557,-2.2359006734004436e-06,0.012397095703318723,1.8,2.272,0.47199999999999975,26.222222222222207,0.0027249999999999987,-3.7352693602693072e-06,0.0025036646186218548,5.418,5.643,0.22499999999999964,4.1528239202657735,0.0012833333333333373,4.208754208756408e-07,0.0011790958754365963,-0.7659678054822041,-0.5243872741062753,-0.5681994226331336,-0.38416945000621383,-0.3550826110378362,-0.42193715312436597,-0.22454977944307272,-0.5955231735033885,-0.635988718650432,0.21725919810413785,0.07109906933453092,0.25294318838943014,0.13696622747373938,0.16850401193575443,0.657775301686808,10.63083,10.564314,12.200218,1.6359043,2.237798,2.0507963,2.2922628,0.24146652,5.643299,5.5679655,5.6700616,0.10209608,15.042527777777778,69.91494444444444,3.1624999999999996,68.37500000000001,6.0596666666666685,24.25416666666664,17.6,LOW,76.3,0.169,0.162,0.024,0.357,predicted value approaching the safety limit (contribution 0.36); abnormal multi-parameter pattern (ensemble anomaly score) (contribution 0.17); significant deviation from lot population (contribution 0.16).
IC0068,LOT2026B,125.41,1.0212105036756836,0,9.259,13.616,4.356999999999999,47.05691759369262,0.026233333333333324,4.5901725589225225e-05,0.025688467988637647,1.781,2.506,0.7249999999999999,40.707467714766985,0.004186111111111109,-2.6304713804713607e-06,0.004099165741092432,5.322,5.743,0.42100000000000026,7.9105599398722335,0.002493055555555555,4.4454966329969905e-06,0.0024412748856207423,0.048453753908407345,0.08203104833923815,0.048436386684242744,0.048575983088076626,0.1100808172083142,0.0750977578373978,0.05374105159351278,-0.0034892165849779067,-0.03284840993782648,0.26170213717594687,0.019920871344779656,0.07875190443858142,0.05778137592130587,0.12198959669092745,0.5323593489553087,13.680039,12.519259,15.434446,2.915187,2.4888406,2.14146,2.5477571,0.4062972,5.756478,5.661107,5.84585,0.18474293,22.37566666666666,55.24866666666668,3.8740555555555547,61.259444444444455,6.568527777777778,17.89340277777778,17.0,LOW,64.8,0.122,0.0,0.155,0.449,predicted value approaching the safety limit (contribution 0.45); high physics-normalised drift rate (contribution 0.15); abnormal multi-parameter pattern (ensemble anomaly score) (contribution 0.12).
IC0069,LOT2026B,127.22,1.1197800866545702,0,8.402,11.411,3.0090000000000003,35.8129016900738,0.017437499999999995,4.84006734006698e-06,0.015572254059362564,1.758,2.138,0.3799999999999999,21.615472127417515,0.002243055555555554,-1.6045875420875254e-06,0.002003121489914021,5.317,5.652,0.33499999999999996,6.30054542034982,0.001987500000000005,-1.4467592592593689e-06,0.001774902075583265,-0.5399471433577455,-0.33663757000235545,-0.42089210924514325,-0.6319809373337133,-0.5085157950695989,-0.5778677293589863,-0.1995036046497792,-0.2509063926105806,-0.35127891711687775,0.2057806506570228,0.046519428765458615,0.15168281092983008,0.09981135412632633,0.13128732166451051,0.7217625414212973,11.423608,11.172228,12.346483,1.1742554,2.138933,1.9426507,2.1886208,0.24597013,5.6614065,5.586203,5.6836796,0.09747648,17.120749999999994,65.75850000000001,2.879527777777777,71.20472222222223,6.310750000000002,21.115624999999973,16.2,LOW,81.3,0.131,0.127,0.056,0.364,predicted value approaching the safety limit (contribution 0.36); abnormal multi-parameter pattern (ensemble anomaly score) (contribution 0.13); significant deviation from lot population (contribution 0.13).
IC0070,LOT2026B,125.43,1.0222554647324698,0,9.324,12.56,3.2360000000000007,34.70613470613471,0.019315277777777782,-5.9369739057239405e-05,0.0188947659798842,1.79,2.314,0.524,29.27374301675978,0.0029458333333333337,-1.8676346801346625e-06,0.0028816997658254392,5.375,5.708,0.3330000000000002,6.1953488372093055,0.001888888888888886,-6.339436026935938e-06,0.0018477659978890103,-0.23333824042857992,-0.24725813340077046,-0.26674852022382883,-0.3064971927841612,-0.2847774921299099,-0.3041706012338856,-0.04366073926929202,-0.2991663362859086,-0.3164604260479391,0.179046091643547,0.0056288555488264195,0.08999655539496705,0.0464086133172567,0.0893153918164713,0.6930658647540722,12.433466,11.604945,12.573815,0.96887016,2.294705,2.063521,2.3375576,0.27403665,5.7073455,5.613629,5.7567945,0.14316559,18.98163888888889,62.03672222222222,3.262916666666667,67.37083333333332,6.319444444444443,21.006944444444464,14.2,LOW,79.9,0.089,0.043,0.088,0.402,predicted value approaching the safety limit (contribution 0.40); abnormal multi-parameter pattern (ensemble anomaly score) (contribution 0.09); high physics-normalised drift rate (contribution 0.09).
IC0071,LOT2026B,126.54,1.0817852562093118,0,8.839,11.143,2.3040000000000003,26.066297092431274,0.01336944444444443,-1.7361111111105577e-06,0.012358686132673278,1.688,1.965,0.27700000000000014,16.40995260663508,0.001609722222222223,-7.417929292929363e-06,0.0014880238133979174,5.144,5.428,0.2839999999999998,5.520995334370136,0.0015986111111111118,-2.1306818181814684e-06,0.0014777527258162232,-0.6114625358599353,-0.5302709796222087,-0.5699813843577817,-0.951916663510261,-0.7101455700508192,-0.7383323784764703,-0.8228750661717279,-0.4412272972456636,-0.4932736334813147,0.2566265551266184,0.07121939988479274,0.16140148028015974,0.14053332062592966,0.16454540840967566,0.6823401098460697,11.162812,10.743251,12.089226,1.3459749,1.9512423,1.8432487,2.1275792,0.2843305,5.439663,5.4044933,5.5500875,0.14559412,15.523722222222215,68.95255555555556,2.4928611111111114,75.07138888888889,5.943305555555556,25.708680555555553,17.2,LOW,78.3,0.165,0.21,0.024,0.295,predicted value approaching the safety limit (contribution 0.29); significant deviation from lot population (contribution 0.21); abnormal multi-parameter pattern (ensemble anomaly score) (contribution 0.17).
IC0072,LOT2026B,124.08,0.9538448372310644,0,10.015,12.041,2.026,20.22965551672491,0.012323611111111098,-1.7650462962962528e-05,0.012919932708222817,1.779,2.085,0.30600000000000005,17.200674536256326,0.0017083333333333297,3.3933080808080655e-06,0.0017909970958090893,5.195,5.41,0.21499999999999986,4.138594802694897,0.001386111111111114,-6.681397306397303e-06,0.0014531830094451045,-0.37183260128170165,-0.5800510948300439,-0.5439430845561226,-0.7299959285901123,-0.6787514603497972,-0.6439493057689755,-0.8729674157583125,-0.5452240772784033,-0.5050144295153858,0.17416937974378896,0.02421049959530584,0.08845501406011123,0.07686046749375862,0.09744250572500392,0.7519209416482345,12.010714,11.350092,12.3263,0.97620773,2.0803552,1.9103729,2.1341953,0.22382247,5.4333344,5.4042015,5.5905313,0.18632984,16.17680555555555,67.64638888888891,2.6331666666666647,73.66833333333335,5.888055555555558,26.39930555555553,14.6,LOW,83.5,0.097,0.189,0.03,0.316,predicted value approaching the safety limit (contribution 0.32); significant deviation from lot population (contribution 0.19); abnormal multi-parameter pattern (ensemble anomaly score) (contribution 0.10).
IC0073,LOT2026B,123.16,0.9096203867960072,0,8.253,10.584,2.3309999999999995,28.244274809160295,0.014224999999999986,2.27009680134679e-05,0.015638391802216836,1.783,2.278,0.4950000000000001,27.762198541783516,0.0030333333333333367,9.469696969697774e-07,0.0033347244381997303,5.2,5.519,0.31899999999999995,6.134615384615383,0.001834722222222224,1.604587542087597e-06,0.0020170196807975473,-0.7606308358924886,-0.4895478043658655,-0.4178237352867661,-0.37307341326020593,-0.2569207469022402,-0.16304310559892707,-0.5696304099284359,-0.32567531943150685,-0.2355814716868561,0.16175494392499343,0.05599253295285914,0.09619183453822251,0.08075509487994392,0.10476362139924153,0.8338185481256015,10.631107,10.552822,11.589267,1.0364447,2.264738,2.0401483,2.3118188,0.27167058,5.522452,5.4562182,5.630328,0.17410994,15.365499999999994,69.269,3.2996666666666683,67.00333333333332,6.117361111111112,23.5329861111111,15.3,LOW,88.1,0.105,0.16,0.056,0.337,predicted value approaching the safety limit (contribution 0.34); significant deviation from lot population (contribution 0.16); abnormal multi-parameter pattern (ensemble anomaly score) (contribution 0.10).
IC0074,LOT2026B,124.35,0.9671869346333556,0,9.841,11.967,2.1260000000000012,21.60349557971752,0.012612499999999978,2.0701809764310063e-05,0.013040395344857679,1.736,2.125,0.389,22.40783410138249,0.0022430555555555563,-3.3933080808079765e-06,0.0023191541109949558,5.318,5.531,0.21300000000000008,4.005265137269652,0.001241666666666669,2.8935185185184773e-06,0.0012837918112876122,-0.3915793887636496,-0.5663004122759544,-0.5383543783007203,-0.656022350283396,-0.5085157950695982,-0.4794163754440837,-0.5362355102040471,-0.6159146990000051,-0.5859590964172718,0.1453792621307144,0.025626047018153287,0.09458332451466257,0.04584657546802539,0.08436420707433234,0.7936088241216943,11.974533,11.350092,12.212598,0.8625059,2.1186385,1.9225804,2.1448123,0.22223198,5.533876,5.5092664,5.6243677,0.11510134,16.14724999999999,67.70550000000003,2.8575277777777783,71.42472222222221,5.938833333333334,25.764583333333324,13.3,LOW,86.5,0.084,0.133,0.031,0.333,predicted value approaching the safety limit (contribution 0.33); significant deviation from lot population (contribution 0.13); abnormal multi-parameter pattern (ensemble anomaly score) (contribution 0.08).
IC0075,LOT2026B,125.13,1.0066818543330591,1,9.409,27.649,18.240000000000002,193.8569454777341,0.10813333333333332,0.0006820286195286202,0.10741559795470156,1.865,4.609,2.7439999999999998,147.13136729222518,0.016374999999999994,0.00010890151515151527,0.016266310880162494,5.339,7.16,1.8209999999999997,34.10751076980707,0.010711111111111112,7.323232323232321e-05,0.01064001607360587,3.793138466532409,3.980349552423732,3.8400595425170927,3.9377368625636877,3.990569644478482,3.865440375392069,3.9971221273819078,4.0183993288642155,3.8849724786021067,1.0,1.0,0.979830860796766,0.8681312662372899,0.9761858620949466,0.74636028438007,27.732319,15.74815,30.212418,14.464268,4.5987377,2.9212842,4.609787,1.6885028,7.1562724,5.7497506,7.1630125,1.4132619,63.475666666666655,-26.95133333333331,10.052499999999997,-0.5249999999999666,10.694555555555556,-33.681944444444454,98.2,CRITICAL,44.8,0.976,0.999,0.959,1.0,predicted value approaching the safety limit (contribution 1.00); significant deviation from lot population (contribution 1.00); abnormal multi-parameter pattern (ensemble anomaly score) (contribution 0.98).
IC0076,LOT2026B,125.02,1.0010253667919182,0,8.44,12.796,4.356,51.61137440758294,0.02510694444444447,-2.3095538720538846e-05,0.02508122698719124,1.847,2.42,0.573,31.02328099621007,0.0034347222222222223,4.340277777777769e-06,0.0034312039796052375,5.329,5.708,0.37900000000000045,7.112028523175089,0.002258333333333336,-3.077651515151543e-06,0.002256020085256014,-0.17036199926993528,0.02841660818843726,0.02026423573251621,-0.11046721027136319,-0.12913345530230066,-0.13298753271542857,-0.04366073926929202,-0.11836147688257881,-0.1213736005652421,0.21307548694332537,0.02516518710858529,0.12100881884190634,0.17444662662566437,0.1324947343249704,0.6586008476879195,12.6653,11.66368,14.620103,2.9564228,2.4309413,2.1687548,2.4387558,0.27000093,5.726314,5.6495743,5.7660103,0.116436005,20.993472222222234,58.01305555555554,3.5643611111111113,64.35638888888889,6.458166666666668,19.27291666666665,16.6,LOW,72.8,0.132,0.007,0.149,0.407,predicted value approaching the safety limit (contribution 0.41); high physics-normalised drift rate (contribution 0.15); abnormal multi-parameter pattern (ensemble anomaly score) (contribution 0.13).
IC0077,LOT2026B,125.99,1.0519087467532546,1,10.05,19.933,9.883,98.33830845771143,0.060394444444444424,0.0003457754629629632,0.057414147977049856,1.852,3.372,1.5199999999999998,82.07343412526996,0.009233333333333331,4.929503367003371e-05,0.008777694226644915,5.268,6.25,0.9820000000000002,18.6408504176158,0.005994444444444444,3.1960227272727065e-05,0.005698635421510147,1.7341355988201024,1.7080492603603716,1.5203077582661904,1.6501039534284851,1.7169286292297128,1.5325658576704246,1.4646755649489929,1.7100786426473047,1.5237021453736275,0.8029516769369123,0.385803100469415,0.7632475373584491,0.27431158465958655,0.5905702622393715,0.0,19.876156,15.932197,19.876156,3.9439592,3.3817382,2.754287,3.3817382,0.6274512,6.238497,5.7497506,6.263344,0.5135932,40.24722222222221,19.505555555555574,6.468666666666666,35.31333333333334,8.26522222222222,-3.3152777777777587,54.5,MEDIUM,28.7,0.591,0.412,0.467,0.666,predicted value approaching the safety limit (contribution 0.67); abnormal multi-parameter pattern (ensemble anomaly score) (contribution 0.59); high physics-normalised drift rate (contribution 0.47).
IC0078,LOT2026B,122.03,0.8578376255114919,0,8.929,11.589,2.66,29.79057005263747,0.015086111111111088,-2.414772727272722e-05,0.01758620823155884,1.829,2.239,0.4099999999999999,22.416621104428646,0.002362499999999996,1.1837121212122224e-06,0.002754017694888748,5.241,5.507,0.266,5.075367296317497,0.0015958333333333324,2.630471380470749e-07,0.0018602976669177982,-0.49244811400927585,-0.4485601929065594,-0.3274573431245614,-0.4451976521092546,-0.470489126981036,-0.3439464721910696,-0.6030253096528273,-0.4425867322787722,-0.3104720878916861,0.09836380499896771,0.0,0.019142431267446778,0.03286582906517095,0.04318569236290369,0.8458995762572302,11.511112,10.8407755,11.94345,1.1026745,2.2538853,2.1054857,2.2928605,0.18737483,5.475878,5.40545,5.505942,0.100492,16.472055555555546,67.05588888888892,3.0102499999999983,69.89750000000001,6.038916666666665,24.513541666666683,11.1,LOW,89.1,0.043,0.119,0.075,0.272,predicted value approaching the safety limit (contribution 0.27); significant deviation from lot population (contribution 0.12); high physics-normalised drift rate (contribution 0.07).
IC0079,LOT2026B,122.29,0.8695106404744032,0,10.129,13.615,3.4860000000000007,34.416033172080176,0.02022500000000001,-1.2205387205386577e-05,0.023260209891123693,1.89,2.325,0.4350000000000003,23.01587301587303,0.002604166666666668,3.6826599326599865e-07,0.0029949796419349623,5.183,5.491,0.30799999999999983,5.942504341115181,0.0017416666666666696,-5.208333333333363e-06,0.0020030423845261054,0.04818690542892171,-0.20395670516553507,-0.06421946743293512,-0.286154458749814,-0.39355144968556843,-0.2688813417386171,-0.6475518426186808,-0.37121639304061493,-0.2422606120624317,0.1347288055369693,0.039366887396391326,0.0,0.084390377087207,0.0716237047199377,0.7715513318996866,13.49232,12.201926,13.510914,1.3089876,2.3284595,2.124419,2.3490763,0.2246573,5.4751487,5.4108486,5.5016866,0.090837955,20.241500000000006,59.51699999999999,3.1920833333333336,68.07916666666667,6.053833333333335,24.32708333333331,13.5,LOW,84.0,0.072,0.131,0.131,0.27,predicted value approaching the safety limit (contribution 0.27); significant deviation from lot population (contribution 0.13); high physics-normalised drift rate (contribution 0.13).
IC0080,LOT2026B,124.96,0.9979521079611943,0,9.757,12.212,2.455,25.161422568412423,0.015244444444444456,3.619528619528604e-05,0.015275727485148258,2.034,2.576,0.5420000000000003,26.647000983284187,0.003259722222222225,-7.680976430976463e-06,0.0032664114802881707,5.307,5.59,0.2829999999999995,5.332579611833417,0.0017055555555555578,1.578282828280062e-07,0.001709055516742171,-0.3262015112896328,-0.4410237611221046,-0.43464907129162167,0.17802974512483072,-0.1848469457576372,-0.1843241466931071,-0.37204391989246205,-0.38888904847101563,-0.3827441161945315,0.143553650705594,0.07344890985188793,0.10971676859572443,0.10667174359950292,0.1102225659615946,0.9138052960074363,12.25805,11.4481,12.362337,0.914237,2.5598826,2.2782986,2.578221,0.29992247,5.6048455,5.5518937,5.6514754,0.09958172,17.37922222222223,65.24155555555555,3.663861111111112,63.36138888888888,6.159777777777779,23.002777777777762,13.6,LOW,93.4,0.11,0.06,0.053,0.348,predicted value approaching the safety limit (contribution 0.35); abnormal multi-parameter pattern (ensemble anomaly score) (contribution 0.11); significant deviation from lot population (contribution 0.06).
IC0081,LOT2026B,124.9,0.9948873621455884,0,9.615,13.757,4.1419999999999995,43.078523140925626,0.02370277777777776,-7.73358585858664e-06,0.0238245842490752,1.762,2.274,0.512,29.05788876276958,0.003050000000000003,-2.788299663299556e-06,0.003065673679302076,5.242,5.656,0.4139999999999997,7.897748950782138,0.0023999999999999968,-1.6835016835018396e-06,0.002412333386991792,0.08607938951590284,-0.038419642110530734,-0.03803605826322859,-0.38047077109087757,-0.2516147001922083,-0.2468585402040861,-0.18837197140831707,-0.04903029019408799,-0.04667829007117134,0.1758779538878999,0.01671092206379291,0.0,0.06302338017489534,0.07602406750613713,0.6691416041920935,13.651709,12.412086,15.401384,2.9892988,2.285015,2.0376418,2.31165,0.27400827,5.677949,5.6090593,5.7450595,0.13600016,21.46638888888888,57.06722222222225,3.2870000000000017,67.12999999999998,6.441999999999998,19.47500000000002,14.9,LOW,73.3,0.076,0.062,0.137,0.396,predicted value approaching the safety limit (contribution 0.40); high physics-normalised drift rate (contribution 0.14); abnormal multi-parameter pattern (ensemble anomaly score) (contribution 0.08).
IC0082,LOT2026B,125.72,1.037516155661683,0,9.386,12.546,3.16,33.66716386106968,0.017675000000000017,-1.3967803030303027e-05,0.017035879300335007,1.821,2.321,0.5000000000000002,27.457440966501935,0.0028430555555555557,-5.787037037036858e-06,0.0027402518409386867,5.307,5.597,0.29000000000000004,5.464480874316941,0.0016333333333333401,4.57702020202043e-06,0.0015742726746184215,-0.23707411914138118,-0.3253329223256747,-0.352989133116691,-0.2935518165804856,-0.3174981135084415,-0.34823484898756263,-0.3525635617198996,-0.42423435933181414,-0.4471509589258335,0.12897768257250516,0.00978974777670819,0.04337526464141755,0.08294915644946754,0.0691965396290929,0.8038539561382811,12.3753,11.604945,12.615161,1.0102158,2.3083508,2.072106,2.3359103,0.26380444,5.6075745,5.571056,5.6560354,0.084979534,18.22350000000001,63.55299999999998,3.242527777777778,67.57472222222222,6.12366666666667,23.45416666666662,12.3,LOW,86.7,0.069,0.055,0.07,0.35,predicted value approaching the safety limit (contribution 0.35); high physics-normalised drift rate (contribution 0.07); abnormal multi-parameter pattern (ensemble anomaly score) (contribution 0.07).
IC0083,LOT2026B,125.14,1.0071975072658188,0,9.604,13.619,4.015000000000001,41.805497709287806,0.023879166666666677,3.472222222222273e-05,0.02370852439010704,1.96,2.588,0.6280000000000001,32.04081632653062,0.0037736111111111113,5.234638047138049e-06,0.003746644609313139,5.34,5.728,0.3879999999999999,7.265917602996252,0.002318055555555562,5.681818181818056e-06,0.0023014905605239773,0.049254299346864726,-0.030023792666445653,-0.04342050341515189,0.20022181861684563,-0.021243838864980515,-0.03472059758609855,0.011997426938023597,-0.08913362367076107,-0.09964524328062285,0.22047965536031117,0.019624249880508114,0.08208101071319407,0.0002824197285923129,0.099513719442189,0.5710512657352915,13.613702,12.486195,15.401384,2.9151897,2.5971541,2.1981728,2.598895,0.40072227,5.7406425,5.6495743,5.816621,0.16704655,21.543583333333338,56.912833333333325,3.8468055555555556,61.531944444444456,6.499027777777781,18.76215277777774,15.7,LOW,67.2,0.1,0.015,0.136,0.434,predicted value approaching the safety limit (contribution 0.43); high physics-normalised drift rate (contribution 0.14); abnormal multi-parameter pattern (ensemble anomaly score) (contribution 0.10).
IC0084,LOT2026B,128.28,1.181410515044822,0,9.27,12.683,3.4130000000000003,36.81769147788565,0.019511111111111125,-6.1289983164987045e-06,0.016515098572972228,1.866,2.398,0.532,28.510182207931408,0.0031750000000000016,8.180765993266005e-06,0.0026874654995596887,5.251,5.606,0.35499999999999954,6.7606170253285,0.0021666666666666687,4.682239057239268e-06,0.0018339659577047752,-0.20051587745182872,-0.23793675724631483,-0.3771500728903025,-0.1511526783400568,-0.2118193498669676,-0.36467899566837536,-0.3275173869266086,-0.16322283297513399,-0.323054863469103,0.14456727970252092,0.007222627759656433,0.03612030278358039,0.0756452556600718,0.0713361851295061,0.7647838680318833,12.840205,12.460214,13.625182,1.1649685,2.3831437,2.1402442,2.3967757,0.25653148,5.627304,5.5683675,5.6560354,0.08766794,19.025555555555563,61.948888888888874,3.453500000000001,65.46499999999999,6.334333333333335,20.82083333333331,12.1,LOW,83.9,0.071,0.048,0.065,0.35,predicted value approaching the safety limit (contribution 0.35); abnormal multi-parameter pattern (ensemble anomaly score) (contribution 0.07); high physics-normalised drift rate (contribution 0.07).
IC0085,LOT2026B,126.55,1.0823354757331314,0,8.389,11.618,3.229000000000001,38.490880915484574,0.018572222222222216,-1.0521885521882226e-06,0.01715939525094299,1.847,2.461,0.6139999999999999,33.24309691391445,0.00367361111111111,2.7619949494948453e-06,0.003394151992128643,5.351,5.713,0.3620000000000001,6.765090637264065,0.0022777777777777835,-1.8939393939395834e-06,0.002104502558446499,-0.4847095081041881,-0.28262647554710807,-0.3472587723584655,-0.0346442925069791,-0.05308011912517369,-0.14453007006436433,-0.029746197717463115,-0.10884543165082333,-0.19377721935298334,0.20489997268624074,0.003358816052988471,0.15363340476813653,0.10758292215722606,0.11958675453329203,0.6376978205042645,11.671769,10.864953,12.466182,1.6012287,2.44398,2.1716638,2.4630773,0.29141355,5.7157793,5.6135645,5.745111,0.1315465,17.675111111111107,64.64977777777779,3.683805555555555,63.16194444444445,6.489888888888892,18.87638888888885,15.9,LOW,75.0,0.12,0.089,0.071,0.396,predicted value approaching the safety limit (contribution 0.40); abnormal multi-parameter pattern (ensemble anomaly score) (contribution 0.12); significant deviation from lot population (contribution 0.09).
IC0086,LOT2026B,126.85,1.098959843009679,0,9.658,12.124,2.466000000000001,25.533236694967915,0.014922222222222212,4.208754208754591e-06,0.01357849635465778,1.968,2.451,0.4830000000000001,24.542682926829272,0.00296944444444445,3.2091750841751486e-06,0.0027020500005825025,5.335,5.706,0.37100000000000044,6.954076850984076,0.002088888888888884,-1.7098063973063855e-06,0.0019007872782395075,-0.3496841774843816,-0.4563610608939752,-0.5133898867079983,-0.053137687083657785,-0.2772605926240294,-0.3601355916774893,-0.04922655589002309,-0.20128701390215356,-0.29112386828481257,0.15395578712954378,0.03214190575851756,0.10041159245864313,0.2134998426885153,0.1156343921179015,0.6789415269095199,12.060282,11.797354,12.906859,1.1095057,2.4435332,2.191988,2.4673524,0.2753644,5.695528,5.6135645,5.7344885,0.120923996,17.119111111111106,65.76177777777778,3.452722222222225,65.47277777777775,6.379444444444442,20.25694444444448,14.2,LOW,78.8,0.116,0.054,0.036,0.391,predicted value approaching the safety limit (contribution 0.39); abnormal multi-parameter pattern (ensemble anomaly score) (contribution 0.12); significant deviation from lot population (contribution 0.05).
IC0087,LOT2026B,127.9,1.1589737077310143,0,9.345,13.784,4.439,47.50133761369717,0.025419444444444467,-2.417403198653148e-05,0.021932718813966447,1.976,2.721,0.7450000000000001,37.70242914979758,0.004361111111111107,1.0258838383838236e-05,0.0037629077191484277,5.375,5.805,0.4299999999999997,7.999999999999995,0.0025625000000000057,-4.208754208754561e-06,0.0022110078795633346,0.09328429846201927,0.04329114460512092,-0.12580667732762904,0.4461839664866774,0.16579430766365102,-0.0296542687474028,0.22628136683619315,0.030496659242718105,-0.1428829708037451,0.3062153704184227,0.06907774142742593,0.20439356685118748,0.10592142113542127,0.18466562861522642,0.5375578360632085,14.053477,13.2534275,16.398006,3.144579,2.6790392,2.293239,2.6790586,0.38581944,5.8024645,5.7045035,5.842932,0.13842869,22.05472222222223,55.89055555555553,4.156555555555554,58.434444444444466,6.656250000000003,16.796874999999968,20.3,LOW,64.7,0.185,0.079,0.118,0.447,predicted value approaching the safety limit (contribution 0.45); abnormal multi-parameter pattern (ensemble anomaly score) (contribution 0.18); high physics-normalised drift rate (contribution 0.12).
IC0088,LOT2026B,125.39,1.0201665060717386,0,9.426,13.304,3.878,41.141523445788245,0.02318611111111108,-4.387626262626188e-05,0.022727771371745684,1.826,2.344,0.5179999999999998,28.368017524644017,0.003302777777777782,-6.891835016835178e-06,0.003237488937463243,5.348,5.786,0.4379999999999997,8.189977561705305,0.0026222222222222406,-3.8667929292930125e-06,0.002570386507119696,-0.034802971691156974,-0.06301220898611525,-0.08892125519875167,-0.25101700905412433,-0.17113965842338705,-0.19333417701857356,0.17340610893924185,0.0597245124545403,0.028848403763664904,0.22843444222155818,0.04271157860114016,0.0871559075060727,0.11617136850774787,0.12762241513526412,0.6694726900231702,13.23592,12.456216,15.2058735,2.7496576,2.3461573,2.0855274,2.3622997,0.27677226,5.787242,5.663742,5.847492,0.18375015,21.01905555555554,57.96188888888892,3.477388888888891,65.2261111111111,6.65911111111112,16.761111111111006,17.2,LOW,73.8,0.128,0.028,0.126,0.45,predicted value approaching the safety limit (contribution 0.45); abnormal multi-parameter pattern (ensemble anomaly score) (contribution 0.13); high physics-normalised drift rate (contribution 0.13).
IC0089,LOT2026B,126.81,1.096730041303372,0,10.528,13.749,3.221,30.594604863221885,0.019629166666666677,7.920349326599357e-05,0.01789790187869665,2.03,2.546,0.516,25.418719211822665,0.00318055555555555,4.91898148148144e-06,0.002900035045794611,5.262,5.559,0.2970000000000006,5.644241733181312,0.0017625000000000008,5.2609427609329574e-08,0.0016070499882591131,0.0839446016800168,-0.23231748793334556,-0.3129967245942832,0.12254956139479302,-0.21005066763029245,-0.29845874423887153,-0.45831407751380226,-0.361020630292308,-0.4314881100680218,0.15950854124758276,0.15071074099662174,0.10418991880339612,0.1131129489593842,0.13884613784022734,0.9202894509226135,13.602763,13.038462,14.715278,1.676816,2.5260339,2.2533252,2.5398886,0.2865634,5.5606866,5.5203238,5.642478,0.122154236,20.342583333333337,59.314833333333326,3.620277777777775,63.79722222222226,6.14325,23.209374999999998,15.6,LOW,91.8,0.139,0.082,0.079,0.343,predicted value approaching the safety limit (contribution 0.34); abnormal multi-parameter pattern (ensemble anomaly score) (contribution 0.14); significant deviation from lot population (contribution 0.08).
IC0090,LOT2026B,126.03,1.0540562256705344,0,8.966,11.939,2.9730000000000008,33.15859915235335,0.01832222222222222,1.1311026936023797e-06,0.017382585270123135,1.602,2.086,0.48399999999999976,30.212234706616712,0.0028333333333333275,-4.997895622895653e-06,0.0026880286500190367,5.396,5.67,0.274,5.07783543365456,0.0016833333333333366,-2.89351851851423e-07,0.0015970052567760222,-0.39905114618925164,-0.2945261046804549,-0.33690416373308474,-0.7281465891324446,-0.32059330742262876,-0.3645035614837935,-0.14941125506319466,-0.3997645287358769,-0.4362880492198881,0.16853123889179364,0.051772255148204244,0.13731160219159697,0.09953738315547458,0.11691053806822962,0.8090239827761077,11.953013,11.151436,12.516441,1.3650055,2.0872624,1.9221367,2.1462417,0.224105,5.6767864,5.6010528,5.736498,0.13544512,18.12711111111111,63.74577777777778,3.0186666666666637,69.81333333333336,6.2376666666666685,22.029166666666644,17.0,LOW,86.0,0.117,0.152,0.073,0.392,predicted value approaching the safety limit (contribution 0.39); significant deviation from lot population (contribution 0.15); abnormal multi-parameter pattern (ensemble anomaly score) (contribution 0.12).
IC0091,LOT2026C,108.54,0.41484039566726777,0,9.689,10.319,0.6300000000000008,6.502219011249879,0.0038486111111111104,5.0847011784511805e-05,0.009277329670175074,2.386,2.548,0.16199999999999992,6.789606035205361,0.0009000000000000049,3.8141835016834557e-06,0.0021695090675833565,4.947,5.025,0.07800000000000029,1.5767131594906063,0.00036805555555556233,2.498947811448015e-06,0.0008872220723913533,-0.4680889240981989,-0.8141850337470313,-0.7881369564123171,-0.4833460679971763,-0.7432267331284585,-0.7099916496060849,0.5472106101308204,-0.772247925566194,-0.7415473888524703,0.24635011261985623,0.15620332725186853,0.2619915033640664,0.0904705456037256,0.19905242010588237,0.6635885438642002,10.328543,10.310418,11.241026,0.9306078,2.5519176,2.48286,2.557381,0.07452083,5.039904,5.02043,5.1700954,0.14966536,11.613305555555556,76.77338888888889,2.8360000000000025,71.63999999999999,5.131027777777781,35.86215277777774,12.0,LOW,78.8,0.199,0.105,0.0,0.097,abnormal multi-parameter pattern (ensemble anomaly score) (contribution 0.20); significant deviation from lot population (contribution 0.10); predicted value approaching the safety limit (contribution 0.10).
IC0092,LOT2026C,110.99,0.4751515556622476,0,9.087,11.086,1.9990000000000006,21.99845933751514,0.011111111111111132,1.4572811447811493e-05,0.02338435174778056,2.203,2.611,0.40800000000000036,18.52019972764414,0.0024111111111111156,-4.340277777777728e-06,0.005074404329268382,4.711,4.897,0.18599999999999994,3.9482063256208857,0.0011208333333333344,2.6304713804997654e-08,0.0023588964825573618,-0.0011634243944523839,-0.03614044477371043,-0.07001741540952067,-0.2818037672511844,0.07557529324289776,0.04368541877959607,-0.12931506369478818,0.07759762352731618,0.04491712749077271,0.11131341962894696,0.035114953636165326,0.11711048659742233,0.02239010948807883,0.07627479670367732,0.8122002708656471,11.0274105,10.744571,12.400662,1.6560917,2.611842,2.5496793,2.611842,0.062162638,4.887643,4.880663,4.9910593,0.110396385,14.642555555555566,70.71488888888886,3.408555555555558,65.91444444444441,5.271416666666667,34.10729166666666,6.5,LOW,85.9,0.076,0.036,0.133,0.004,high physics-normalised drift rate (contribution 0.13); abnormal multi-parameter pattern (ensemble anomaly score) (contribution 0.08).
IC0093,LOT2026C,111.64,0.49243197538018413,0,10.479,11.887,1.4080000000000013,13.43639660272928,0.008134722222222232,-2.9882154882154946e-05,0.01651948417025882,2.337,2.599,0.262,11.210954214805305,0.0015680555555555504,5.971170033670027e-06,0.0031843089684517882,4.581,4.694,0.11299999999999955,2.466710325256484,0.0006555555555555583,-3.682659932658122e-07,0.0013312611453580648,0.48646020697803954,-0.3550062994629106,-0.4194742693575136,-0.32019277691708753,-0.38123796963156836,-0.44670111917885424,-1.2022424995275898,-0.4476759169640621,-0.5042523918436729,0.12422009631390996,0.12493615741838691,0.30350122676501,0.0813837979810734,0.15386569598554756,0.57481671178423,11.774202,11.450658,12.4713125,1.0206547,2.5986924,2.5071082,2.6021116,0.09500337,4.6985006,4.6920333,4.9838576,0.29182434,14.546361111111114,70.90727777777778,3.1210277777777753,68.78972222222225,4.90877777777778,38.640277777777754,12.9,LOW,72.8,0.154,0.275,0.065,0.0,significant deviation from lot population (contribution 0.28); abnormal multi-parameter pattern (ensemble anomaly score) (contribution 0.15); high physics-normalised drift rate (contribution 0.07).
IC0094,LOT2026C,109.68,0.4419826466931335,0,10.111,11.216,1.1049999999999986,10.928691524082668,0.0059486111111111155,2.391098484848493e-05,0.013458924588143862,2.326,2.512,0.18599999999999994,7.9965606190885605,0.0011472222222222287,2.156986531986548e-06,0.00259562729624256,4.589,4.688,0.09899999999999931,2.157332752233587,0.0005874999999999966,-2.393728956229077e-06,0.001329237707397809,0.0779764908095719,-0.5892082851282399,-0.5752723981354593,-0.5985130969948858,-0.6092683133728497,-0.5994349828657918,-1.2339546404881663,-0.5245069721404203,-0.5053337194428825,0.16840028931175516,0.06301028980466719,0.29109587270508086,0.058307841219903705,0.1448085389245162,0.521849740893869,11.181388,10.927642,12.071905,1.1442633,2.4992998,2.443677,2.547261,0.10358405,4.6904182,4.6904182,4.9838576,0.2934394,13.085305555555559,73.82938888888889,2.8996111111111142,71.00388888888885,4.882749999999999,38.96562500000002,12.1,LOW,69.3,0.145,0.283,0.035,0.0,significant deviation from lot population (contribution 0.28); abnormal multi-parameter pattern (ensemble anomaly score) (contribution 0.14).
IC0095,LOT2026C,109.53,0.4383217132706402,1,9.986,16.039,6.053000000000001,60.61486080512718,0.03519166666666667,0.00013715277777777844,0.08028729949076856,2.151,3.135,0.984,45.74616457461646,0.005773611111111107,3.23811026936026e-05,0.013172085562519718,4.776,5.327,0.5510000000000002,11.536850921273036,0.0031916666666666764,2.359532828282861e-05,0.007281561852939722,3.014067344878897,2.5436524570467878,2.8266335212732634,1.3945163214932506,1.8975603169975386,2.144634369709572,2.143388371813112,2.415456873893439,2.67559522646015,0.5890292933552136,0.20574983442104364,0.30598731967102544,0.3794805442005341,0.38600474856492306,0.26723819318456776,16.104708,15.53195,16.899378,1.3674278,3.1340666,2.8173199,3.1355472,0.3182273,5.323601,5.243606,5.399379,0.15577269,27.581833333333336,44.83633333333333,5.037805555555553,49.621944444444466,6.371833333333338,20.35208333333327,48.5,MEDIUM,53.2,0.386,0.744,0.692,0.216,significant deviation from lot population (contribution 0.74); high physics-normalised drift rate (contribution 0.69); abnormal multi-parameter pattern (ensemble anomaly score) (contribution 0.39).
IC0096,LOT2026C,112.21,0.5080516175143371,0,9.453,10.486,1.0330000000000013,10.927747804929666,0.006602777777777805,-1.244212962963049e-05,0.012996273508747318,2.286,2.582,0.2959999999999998,12.948381452318452,0.0016138888888888822,-9.469696969696977e-07,0.0031766238572074586,4.798,4.941,0.1429999999999998,2.980408503543139,0.0009361111111111101,-1.8413299663295686e-06,0.0018425511873991684,-0.36642457148995167,-0.5191262424037332,-0.598823703219763,-0.3745772072771181,-0.35640298169934975,-0.4486950265631378,0.10324063668276241,-0.1309438119513535,-0.23101839874895444,0.036263443091162695,0.0235316845413262,0.1052026228974361,0.06092919332076368,0.04993161402190657,0.8782688685167436,10.441657,10.43587,11.229249,0.79337883,2.591652,2.4925556,2.5954156,0.102859974,4.93653,4.920215,5.022046,0.10183096,12.7543888888889,74.4912222222222,3.0929444444444414,69.07055555555559,5.266055555555555,34.17430555555556,4.2,LOW,92.1,0.05,0.06,0.03,0.02,significant deviation from lot population (contribution 0.06).
IC0097,LOT2026C,107.13,0.38336256165274724,0,9.623,10.835,1.2120000000000015,12.594824898680262,0.007644444444444441,1.630892255892254e-05,0.019940508565802095,2.238,2.463,0.2250000000000001,10.053619302949066,0.001240277777777773,-1.578282828282763e-06,0.0032352605649093777,4.857,4.997,0.13999999999999968,2.882437718756427,0.0008819444444444492,1.4730639730643582e-06,0.0023005492258874284,-0.15396433759606934,-0.40753063296981235,-0.2453266388248544,-0.7552682197973233,-0.5588457621165315,-0.4334816925254295,0.39922061898146616,-0.19209505994885098,0.013736285668770823,0.04005728766438692,0.04849155984728286,0.12247303854994601,0.1380904825185927,0.07377569872449839,0.809720180470547,10.712564,10.685477,11.628445,0.9429674,2.4770768,2.389998,2.5108478,0.12084985,4.999466,4.948495,5.062252,0.11375713,13.445222222222219,73.10955555555556,2.8581388888888863,71.41861111111115,5.297972222222225,33.77534722222219,8.9,LOW,87.5,0.074,0.159,0.099,0.041,significant deviation from lot population (contribution 0.16); high physics-normalised drift rate (contribution 0.10); abnormal multi-parameter pattern (ensemble anomaly score) (contribution 0.07).
IC0098,LOT2026C,109.17,0.42964727386377966,0,8.861,10.696,1.834999999999999,20.708723620358864,0.010591666666666659,4.761153198653635e-06,0.024652004821109987,2.449,2.744,0.2950000000000004,12.045732952225414,0.0017180555555555597,1.3152356902356564e-06,0.003998758190888165,4.862,5.007,0.14499999999999957,2.9823118058412086,0.0007888888888888809,2.0254629629631116e-06,0.0018361314894296276,-0.2385831700065274,-0.09178945534476365,-0.0054873935408209455,0.1436744232125752,-0.299959827307936,-0.23539170971023735,0.45207418724909065,-0.29714976804714144,-0.23444909280995607,0.06425092115004838,0.027015717251683842,0.18918086179972501,0.0418112612323756,0.07470039912282343,0.6945461636780661,10.763957,10.589146,11.451908,0.86276245,2.7383714,2.583005,2.7399077,0.15690279,4.99534,4.9471354,5.059897,0.1127615,14.156833333333331,71.68633333333334,3.3080277777777796,66.9197222222222,5.2564444444444405,34.294444444444494,8.3,LOW,80.7,0.075,0.08,0.145,0.04,high physics-normalised drift rate (contribution 0.14); significant deviation from lot population (contribution 0.08); abnormal multi-parameter pattern (ensemble anomaly score) (contribution 0.07).
IC0099,LOT2026C,108.41,0.41184317247778834,0,7.826,9.038,1.2120000000000006,15.486838742652706,0.007155555555555555,3.8667929292926745e-06,0.017374466869282554,2.44,2.733,0.29300000000000015,12.008196721311482,0.001865277777777774,4.971590909091088e-06,0.004529097244845968,4.688,4.794,0.10599999999999987,2.2610921501706462,0.0006625000000000027,3.7089646464645644e-06,0.001608622029628846,-1.2479214731470907,-0.4599061723308004,-0.37595127917499077,0.10848449768549696,-0.22018683576808382,-0.09779487835133381,-0.6737068168513355,-0.43983601337463857,-0.3560304127199427,0.15203232758271595,0.10051513800870623,0.31648014271402597,0.07888636771480018,0.15849483975658765,0.5328088661823732,9.075956,9.046138,10.809065,1.762927,2.7367635,2.609231,2.7385175,0.12928653,4.7869396,4.7869396,4.9838576,0.19691801,11.403777777777776,77.19244444444445,3.372638888888887,66.27361111111114,5.019250000000001,37.259374999999984,13.5,LOW,68.5,0.158,0.287,0.073,0.0,significant deviation from lot population (contribution 0.29); abnormal multi-parameter pattern (ensemble anomaly score) (contribution 0.16); high physics-normalised drift rate (contribution 0.07).
IC0100,LOT2026C,112.35,0.5119559811337295,0,9.331,10.735,1.404,15.046618797556533,0.007636111111111142,7.391624579124362e-06,0.014915561869598495,2.099,2.339,0.23999999999999977,11.434016198189601,0.001595833333333335,-7.944023569023553e-06,0.003117129972384252,4.787,4.914,0.12699999999999978,2.6530185920200497,0.0008625000000000093,6.576178451180309e-07,0.0016847151547873275,-0.21484119544532013,-0.40842339784528003,-0.5011221139570343,-1.1519546530116558,-0.36618646179385594,-0.46413075579298285,-0.039463997639827476,-0.21404678999923188,-0.3153661581392977,0.030254238978133254,0.06192619047762049,0.1040419876144162,0.09365341763719182,0.0640232509540948,0.8910239332541443,10.942041,10.73099,11.92527,1.1942797,2.3312984,2.2750375,2.3613005,0.08626294,4.9227133,4.9110966,5.016718,0.10562134,13.14905555555557,73.70188888888886,2.8969166666666677,71.03083333333332,5.218250000000005,34.77187499999994,9.1,LOW,91.8,0.064,0.262,0.049,0.017,significant deviation from lot population (contribution 0.26); abnormal multi-parameter pattern (ensemble anomaly score) (contribution 0.06).
IC0101,LOT2026C,111.25,0.4819967251795073,0,9.803,11.679,1.8759999999999994,19.136998877894516,0.011227777777777757,2.5173611111111037e-05,0.02329430303410518,2.337,2.691,0.35399999999999965,15.147625160462114,0.0021541666666666705,3.419612794614047e-07,0.004469255814682987,4.746,4.881,0.1349999999999998,2.844500632111247,0.0008888888888888865,-2.788299663299457e-06,0.0018441803490632487,0.3598363426515996,-0.023641736517115475,-0.07460135527838302,-0.02587703614516479,-0.0636511542559086,-0.11332077845799744,-0.21388077292298924,-0.1842551563594354,-0.23014777286096244,0.06725058083362469,0.05079153177560655,0.14353959651321946,0.02059193442284467,0.0705718722905212,0.7991964928673108,11.659827,11.232976,12.327814,1.0948381,2.692396,2.6081223,2.6998055,0.09168315,4.895822,4.880663,4.99973,0.11906719,15.416888888888879,69.16622222222225,3.4140833333333354,65.85916666666665,5.190444444444443,35.11944444444446,6.7,LOW,86.5,0.071,0.056,0.132,0.008,high physics-normalised drift rate (contribution 0.13); abnormal multi-parameter pattern (ensemble anomaly score) (contribution 0.07); significant deviation from lot population (contribution 0.06).
IC0102,LOT2026C,112.76,0.5235469188838474,1,8.279,16.324,8.045000000000002,97.17357168740189,0.048418055555555554,0.00022871948653198693,0.09248083373077293,2.17,3.827,1.657,76.3594470046083,0.009822222222222218,4.371843434343434e-05,0.0187609206891376,4.636,5.395,0.7589999999999995,16.371872303710084,0.004562499999999995,2.338489057239082e-05,0.008714596219431135,3.187566389749259,3.960619108565799,3.4473467492999204,3.6082825455603307,4.0913175843435905,3.5946614772194483,2.502792636032964,3.963053842445639,3.4414104585254965,0.7682321637106262,0.5404477177106229,0.5395952696118941,0.8638220670197915,0.6685079365872536,0.2592992760763142,16.286625,14.06056,16.670572,2.610012,3.8239877,2.8725767,3.8692071,0.99663043,5.3928227,5.172691,5.5557146,0.38302374,32.48802777777777,35.02394444444445,7.081111111111109,29.188888888888915,6.9172499999999975,13.534375000000033,66.9,HIGH,47.1,0.669,0.898,0.812,0.298,significant deviation from lot population (contribution 0.90); high physics-normalised drift rate (contribution 0.81); abnormal multi-parameter pattern (ensemble anomaly score) (contribution 0.67).
IC0103,LOT2026C,111.62,0.49189189930092697,0,8.117,10.093,1.975999999999999,24.343969446839953,0.012154166666666638,-2.2306397306397796e-05,0.024709019774344823,2.359,2.727,0.3679999999999999,15.599830436625684,0.0020055555555555517,-4.0246212121213034e-06,0.004077228265815786,4.787,4.946,0.1589999999999998,3.32149571756841,0.0009222222222222236,1.6308922558922153e-06,0.0018748473466078193,-0.6056706228375043,0.07560395880612014,-0.0025850409520139133,0.08928999285254467,-0.14417672118765468,-0.2150325949402446,0.12966742081657465,-0.146623619130198,-0.21375929370756772,0.0891693698148763,0.052870337459361726,0.210702420885769,0.082117551696997,0.10152849760471858,0.7149763125459557,10.247729,10.113073,11.217428,1.1043549,2.7167835,2.583005,2.7271745,0.14416957,4.9383717,4.9151735,5.0466075,0.13143396,14.194083333333321,71.61183333333335,3.3617777777777755,66.38222222222224,5.248111111111112,34.3986111111111,10.0,LOW,81.3,0.102,0.12,0.146,0.033,high physics-normalised drift rate (contribution 0.15); significant deviation from lot population (contribution 0.12); abnormal multi-parameter pattern (ensemble anomaly score) (contribution 0.10).
IC0104,LOT2026C,112.26,0.5094429283351702,1,8.694,13.485,4.790999999999999,55.106970324361605,0.028736111111111084,0.00018344907407407372,0.05640692904506304,2.348,3.329,0.9810000000000003,41.78023850085181,0.005888888888888887,2.9776936026935984e-05,0.011559467334512685,4.821,5.274,0.4530000000000003,9.396390790292477,0.0026083333333333358,1.5493476430976385e-05,0.005119971616560106,1.4592723954090525,1.8520572668482795,1.6110005854837677,2.015138644425352,1.9600240745240312,1.7262394642062853,1.8632644599946966,1.75690497238185,1.520438890219442,0.6286437177422173,0.041825416824824976,0.4309298897102394,0.17447405279053185,0.34493001211785124,0.0,13.588398,12.974759,13.815997,0.841238,3.2980585,2.8129523,3.2980585,0.48510623,5.267001,5.2124777,5.346535,0.13405752,23.062055555555542,53.87588888888891,5.292444444444444,47.07555555555557,6.125166666666668,23.435416666666654,36.4,MEDIUM,38.2,0.345,0.485,0.457,0.189,significant deviation from lot population (contribution 0.48); high physics-normalised drift rate (contribution 0.46); abnormal multi-parameter pattern (ensemble anomaly score) (contribution 0.34).
IC0105,LOT2026C,112.59,0.5187124047056159,0,7.857,8.882,1.0249999999999995,13.045691739849808,0.005433333333333345,-1.0127314814814401e-05,0.010474654710478568,2.341,2.69,0.34899999999999975,14.908158906450222,0.0019611111111111114,4.892676767676836e-06,0.0037807291541911326,4.623,4.739,0.11599999999999966,2.5091931646117165,0.0007513888888888885,-1.262626262626322e-06,0.0014485654903805957,-1.342889371391921,-0.6444109132615535,-0.7271869909522896,-0.029076120283989697,-0.16825913372798645,-0.29195949284795214,-0.9644014423232748,-0.33948524743002023,-0.441564813439222,0.22188117101145496,0.16435920444385324,0.3208161305528602,0.15956456053264048,0.21506408137763333,0.6898091907116575,8.866489,8.817979,10.809065,1.991086,2.674545,2.5581295,2.695817,0.13768744,4.741357,4.7368946,4.9838576,0.24696302,10.573666666666673,78.85266666666665,3.321555555555556,66.78444444444445,4.998694444444444,37.51631944444445,14.9,LOW,77.2,0.215,0.311,0.006,0.0,significant deviation from lot population (contribution 0.31); abnormal multi-parameter pattern (ensemble anomaly score) (contribution 0.21).
IC0106,LOT2026C,111.46,0.4875905567666902,0,8.549,10.178,1.6290000000000013,19.05486021756932,0.010238888888888896,-3.1486742424242285e-05,0.02099894829133895,2.367,2.805,0.43800000000000017,18.504435994930297,0.002656944444444446,3.5511363636364848e-06,0.00544913023349585,4.761,4.914,0.15299999999999958,3.2136105860113333,0.0010194444444444443,-2.5252525252525592e-06,0.0020907797132179566,-0.5539252936656412,-0.1295831684063843,-0.19144664588940222,0.3388185556809159,0.2087811376066188,0.1409083116912354,-0.039463997639827476,-0.03686496887826945,-0.09836478586276734,0.14751927763548459,0.0437930740583692,0.20693118738874908,0.0411567061757814,0.1123294127940474,0.6583566769819212,10.20386,10.097341,11.63366,1.5363197,2.8230746,2.699509,2.8546112,0.15510225,4.9319654,4.912084,5.0120044,0.09992027,13.668444444444447,72.6631111111111,3.6954722222222234,63.04527777777776,5.270722222222222,34.115972222222226,9.1,LOW,76.8,0.112,0.107,0.109,0.015,abnormal multi-parameter pattern (ensemble anomaly score) (contribution 0.11); high physics-normalised drift rate (contribution 0.11); significant deviation from lot population (contribution 0.11).
IC0107,LOT2026C,109.49,0.4373501143827009,0,8.344,9.955,1.6110000000000007,19.307286673058492,0.009426388888888894,3.7168560606061004e-05,0.02155341585355202,2.177,2.463,0.28600000000000003,13.137344970142397,0.0016986111111111063,8.417508417508371e-06,0.003883870279784003,4.823,4.945,0.12199999999999989,2.5295459257723385,0.0008083333333333383,5.366161616162222e-06,0.0018482522508865987,-0.689680686669469,-0.21662774376484534,-0.1632214124498459,-0.7552682197973233,-0.310495882794337,-0.2651994570586608,0.12438206398981502,-0.27519803799674075,-0.22797174379096125,0.07028621827683666,0.07370042382195413,0.1419115548666614,0.030988945489115797,0.07974095634017872,0.8296067467791306,9.986053,9.984632,11.22093,1.2362986,2.4756541,2.3956044,2.4944677,0.09886336,4.9575486,4.9434085,5.041693,0.09828472,13.057194444444447,73.8856111111111,3.0263055555555534,69.73694444444448,5.22716666666667,34.66041666666663,9.3,LOW,88.0,0.08,0.159,0.114,0.03,significant deviation from lot population (contribution 0.16); high physics-normalised drift rate (contribution 0.11); abnormal multi-parameter pattern (ensemble anomaly score) (contribution 0.08).
IC0108,LOT2026C,110.0,0.449885362349789,0,9.32,11.243,1.923,20.63304721030043,0.010840277777777805,4.632260101010169e-05,0.024095644546330924,2.359,2.726,0.367,15.557439593047901,0.0022250000000000026,-3.419612794612737e-06,0.004945704364282139,4.74,4.896,0.1559999999999997,3.2911392405063222,0.000952777777777783,-7.628367003366453e-07,0.0021178234668524105,0.09441324242887,-0.0651553032265301,-0.03380897572582216,0.08609090871371976,-0.025269809269751968,0.0102941245764769,-0.1346004205215525,-0.1121280433367299,-0.08391257246875485,0.06765414758182617,0.023066762579271777,0.15806348174108215,0.026243934759344213,0.06614826698953875,0.74821727500571,11.181376,10.926278,12.231317,1.3050385,2.7305279,2.6152399,2.7305279,0.11528802,4.9051046,4.880663,5.000029,0.11936617,14.740138888888904,70.51972222222219,3.4715000000000016,65.28499999999998,5.216388888888892,34.79513888888886,5.6,LOW,82.8,0.066,0.0,0.139,0.008,high physics-normalised drift rate (contribution 0.14); abnormal multi-parameter pattern (ensemble anomaly score) (contribution 0.07).
IC0109,LOT2026C,109.27,0.43204110468981693,0,10.554,11.7,1.145999999999999,10.858442296759513,0.007883333333333326,3.274936868686889e-05,0.0182467206193104,2.294,2.577,0.2829999999999999,12.33653007846556,0.0016263888888888923,5.6292087542088584e-06,0.0037644309100092572,4.589,4.654,0.0649999999999995,1.416430594900839,0.0004597222222222266,1.2889309764309204e-06,0.0010640705646567663,0.3726204827999415,-0.3819380398729662,-0.3315491042041066,-0.39057262797124404,-0.3496298031723753,-0.29618808348144177,-1.4136567725980924,-0.6687611981858054,-0.6470393489118555,0.19207778404362616,0.11516303763722095,0.3213303528935268,0.15423583843045877,0.1891775820497096,0.6199449092132063,11.743853,11.450658,12.4713125,1.0206547,2.5609477,2.4998834,2.5797746,0.079891205,4.689308,4.689308,4.9838576,0.29454947,14.495666666666663,71.00866666666667,3.1071944444444464,68.92805555555553,4.818861111111113,39.76423611111108,15.8,LOW,75.5,0.189,0.329,0.082,0.0,significant deviation from lot population (contribution 0.33); abnormal multi-parameter pattern (ensemble anomaly score) (contribution 0.19); high physics-normalised drift rate (contribution 0.08).
IC0110,LOT2026C,107.35,0.38812688197429057,0,9.909,10.944,1.0350000000000001,10.44504995458674,0.005168055555555572,4.27451599326608e-05,0.01331537648015296,2.271,2.507,0.2360000000000002,10.391897842360203,0.001175000000000001,1.1258417508417503e-05,0.003027360521958983,4.689,4.74,0.051000000000000156,1.0876519513755631,0.00035138888888889663,1.3415404040405187e-06,0.0009053454043210863,-0.08760856254038693,-0.6728305951307256,-0.5825797306720611,-0.6145085176890117,-0.594216805535144,-0.48742150128714734,-0.9591160854965105,-0.7910636941808096,-0.7318622591918699,0.19198316853336864,0.04274151724373764,0.24751076934605623,0.13189385447801555,0.14930279620071388,0.6285719452558878,10.805234,10.783389,11.912783,1.1293936,2.4749932,2.4438624,2.516135,0.07227254,4.732744,4.7285857,4.9838576,0.2552719,12.493027777777787,75.01394444444443,2.8585000000000003,71.41499999999999,4.864694444444448,39.191319444444396,10.9,LOW,75.9,0.149,0.212,0.033,0.0,significant deviation from lot population (contribution 0.21); abnormal multi-parameter pattern (ensemble anomaly score) (contribution 0.15).
IC0111,LOT2026C,110.46,0.4614698092603845,0,8.713,10.243,1.5300000000000011,17.559967864111112,0.009773611111111106,-4.703282828282808e-05,0.02117930775747963,2.361,2.68,0.31899999999999995,13.511224057602709,0.0019624999999999972,4.550715488215595e-06,0.004252715910376395,4.622,4.791,0.16900000000000048,3.656425789701438,0.0011055555555555712,-1.867634680134477e-06,0.0023957267265815024,-0.5143553360636292,-0.17942920728687173,-0.18226542703768842,-0.06106696167224161,-0.16750655833610265,-0.16950220517547615,-0.6895628873316191,0.06034983563060079,0.06459925273067678,0.12024581019742829,0.04424586328451564,0.22679616512048212,0.03917266013182344,0.10659492459832454,0.6284759526999275,10.167624,10.163086,10.893834,0.7307482,2.6806047,2.5991666,2.7000463,0.10087967,4.794563,4.791393,4.98799,0.1965971,13.599805555555552,72.8003888888889,3.342249999999999,66.57750000000001,5.174777777777786,35.31527777777767,9.4,LOW,77.0,0.107,0.142,0.111,0.002,significant deviation from lot population (contribution 0.14); high physics-normalised drift rate (contribution 0.11); abnormal multi-parameter pattern (ensemble anomaly score) (contribution 0.11).
IC0112,LOT2026C,110.33,0.45816886624374475,0,9.8,12.224,2.4239999999999995,24.734693877551013,0.013444444444444448,2.441077441077456e-05,0.029343863005506,2.34,2.734,0.39400000000000013,16.837606837606845,0.002141666666666672,3.735269360269409e-06,0.004674404623397763,4.92,5.037,0.11699999999999999,2.3780487804878048,0.0007027777777777719,-6.839225589224042e-07,0.001533883748015073,0.6916152179300116,0.21383372035827755,0.23335217354097826,0.11168358182432186,-0.0704243327828768,-0.06009477930604173,0.6106348920519689,-0.3943645725559915,-0.3959706373346185,0.1380666779350789,0.11094949596017936,0.18568423740646953,0.10248291377365572,0.13411747061267368,0.871161455628142,12.031556,11.565606,12.584502,1.0188961,2.7171915,2.609231,2.7362504,0.1270194,5.0388265,5.012418,5.1231127,0.110694885,16.522222222222226,66.95555555555555,3.410833333333336,65.89166666666664,5.271388888888886,34.10763888888893,13.5,LOW,91.0,0.134,0.142,0.191,0.072,high physics-normalised drift rate (contribution 0.19); significant deviation from lot population (contribution 0.14); abnormal multi-parameter pattern (ensemble anomaly score) (contribution 0.13).
IC0113,LOT2026C,111.48,0.4881263559034636,0,8.436,10.771,2.335000000000001,27.678994784257956,0.013465277777777776,-2.1832912457911294e-06,0.027585639691295002,2.212,2.64,0.42799999999999994,19.349005424954786,0.0024819444444444424,1.3415404040405502e-06,0.0050846351860076465,4.858,5.014,0.15600000000000058,3.2111980238781515,0.0009625000000000036,2.078072390572347e-06,0.0019718255086196503,-0.1929255266195893,0.2160656325469554,0.1438496185413669,-0.18903032722525212,0.11395663822905158,0.04633982157890735,0.48907168503643156,-0.10115217831153867,-0.16193405114329165,0.15100638621416118,0.035532938268892096,0.13312539083937813,0.04438770454708286,0.0967953505055621,0.7646316715203945,10.910816,10.620449,12.142106,1.521657,2.6305742,2.5623984,2.6434207,0.08102226,5.022011,4.957853,5.07952,0.121667385,15.168638888888887,69.66272222222223,3.4529722222222214,65.47027777777778,5.339250000000002,33.25937499999998,10.1,LOW,83.4,0.097,0.09,0.174,0.05,high physics-normalised drift rate (contribution 0.17); abnormal multi-parameter pattern (ensemble anomaly score) (contribution 0.10); significant deviation from lot population (contribution 0.09).
IC0114,LOT2026C,108.75,0.41972383295510446,0,9.006,10.21,1.2040000000000006,13.368865200977135,0.0062416666666666775,3.174978956228919e-05,0.014870889324348456,2.457,2.654,0.19700000000000006,8.01790801790802,0.0012347222222222247,4.8663720538720965e-06,0.002941749134255848,4.746,4.876,0.1299999999999999,2.7391487568478694,0.0007986111111111205,6.786616161616247e-06,0.0019027061329551507,-0.5344446991538813,-0.5578127203408285,-0.5033961748831395,-0.14424314928169915,-0.5618560636840694,-0.509633434555647,-0.24030755705680149,-0.2861739030219288,-0.19887152588391424,0.09056020950350784,0.03254675089500275,0.22026390891000897,0.07033959861264984,0.09606382016862783,0.6582658900169294,10.192762,10.143184,10.93447,0.79128647,2.6467125,2.5372808,2.6545777,0.117296934,4.891236,4.8796754,4.99973,0.12005472,12.12683333333334,75.74633333333333,3.074361111111112,69.25638888888888,5.145305555555561,35.68368055555548,7.0,LOW,78.8,0.096,0.102,0.049,0.008,significant deviation from lot population (contribution 0.10); abnormal multi-parameter pattern (ensemble anomaly score) (contribution 0.10).
IC0115,LOT2026C,109.56,0.4390516950127132,0,9.158,10.736,1.5780000000000012,17.230836427167517,0.009322222222222235,9.12773569023546e-06,0.021232630070935725,2.299,2.679,0.3799999999999999,16.528925619834705,0.0023472222222222223,-5.681818181818124e-06,0.0053461181197677786,4.797,4.952,0.15500000000000025,3.231186158015432,0.0010069444444444427,3.340698653198693e-06,0.002293453039545345,-0.21423242686682686,-0.22778730470823688,-0.17955104869095811,-0.06426604581106794,0.04095682521616524,0.11418174811876758,0.16137956177715124,-0.05097679533923377,0.009944075434729511,0.07820450910069356,0.01634210883528319,0.13045702034411885,0.038735499834101496,0.06417593987976669,0.8103934550307011,10.64126,10.527331,11.22579,0.6984587,2.6804032,2.609741,2.7098753,0.10013437,4.957917,4.9212027,5.022507,0.10130453,13.819111111111116,72.36177777777777,3.472611111111111,65.27388888888889,5.300472222222221,33.74409722222224,5.6,LOW,88.2,0.064,0.019,0.111,0.02,high physics-normalised drift rate (contribution 0.11); abnormal multi-parameter pattern (ensemble anomaly score) (contribution 0.06).
IC0116,LOT2026C,111.86,0.49840834223799724,0,8.641,10.024,1.3829999999999991,16.005092003240357,0.007808333333333334,1.1652988215487676e-05,0.01566653820092911,2.477,2.667,0.18999999999999995,7.670569236980216,0.001116666666666669,1.2100168350168398e-05,0.002240465441755075,4.698,4.792,0.09399999999999942,2.00085142613877,0.0005749999999999926,4.156144781144901e-06,0.0011536725035902824,-0.6476756547534872,-0.3899729237522078,-0.462893579586537,-0.1026550554769711,-0.6258249719943316,-0.6915819696515665,-0.6842775305048594,-0.5386187986013872,-0.5991559685391442,0.1443168186434318,0.07985433480803339,0.28166081897829565,0.07226844267899928,0.14163961716512016,0.583576586546948,9.999744,9.984166,10.884211,0.90004444,2.6602583,2.536546,2.6667678,0.13022184,4.775115,4.7702346,4.9838576,0.21362305,12.545166666666667,74.90966666666667,3.0353333333333343,69.64666666666666,4.9854999999999965,37.68125000000004,9.6,LOW,73.7,0.142,0.141,0.057,0.0,abnormal multi-parameter pattern (ensemble anomaly score) (contribution 0.14); significant deviation from lot population (contribution 0.14); high physics-normalised drift rate (contribution 0.06).
IC0117,LOT2026C,109.0,0.42560532179770605,0,9.11,10.535,1.4250000000000007,15.642151481888044,0.008759722222222216,3.146043771043777e-05,0.02058179673417192,2.244,2.574,0.3299999999999996,14.705882352941158,0.001898611111111109,7.707281144781175e-06,0.004460966566610592,4.658,4.774,0.11599999999999966,2.4903392013739727,0.0006430555555555496,3.4985269360269783e-06,0.0015109199124657552,-0.3365949111438195,-0.28804893380255797,-0.21268179269171278,-0.40016988038772017,-0.20212502636283247,-0.11547142955675699,-0.7794139533865845,-0.4617877434250344,-0.40824253775900843,0.08024272348378375,0.015174031373411435,0.15756330159204723,0.03323251385730847,0.06913470002835345,0.7450514369175194,10.606606,10.455788,11.169296,0.7135086,2.5766149,2.5107896,2.5766149,0.065825224,4.770044,4.768894,4.9838576,0.21496344,13.489861111111107,73.02027777777778,3.193305555555555,68.06694444444446,4.9795277777777756,37.755902777777806,8.2,LOW,84.1,0.069,0.165,0.105,0.0,significant deviation from lot population (contribution 0.17); high physics-normalised drift rate (contribution 0.10); abnormal multi-parameter pattern (ensemble anomaly score) (contribution 0.07).
IC0118,LOT2026C,109.66,0.44149292740233803,0,9.341,10.833,1.4920000000000009,15.972593940691585,0.009168055555555546,3.0145202020201657e-05,0.020766030408456763,2.294,2.61,0.31599999999999984,13.775065387968608,0.0019680555555555528,5.97117003367006e-06,0.00445772838793868,4.762,4.912,0.15000000000000036,3.1499370012599823,0.0007416666666666706,-3.78787878787858e-06,0.0016799061109098595,-0.15518187475305473,-0.2443034549044601,-0.20330335683991702,-0.2850028513900107,-0.16449625676856092,-0.11631157723455667,-0.050034711293351436,-0.3504611124552083,-0.31793611678031236,0.04117852717441781,0.01237385305460543,0.1093281118231207,0.06011598990622505,0.04900766127798576,0.8552743392000258,10.746648,10.667577,11.628445,0.9608679,2.6352205,2.5673676,2.6352205,0.067852974,4.9142127,4.9110966,5.0105066,0.09941006,13.925027777777771,72.14994444444446,3.278027777777776,67.21972222222223,5.132833333333335,35.839583333333316,5.1,LOW,90.3,0.049,0.037,0.107,0.014,high physics-normalised drift rate (contribution 0.11).
IC0119,LOT2026C,108.62,0.41669464954566626,0,8.145,9.542,1.3970000000000002,17.151626764886437,0.008152777777777747,-3.235479797979967e-06,0.019565352678914755,2.452,2.709,0.2570000000000001,10.48123980424144,0.0016902777777777764,6.128998316498233e-06,0.004056394243652356,4.806,4.941,0.1349999999999998,2.808988764044939,0.0008388888888888855,3.1039562289561277e-06,0.002013198129142165,-0.9411021095868713,-0.35307197556606035,-0.26442399132164457,0.03170647835369065,-0.3150113351456477,-0.22043799628256627,0.10324063668276241,-0.24070246220328634,-0.13982447461989347,0.09193424862368633,0.04376801777780648,0.24155585668988352,0.039259450606348494,0.09950748128056114,0.5947010805602533,9.546509,9.546509,10.809065,1.2625561,2.7026045,2.5795684,2.7060845,0.1265161,4.9580297,4.933902,5.035969,0.10206699,12.221388888888873,75.55722222222225,3.297138888888888,67.02861111111112,5.225444444444443,34.68194444444447,10.6,LOW,73.8,0.1,0.207,0.095,0.027,significant deviation from lot population (contribution 0.21); abnormal multi-parameter pattern (ensemble anomaly score) (contribution 0.10); high physics-normalised drift rate (contribution 0.10).
IC0120,LOT2026C,109.83,0.44567125311396133,0,9.891,11.212,1.3209999999999997,13.35557577595794,0.008070833333333348,3.3933080808080142e-06,0.01810938730497293,2.172,2.517,0.34499999999999975,15.883977900552473,0.0020291666666666657,7.891414141399268e-08,0.0045530571076519335,4.748,4.918,0.16999999999999993,3.5804549283908997,0.0009513888888888909,7.838804713804783e-06,0.002134732456359742,0.07554141649560217,-0.3618508301748574,-0.3385400719727738,-0.5825176763007598,-0.13138293952560068,-0.09157847550999758,-0.018322570332774863,-0.11369602405461816,-0.07487638881096036,0.05115091515656196,0.039911891233049585,0.10186477279372207,0.06480342711926147,0.0599698563013452,0.9220088463946183,11.24961,10.977368,12.048318,1.0709496,2.5095177,2.4729762,2.519519,0.046542883,4.920276,4.895795,5.0067215,0.11092663,13.926416666666675,72.14716666666665,3.186583333333333,68.13416666666667,5.223694444444446,34.70381944444443,6.5,LOW,94.1,0.06,0.114,0.081,0.012,significant deviation from lot population (contribution 0.11); high physics-normalised drift rate (contribution 0.08); abnormal multi-parameter pattern (ensemble anomaly score) (contribution 0.06).
IC0121,LOT2026C,112.14,0.5061095600709969,0,9.113,10.228,1.1150000000000002,12.235268298035775,0.0071236111111110945,-1.0995370370369957e-05,0.014075235231896816,2.162,2.348,0.18599999999999994,8.60314523589269,0.0010847222222222191,-2.9198232323232853e-06,0.0021432557450012492,4.565,4.7,0.1349999999999998,2.957283680175242,0.0007347222222222258,1.3941498316496888e-06,0.0014517058759355565,-0.523486864741017,-0.46332843768677573,-0.5438990356942394,-1.1231628957622288,-0.6431342060076997,-0.7168030921596414,-1.1705303585670133,-0.3583010160446323,-0.43988658774639705,0.176554591762805,0.06176360324484477,0.2690755381456466,0.0726185180633925,0.1450310734290734,0.5806926148611882,10.318871,10.203441,11.429207,1.2257662,2.3615553,2.330664,2.3811285,0.05046463,4.7016983,4.695749,4.9838576,0.28810883,12.674805555555547,74.6503888888889,2.704361111111109,72.95638888888891,4.932361111111113,38.345486111111086,12.0,LOW,72.7,0.145,0.266,0.041,0.0,significant deviation from lot population (contribution 0.27); abnormal multi-parameter pattern (ensemble anomaly score) (contribution 0.14).
IC0122,LOT2026C,108.73,0.419256509998739,0,8.392,9.68,1.2880000000000003,15.347950428979985,0.008459722222222245,-2.4752735690235297e-05,0.020177915000646477,2.383,2.705,0.32200000000000006,13.512379353755774,0.0018763888888888884,-1.3941498316496283e-06,0.0044755152135730275,4.762,4.929,0.1670000000000007,3.506929861402787,0.0009819444444444472,8.15446127945916e-07,0.0023421089977765657,-0.8570920457549066,-0.32018846931952494,-0.2332414376333003,0.0189101417983896,-0.21416623263299858,-0.11169677312206466,0.03981635476161396,-0.07920044826115362,0.035945876100148155,0.0926533477590259,0.02730957418822671,0.2074243824258229,0.04126365900915034,0.0882959693086642,0.6568165434288136,9.652301,9.601312,10.809065,1.2077532,2.6927211,2.6013818,2.7056696,0.10428786,4.9308095,4.914186,5.013634,0.099448204,12.621861111111123,74.75627777777775,3.321194444444444,66.78805555555556,5.2529722222222235,34.33784722222221,9.6,LOW,77.7,0.088,0.185,0.101,0.016,significant deviation from lot population (contribution 0.18); high physics-normalised drift rate (contribution 0.10); abnormal multi-parameter pattern (ensemble anomaly score) (contribution 0.09).
IC0123,LOT2026C,109.73,0.44320909822028426,0,8.79,9.973,1.1830000000000016,13.458475540386821,0.006899999999999984,1.3126052188552605e-05,0.01556827246486384,2.171,2.366,0.19500000000000028,8.982035928143727,0.0011194444444444502,5.892255892256004e-06,0.002525770452230344,4.667,4.774,0.1070000000000002,2.2926933790443584,0.0007263888888889002,2.0254629629629486e-06,0.0016389304547350912,-0.6787228522566037,-0.48728429517859134,-0.4678958079017189,-1.0655793812633734,-0.6243198212105588,-0.6175593889661559,-0.7794139533865845,-0.3677089003519319,-0.33983355509460705,0.10286323334561671,0.03579397406689225,0.20117243266592905,0.032552865546619555,0.09185774025621227,0.6704134598480589,9.990185,9.990185,11.22093,1.2307453,2.3862813,2.3432882,2.3862813,0.04299307,4.777335,4.773663,4.9838576,0.21019459,12.239999999999991,75.52000000000001,2.7307222222222247,72.69277777777775,5.03019444444445,37.12256944444437,9.6,LOW,78.3,0.092,0.239,0.056,0.0,significant deviation from lot population (contribution 0.24); abnormal multi-parameter pattern (ensemble anomaly score) (contribution 0.09); high physics-normalised drift rate (contribution 0.06).
IC0124,LOT2026C,109.34,0.433723967927156,1,9.36,16.605,7.245000000000001,77.40384615384616,0.04432916666666667,0.00016779776936026903,0.10220594190015286,2.403,3.912,1.509,62.79650436953808,0.009066666666666659,4.019360269360244e-05,0.0209042325006798,4.933,5.643,0.71,14.392864382728563,0.004298611111111103,2.191182659932661e-05,0.009910937437132953,3.3586303603056504,3.5225691430011694,3.9424044713604993,3.880204697360478,3.68191657115791,4.150745197023691,3.813561129070081,3.6651375060475386,4.080736596604647,0.7508511450846378,0.5107445723235974,0.4690136898939619,0.68807544749923,0.6130353275803793,0.39456249059774406,16.564028,14.047039,16.67908,2.63204,3.9114783,2.878325,3.9198835,1.0415585,5.6469626,5.4441533,5.6605525,0.2163992,31.524583333333336,36.95083333333333,6.93633333333333,30.636666666666702,7.082305555555552,11.471180555555605,69.1,HIGH,55.5,0.613,0.968,0.908,0.352,significant deviation from lot population (contribution 0.97); high physics-normalised drift rate (contribution 0.91); abnormal multi-parameter pattern (ensemble anomaly score) (contribution 0.61).
IC0125,LOT2026C,111.37,0.4851860434528564,0,9.265,11.126,1.8609999999999989,20.086346465191568,0.011345833333333348,-7.81250000000025e-06,0.0233845006187524,2.317,2.745,0.42799999999999994,18.472162278808803,0.002480555555555557,-1.0390361952861845e-05,0.005112586375944639,4.742,4.927,0.1849999999999996,3.901307465204547,0.0011666666666666633,-8.680555555555713e-07,0.0024045758991004937,0.023187318745247064,-0.01099423411460021,-0.07000983711600295,0.14687350735140012,0.11320406283716802,0.05359177698241612,0.029245641108085304,0.12934098721750686,0.06932826081637242,0.11993348139686603,0.07166925246081349,0.1776381093333149,0.02851237095892037,0.10328197173764819,0.7423192325788641,11.123667,10.893988,12.265617,1.3716297,2.7349265,2.6243308,2.750111,0.12578034,4.926843,4.8837523,5.001196,0.11744356,14.937916666666675,70.12416666666665,3.5572777777777786,64.42722222222221,5.325333333333331,33.43333333333336,7.0,LOW,82.3,0.103,0.001,0.133,0.009,high physics-normalised drift rate (contribution 0.13); abnormal multi-parameter pattern (ensemble anomaly score) (contribution 0.10).
IC0126,LOT2026C,110.1,0.4523810754191144,0,9.254,10.559,1.3049999999999997,14.102009941646854,0.007795833333333339,-1.2363215488215313e-05,0.01723289004985628,2.363,2.668,0.30500000000000016,12.907321201862047,0.0019041666666666686,-3.0250420875420004e-06,0.004209209381498835,4.682,4.807,0.125,2.669799231097821,0.0007499999999999997,2.630471380474058e-07,0.0016578942859295173,-0.3219844652600001,-0.39131207106541444,-0.3831582630461246,-0.09945597133814477,-0.19911472479528852,-0.18079000393798839,-0.604997178103418,-0.34105322814790484,-0.32969926164945784,0.04903698953354845,0.0031104274053836687,0.16673157875047284,0.0,0.05144239030845163,0.6754241733836437,10.6398115,10.529352,11.169296,0.6399441,2.6698275,2.5949621,2.680301,0.08533883,4.8083153,4.799521,4.9838576,0.18433666,13.151916666666668,73.69616666666667,3.3150833333333343,66.84916666666666,5.057,36.787499999999994,5.9,LOW,80.1,0.051,0.12,0.072,0.0,significant deviation from lot population (contribution 0.12); high physics-normalised drift rate (contribution 0.07); abnormal multi-parameter pattern (ensemble anomaly score) (contribution 0.05).
IC0127,LOT2026C,110.94,0.47384531280536224,0,8.887,9.612,0.7249999999999996,8.157983571508941,0.004812500000000011,8.65425084175108e-06,0.01015626802660134,2.228,2.391,0.1629999999999998,7.315978456014354,0.001065277777777777,-8.154461279462769e-07,0.0022481551447051094,4.736,4.821,0.08499999999999996,1.794763513513513,0.0006069444444444442,1.4730639730639935e-06,0.001280891523124033,-0.8984883090923963,-0.7109218964841723,-0.7433945008030238,-0.9856022777927422,-0.6536702614940946,-0.689586870946088,-0.5310021825287456,-0.5025552420900306,-0.5311699765451771,0.20086278875747593,0.012730492492911352,0.2046317390729495,0.030496278097437685,0.11962191334219553,0.5455372173807472,9.685637,9.685637,10.859324,1.173687,2.4207604,2.3527076,2.4849029,0.13219523,4.842677,4.842677,4.993994,0.15131712,11.293250000000006,77.41349999999998,2.760638888888889,72.39361111111111,5.039472222222222,37.006597222222226,9.3,LOW,70.9,0.12,0.219,0.002,0.005,significant deviation from lot population (contribution 0.22); abnormal multi-parameter pattern (ensemble anomaly score) (contribution 0.12).
IC0128,LOT2026C,108.93,0.4239510248740361,0,9.97,11.457,1.487,14.914744232698093,0.009572222222222261,1.980744949494896e-05,0.022578603802329174,2.176,2.408,0.23199999999999976,10.66176470588234,0.0014916666666666685,-3.156565656565921e-07,0.0035184881723304504,4.643,4.835,0.19200000000000017,4.135257376696106,0.0012333333333333404,2.262205387205288e-06,0.0029091410586866424,0.22468971822626507,-0.2010043584440923,-0.11103410493962672,-0.9312178474327131,-0.4226296161852637,-0.3599980954875167,-0.4570071869540685,0.20460406167598508,0.3389684689061558,0.1406413475643937,0.08855749682324399,0.19753130709369182,0.14515796967442524,0.13707167756441313,0.8370560464818223,11.420702,11.147778,12.249627,1.1018496,2.4261284,2.3516662,2.4518158,0.10014963,4.8432426,4.830816,5.0643263,0.2335105,14.756111111111132,70.48777777777774,2.9218333333333346,70.78166666666665,5.25966666666667,34.25416666666663,12.9,LOW,88.4,0.137,0.204,0.125,0.042,significant deviation from lot population (contribution 0.20); abnormal multi-parameter pattern (ensemble anomaly score) (contribution 0.14); high physics-normalised drift rate (contribution 0.12).
IC0129,LOT2026C,110.57,0.46427971949919333,0,9.42,11.309,1.8889999999999993,20.053078556263262,0.011379166666666652,1.7545244107743946e-05,0.024509290819209308,2.462,2.914,0.45199999999999996,18.35905767668562,0.0025152777777777864,-6.102693602693486e-06,0.005417591318636429,4.817,4.957,0.13999999999999968,2.9063732613659887,0.0007472222222222187,-5.260942760941275e-07,0.0016094224900200858,0.1345919686093743,-0.00742317461271782,-0.01275226581335262,0.6875187268128692,0.13201844763430787,0.13272551859544376,0.18780634591096348,-0.3441891895836779,-0.3556026457559323,0.1765242697624316,0.10680936031954784,0.2589228069932647,0.06810855488587603,0.15582714714424975,0.64679859360832,11.255423,10.936644,12.42691,1.4902668,2.8792806,2.7036338,2.9135835,0.20994973,4.951713,4.943786,5.035324,0.09153795,15.109583333333326,69.78083333333335,3.7196388888888934,62.80361111111107,5.190611111111109,35.11736111111114,12.5,LOW,76.1,0.156,0.141,0.144,0.027,abnormal multi-parameter pattern (ensemble anomaly score) (contribution 0.16); high physics-normalised drift rate (contribution 0.14); significant deviation from lot population (contribution 0.14).
IC0130,LOT2026C,112.91,0.5278464906372202,0,9.641,10.653,1.0120000000000005,10.496836427756461,0.006443055555555543,-3.2012836700336176e-05,0.01220630556391014,2.463,2.747,0.2839999999999998,11.530653674380828,0.0014819444444444413,5.15572390572377e-06,0.002807529216790713,4.648,4.75,0.10200000000000031,2.1944922547332255,0.0005041666666666654,-5.997474747474787e-06,0.000955138805712304,-0.2647602188817044,-0.5362375691836057,-0.6390371100488312,0.15327167562904992,-0.4278976439284644,-0.5444568842160705,-0.9062625172288861,-0.6185858152135009,-0.7052526075789077,0.19171343491655218,0.10707669229462252,0.29841707504257975,0.11730467497373144,0.17650182616375568,0.625390066688238,10.738116,10.509615,11.254362,0.74474716,2.7274182,2.5399826,2.7274182,0.18743563,4.7490473,4.7339892,4.9838576,0.2498684,12.862527777777771,74.27494444444446,3.203972222222221,67.96027777777779,4.900083333333332,38.74895833333335,11.5,LOW,76.4,0.177,0.198,0.023,0.0,significant deviation from lot population (contribution 0.20); abnormal multi-parameter pattern (ensemble anomaly score) (contribution 0.18).
IC0131,LOT2026C,111.71,0.49432647166576404,0,9.298,11.082,1.7840000000000007,19.1869219186922,0.011593055555555556,2.3174452861952638e-05,0.023452224835319224,2.292,2.697,0.40500000000000025,17.67015706806284,0.0025888888888888923,3.0513468013469677e-06,0.005237204635561889,4.824,5.018,0.19399999999999995,4.02155887230514,0.001223611111111118,-5.260942760942666e-07,0.0024753097016792084,-0.003598498708422112,0.015491123857716211,-0.06656232827620694,-0.006682531312212503,0.17190494340423326,0.08592406992752363,0.5102131123434794,0.1936281966507919,0.10712848717752263,0.11756320370864289,0.018145351826709885,0.11435058125460731,0.038801995921961464,0.07528114248525365,0.8046831148763653,11.123667,10.896299,12.461211,1.5649118,2.710997,2.6164815,2.710997,0.09451556,5.0114255,4.9508734,5.1102033,0.15932989,15.094527777777778,69.81094444444444,3.586444444444446,64.13555555555554,5.435805555555559,32.05243055555551,8.9,LOW,85.5,0.075,0.095,0.133,0.066,high physics-normalised drift rate (contribution 0.13); significant deviation from lot population (contribution 0.10); abnormal multi-parameter pattern (ensemble anomaly score) (contribution 0.07).
IC0132,LOT2026C,110.24,0.45589613988394745,0,9.894,12.051,2.157,21.80109157064888,0.012256944444444461,-8.180765993266203e-06,0.026885387640186158,2.281,2.599,0.31800000000000006,13.941253836036827,0.0018638888888888882,-2.0517676767676533e-06,0.004088406823017537,4.803,4.912,0.10899999999999999,2.2694149489902142,0.0006527777777777813,4.129840067340003e-06,0.0014318563389107701,0.5862982538508092,0.08661472560360552,0.10820320934442985,-0.32019277691708753,-0.2209394111599676,-0.212132310605824,-0.050034711293351436,-0.45081187839983067,-0.45049420341736257,0.06919265798948787,0.08815638144179372,0.1445951814924396,0.054702415774362606,0.08778874339350119,0.8617736613420878,11.835133,11.525595,12.40248,0.8768854,2.6111963,2.5364912,2.6240623,0.087571144,4.928576,4.913216,5.044595,0.13137865,16.02247222222223,67.95505555555553,3.212944444444444,67.87055555555555,5.129388888888891,35.88263888888886,9.8,LOW,90.8,0.088,0.115,0.167,0.032,high physics-normalised drift rate (contribution 0.17); significant deviation from lot population (contribution 0.12); abnormal multi-parameter pattern (ensemble anomaly score) (contribution 0.09).
IC0133,LOT2026C,112.34,0.5116762000342139,0,8.965,10.467,1.5020000000000007,16.75404350250977,0.009222222222222241,-1.002209595959531e-05,0.018023551264658363,2.477,2.679,0.20199999999999996,8.155026241421073,0.0012319444444444424,1.2100168350167103e-06,0.0024076641523722753,4.759,4.917,0.15799999999999947,3.320025215381371,0.0009500000000000037,-1.0258838383836835e-06,0.0018566429314798708,-0.3779911744813092,-0.23850048321389297,-0.34290956523174065,-0.06426604581106794,-0.5633612144678427,-0.6482021494845767,-0.02360792715953919,-0.11526400477250104,-0.22348775432359394,0.07863600204219157,0.06240692261742325,0.20888525294592436,0.08825030457098335,0.1012592737748264,0.7280452848700677,10.484721,10.37143,11.026539,0.65510845,2.6721585,2.536546,2.6858346,0.14928865,4.922004,4.9110966,5.007401,0.09630442,13.576111111111121,72.84777777777776,3.092972222222221,69.07027777777779,5.234000000000002,34.574999999999974,7.1,LOW,83.3,0.101,0.061,0.08,0.012,abnormal multi-parameter pattern (ensemble anomaly score) (contribution 0.10); high physics-normalised drift rate (contribution 0.08); significant deviation from lot population (contribution 0.06).
IC0134,LOT2026C,109.68,0.4419826466931335,0,9.282,10.407,1.125,12.120232708468002,0.006466666666666688,5.182028619528589e-06,0.014631041999158998,2.407,2.528,0.121,5.027004570004155,0.0007277777777777762,1.972853535353478e-06,0.001646620706090909,4.708,4.779,0.07099999999999973,1.5080713678844462,0.0003902777777777759,8.312289562289512e-06,0.0008830160656708859,-0.41451728919085945,-0.5337080687030997,-0.5156056298714624,-0.5473277507736816,-0.8365460817222564,-0.8456553936937197,-0.7529871692527722,-0.7471602340800484,-0.7437950837354546,0.2095689380447593,0.05984757071538577,0.2890088893732813,0.05985390641981515,0.15808326336791,0.5008816007203625,10.411205,10.337633,11.229249,0.89161587,2.53428,2.468217,2.5550551,0.086838245,4.7981033,4.7981033,4.9838576,0.1857543,12.515333333333345,74.96933333333331,2.770888888888888,72.29111111111112,4.903138888888888,38.7107638888889,10.4,LOW,69.0,0.158,0.158,0.046,0.0,abnormal multi-parameter pattern (ensemble anomaly score) (contribution 0.16); significant deviation from lot population (contribution 0.16).
IC0135,LOT2026C,110.12,0.4528817200749903,0,8.956,10.597,1.641,18.322912014292093,0.009881944444444471,-2.5436658249158104e-05,0.021820144215156604,2.34,2.68,0.3400000000000003,14.529914529914546,0.001806944444444446,-2.7356902356902795e-06,0.003989881605610497,4.932,5.022,0.08999999999999986,1.8248175182481723,0.0006708333333333348,-5.892255892255581e-06,0.0014812550465102788,-0.29885125927728495,-0.16782326390574023,-0.14964357528802696,-0.06106696167224161,-0.2517950022272693,-0.23769474584981495,0.531354539650532,-0.4304281290673317,-0.42409547662571684,0.06887484864497728,0.055237185571374796,0.16502550495573576,0.08068432926259585,0.08578510307769102,0.8130916858346366,10.677051,10.582753,11.218902,0.63614845,2.6727772,2.5795684,2.6889296,0.10936117,5.0195727,5.01493,5.1256733,0.11074352,13.896972222222235,72.20605555555554,3.243472222222223,67.56527777777777,5.2674166666666675,34.15729166666666,9.3,LOW,88.5,0.086,0.101,0.117,0.074,high physics-normalised drift rate (contribution 0.12); significant deviation from lot population (contribution 0.10); abnormal multi-parameter pattern (ensemble anomaly score) (contribution 0.09).
IC0136,LOT2026D,109.59,0.4397827777465479,0,9.982,11.78,1.798,18.012422360248447,0.010994444444444461,-8.022937710437836e-06,0.024999715770545,2.169,2.418,0.2490000000000001,11.479944674965427,0.0013736111111111097,-1.1311026936025638e-06,0.0031233854089273553,5.084,5.202,0.11800000000000033,2.321007081038559,0.0008055555555555635,-2.2885101010100868e-06,0.00183171237328401,-0.6533981259606253,-0.18533085014384082,-0.1844662349461341,0.5742818675580268,-0.25112435284463774,-0.25318783208245443,-0.26404093985605775,-0.2630023394691767,-0.2632939057169547,0.008438607506289122,0.03440878980969346,0.06628864009398691,0.046204566781987,0.033464562606204666,0.935481698842682,11.614689,11.278489,11.976607,0.6981182,2.4226058,2.4178443,2.5742762,0.15643191,5.212004,5.1523843,5.2561817,0.103797436,15.47922222222223,69.04155555555553,2.855805555555555,71.44194444444445,5.486777777777782,31.415277777777728,9.8,LOW,95.6,0.033,0.133,0.148,0.142,high physics-normalised drift rate (contribution 0.15); predicted value approaching the safety limit (contribution 0.14); significant deviation from lot population (contribution 0.13).
IC0137,LOT2026D,110.73,0.4683945237309235,0,11.163,12.355,1.1920000000000002,10.678133118337366,0.007208333333333326,-2.9145622895622492e-05,0.015389448356305431,2.022,2.233,0.2110000000000003,10.435212660731965,0.0013444444444444463,-1.5283038720538727e-05,0.002870324857206877,4.941,5.09,0.14900000000000002,3.0155838899008303,0.0009583333333333346,-1.183712121212002e-06,0.0020459960242487038,-0.35917964608259595,-0.555726838790533,-0.5871762855781637,-0.14292433517533,-0.27173155269164667,-0.3308581594464508,-0.9618733136759404,-0.07904563742418534,-0.15216312159713957,0.051182254302310784,0.08481500289779675,0.17352981603168544,0.16852836460890164,0.10334350777282011,0.7570331980264398,12.359645,11.921833,12.624787,0.7029543,2.2381165,2.189702,2.283532,0.09382987,5.1033626,5.029645,5.1723766,0.14273167,14.767166666666663,70.46566666666668,2.6942222222222227,73.05777777777777,5.420166666666667,32.24791666666667,11.4,LOW,84.9,0.103,0.212,0.054,0.098,significant deviation from lot population (contribution 0.21); abnormal multi-parameter pattern (ensemble anomaly score) (contribution 0.10); predicted value approaching the safety limit (contribution 0.10).
IC0138,LOT2026D,108.95,0.42442308570478515,0,10.548,11.915,1.366999999999999,12.959802806219182,0.007869444444444415,-6.128998316498127e-06,0.018541508955330823,1.897,2.056,0.15900000000000003,8.38165524512388,0.000938888888888891,4.971590909090874e-06,0.0022121532039893594,4.992,5.097,0.10500000000000043,2.103365384615393,0.0005555555555555631,1.6571969696968734e-06,0.001308966392893127,-0.5843207437283926,-0.4910502098118762,-0.4550918774431813,-0.8291162156283254,-0.5582697600881834,-0.5328667594418112,-0.9182587903121943,-0.5640223973609944,-0.5343979793818746,0.0241204988310227,0.011051084949055566,0.12278712011937082,0.0059510521328840875,0.037207581919381394,0.7860768951737002,11.797321,11.453336,12.3000965,0.84676075,2.0288568,2.004802,2.1364033,0.13160133,5.0810423,5.072772,5.2074747,0.13470268,14.482722222222208,71.03455555555558,2.3664444444444452,76.33555555555554,5.269777777777781,34.12777777777774,9.5,LOW,86.2,0.037,0.201,0.085,0.116,significant deviation from lot population (contribution 0.20); predicted value approaching the safety limit (contribution 0.12); high physics-normalised drift rate (contribution 0.09).
IC0139,LOT2026D,111.4,0.4859863524295919,0,11.379,13.082,1.7030000000000012,14.966165743914239,0.009922222222222232,5.079440235690285e-05,0.02041666843650662,1.962,2.155,0.19299999999999984,9.836901121304784,0.0010875,5.10311447811444e-06,0.0022377171592643714,5.223,5.284,0.06099999999999994,1.1679111621673357,0.00040972222222221785,1.288930976430957e-06,0.0008430735146653672,0.012814849345798919,-0.290226559327717,-0.37651492041818385,-0.4453139774088545,-0.45327117039150877,-0.5250205710041841,0.24687204811921207,-0.7396174311312355,-0.7760171633009461,0.09924081503895013,0.12449499535989599,0.23272882545065465,0.15130778613538923,0.14132471688204065,0.7724113501774424,13.06719,12.491174,13.406538,0.91536427,2.165052,2.0980203,2.2270436,0.12902331,5.2818527,5.26673,5.386956,0.12022638,16.340111111111113,67.31977777777777,2.50575,74.9425,5.427861111111109,32.15173611111114,13.5,LOW,85.3,0.141,0.079,0.103,0.21,predicted value approaching the safety limit (contribution 0.21); abnormal multi-parameter pattern (ensemble anomaly score) (contribution 0.14); high physics-normalised drift rate (contribution 0.10).
IC0140,LOT2026D,108.91,0.42347943974852575,0,11.485,12.93,1.4450000000000003,12.581628210709624,0.0090777777777778,-2.4752735690234853e-05,0.021436171218060657,1.957,2.116,0.15900000000000003,8.124680633622894,0.0009583333333333352,-6.70770202020215e-06,0.0022629984915027304,5.02,5.167,0.14700000000000024,2.9282868525896464,0.0008347222222222242,-1.9728535353536336e-06,0.001971104483178466,-0.06496116620456749,-0.37283872407356594,-0.333793526820875,-0.596508798525615,-0.5445316268568428,-0.5172611263266106,-0.4821135566747718,-0.2278833327151385,-0.19100302210101958,0.03782747754585835,0.015436317486429978,0.18292832512320334,0.013560271784065582,0.05649021817922992,0.6603805775577218,12.9113865,12.498152,13.302658,0.8045063,2.1115549,2.0551188,2.1671216,0.11200285,5.1736593,5.136513,5.236072,0.09955883,16.023888888888898,67.9522222222222,2.4361666666666677,75.63833333333332,5.4373611111111115,32.03298611111111,9.5,LOW,78.9,0.056,0.118,0.113,0.131,predicted value approaching the safety limit (contribution 0.13); significant deviation from lot population (contribution 0.12); high physics-normalised drift rate (contribution 0.11).
IC0141,LOT2026D,111.64,0.49243197538018413,0,9.958,11.388,1.4299999999999997,14.36031331592689,0.008699999999999984,-6.373632154882113e-05,0.01766741486127726,1.875,2.076,0.20100000000000007,10.720000000000002,0.0011625000000000019,-2.0780723905724173e-06,0.002360732158187918,5.162,5.277,0.11500000000000021,2.227818674932201,0.000659722222222226,1.3152356902356306e-06,0.0013397225509429699,-0.853978376590516,-0.40979679777566047,-0.4917200441424658,-0.7515804099274219,-0.40028122792776427,-0.4872643297721362,0.20325752475547149,-0.43859737323940834,-0.5184473646466647,0.0381027989064779,0.03219925327541543,0.10247951242049884,0.04424216288967175,0.050127982517442424,0.8950749948058024,11.256584,10.935737,11.949195,1.0134583,2.0580955,2.0113037,2.1430259,0.13172221,5.2679873,5.2322774,5.319332,0.08705473,14.307999999999993,71.38400000000001,2.4562500000000007,75.43749999999999,5.491861111111113,31.351736111111084,10.7,LOW,92.5,0.05,0.184,0.076,0.175,significant deviation from lot population (contribution 0.18); predicted value approaching the safety limit (contribution 0.17); high physics-normalised drift rate (contribution 0.08).
IC0142,LOT2026D,109.52,0.43807863043280776,0,10.336,12.317,1.9809999999999999,19.166021671826623,0.01209027777777779,6.155303030303311e-06,0.02759841941122072,1.962,2.264,0.3019999999999998,15.39245667686034,0.0018791666666666655,-5.65551346801355e-06,0.004289564786143777,5.126,5.291,0.16500000000000004,3.2188841201716745,0.0009249999999999929,9.469696969697747e-07,0.0021114930876361677,-0.37862364997018755,-0.0781252613535851,-0.07556977768798127,-0.022743836338930887,0.10606711117022348,0.10474047154975147,0.2904865714829582,-0.11918164514310436,-0.11819534113873502,0.023567715267154194,0.00151423819350227,0.03933242052740906,0.00010356911342787264,0.016584991274050644,0.9612394474401481,12.204526,11.89071,13.73291,1.8422003,2.2773926,2.2091277,2.462921,0.25379324,5.2943034,5.2542696,5.307706,0.05343628,16.381138888888895,67.2377222222222,2.901583333333333,70.98416666666667,5.588499999999997,30.143750000000036,8.7,LOW,94.0,0.017,0.061,0.174,0.169,high physics-normalised drift rate (contribution 0.17); predicted value approaching the safety limit (contribution 0.17); significant deviation from lot population (contribution 0.06).
IC0143,LOT2026D,111.28,0.48279227026691174,0,10.804,13.343,2.5389999999999997,23.500555349870414,0.015344444444444426,-3.067129629629638e-05,0.031782705294683467,2.058,2.328,0.27,13.119533527696795,0.0017055555555555578,2.1306818181817187e-06,0.0035326902699014655,5.012,5.207,0.19500000000000028,3.890662410215489,0.0011763888888888972,8.601641414141147e-06,0.0024366357154776536,0.14636445499478204,0.24023049851405473,0.09976914966500981,0.22537074190396028,-0.016594792681031333,-0.12756239450477455,-0.23288770888195656,0.1835107464036859,0.05042860669924089,0.1152613753584885,0.04726145813351342,0.07644468717593775,0.09334061743051965,0.0838099488652905,0.9136409275919519,13.314831,12.995922,14.906226,1.9103041,2.3025222,2.2611244,2.4699147,0.2087903,5.208147,5.1586456,5.313955,0.1553092,18.476222222222212,63.047555555555576,2.9107777777777786,70.89222222222222,5.6001944444444485,29.997569444444395,11.6,LOW,90.9,0.084,0.024,0.215,0.172,high physics-normalised drift rate (contribution 0.21); predicted value approaching the safety limit (contribution 0.17); abnormal multi-parameter pattern (ensemble anomaly score) (contribution 0.08).
IC0144,LOT2026D,107.97,0.4018437362993809,0,10.624,11.388,0.7639999999999993,7.191265060240958,0.005462500000000017,-1.541456228956237e-05,0.013593592500171147,1.962,2.161,0.19900000000000007,10.142711518858311,0.0011833333333333357,-1.4993686868687478e-06,0.002944759931387187,4.96,5.008,0.04800000000000004,0.9677419354838719,0.0002583333333333423,1.6835016835018847e-06,0.0006428701258662378,-0.853978376590516,-0.7265220543917372,-0.6624300919061836,-0.42205323569858255,-0.38556179946561303,-0.3080122573900373,-1.4727863016512102,-0.9219017995212643,-0.8798457077583918,0.21446016930363934,0.06066906254926679,0.21226497786857357,0.08683680734900504,0.14874029469711927,0.6592510597871868,11.450594,11.391574,12.272684,0.8811102,2.1707857,2.0942712,2.2650206,0.17074943,5.0126038,5.011958,5.1700954,0.15813732,13.355250000000009,73.28949999999998,2.553666666666668,74.46333333333331,5.089166666666671,36.385416666666615,15.5,LOW,78.4,0.149,0.345,0.036,0.097,significant deviation from lot population (contribution 0.34); abnormal multi-parameter pattern (ensemble anomaly score) (contribution 0.15); predicted value approaching the safety limit (contribution 0.10).
IC0145,LOT2026D,108.05,0.40364528583625453,0,10.95,12.137,1.1870000000000012,10.840182648401838,0.007238888888888871,3.900989057239051e-05,0.017933787765888706,1.909,2.114,0.20499999999999985,10.738606600314293,0.001225000000000004,4.840067340067265e-06,0.0030348428260771163,5.199,5.27,0.07099999999999973,1.3656472398538129,0.0006013888888888854,-7.049663299663339e-06,0.0014898944939811555,-0.4707268262798312,-0.5527375828293355,-0.48055791500710665,-0.6042623790957061,-0.3561229425413101,-0.2803636654902156,0.15964300139172535,-0.5088353867475078,-0.4405658944201775,0.08418667021363284,0.07763368306755304,0.19294738860240723,0.09812672837823375,0.1060639264722539,0.7920806835836046,12.063955,11.821992,12.490421,0.6684294,2.0961697,2.022939,2.1777072,0.15476823,5.2837543,5.250767,5.386956,0.13618898,14.569444444444436,70.86111111111113,2.5215000000000023,74.78499999999998,5.499694444444443,31.253819444444463,12.4,LOW,87.0,0.106,0.12,0.079,0.21,predicted value approaching the safety limit (contribution 0.21); significant deviation from lot population (contribution 0.12); abnormal multi-parameter pattern (ensemble anomaly score) (contribution 0.11).
IC0146,LOT2026D,107.57,0.39294480287222966,1,12.658,20.499,7.840999999999999,61.945015010270176,0.04775555555555552,0.000266124789562289,0.12153247786072327,1.827,2.747,0.9199999999999999,50.35577449370553,0.005531944444444442,2.6672979797979815e-05,0.0140781718043061,4.991,5.579,0.5880000000000001,11.781206171107996,0.0035041666666666706,1.0022095959596214e-05,0.008917707120829612,3.807977397615954,3.411015821719906,3.860656739611738,1.849745871337887,2.686873568200675,3.109097754299863,2.084912675591222,2.9863419521074897,3.4116115246249117,0.6742827491512142,0.6904312185242164,0.5550027087287183,0.6674500251299877,0.6542463732754317,0.7528585384434098,20.479177,16.960499,20.642797,3.6822987,2.7286348,2.683088,3.1809688,0.4978807,5.579217,5.453748,5.6420145,0.18826628,36.53577777777776,26.928444444444484,4.592972222222221,54.0702777777778,6.743083333333335,15.711458333333317,72.0,HIGH,75.8,0.654,0.95,1.0,0.343,high physics-normalised drift rate (contribution 1.00); significant deviation from lot population (contribution 0.95); abnormal multi-parameter pattern (ensemble anomaly score) (contribution 0.65).
IC0147,LOT2026D,108.42,0.4120730295767726,0,11.346,13.015,1.6690000000000005,14.710029966508026,0.010151388888888892,5.597643097643115e-05,0.02463492672479698,2.037,2.272,0.23499999999999988,11.53657339224349,0.0013749999999999988,3.945707070706729e-07,0.003336787174380761,5.218,5.334,0.11599999999999966,2.223073974702945,0.0006888888888888943,2.630471380471329e-06,0.001671764079285729,-0.021467999613901917,-0.2678071396187287,-0.19975240844693873,0.00827048594143051,-0.25014305761382755,-0.18768973342530404,0.5584043578602297,-0.4034783664853611,-0.3462455413206638,0.028375084994143384,0.08303958622619814,0.19814856529183947,0.019725028904040345,0.07743162300978357,0.6552166467239693,13.118587,12.5828495,13.263477,0.6806278,2.2792742,2.236814,2.330201,0.09338689,5.3349314,5.298837,5.402173,0.10333586,16.421694444444448,67.1566111111111,2.7244999999999995,72.75500000000001,5.562444444444447,30.469444444444417,12.5,LOW,79.0,0.077,0.108,0.145,0.218,predicted value approaching the safety limit (contribution 0.22); high physics-normalised drift rate (contribution 0.14); significant deviation from lot population (contribution 0.11).
IC0148,LOT2026D,108.86,0.4223025553433727,0,11.324,13.448,2.1240000000000006,18.75662310137761,0.013274999999999995,-1.6624579124579355e-05,0.03143480860352867,1.925,2.213,0.28800000000000003,14.961038961038964,0.001783333333333336,6.234217171717123e-06,0.0042228807540208085,5.016,5.192,0.17600000000000016,3.5087719298245648,0.0011277777777777885,2.630471380469516e-07,0.002670544526686078,0.2000913078420745,0.03777634477833782,0.08519083586053923,-0.22046014087623347,0.03835774024433219,0.08427354942487145,-0.3263474018042602,0.12497906848027997,0.17173729957011674,0.10863550219253279,0.01273011814426127,0.11530857506262512,0.028021767027383473,0.0691064412772974,0.7945549504139959,13.370657,13.040486,14.718248,1.677762,2.2221441,2.1712527,2.3484404,0.17718768,5.2008414,5.151209,5.2542505,0.10304165,17.961499999999997,64.077,2.816666666666668,71.83333333333331,5.5798888888888944,30.25138888888882,10.8,LOW,84.5,0.069,0.048,0.212,0.141,high physics-normalised drift rate (contribution 0.21); predicted value approaching the safety limit (contribution 0.14); abnormal multi-parameter pattern (ensemble anomaly score) (contribution 0.07).
IC0149,LOT2026D,109.46,0.4366226958810117,0,9.866,11.583,1.7170000000000005,17.40320291911616,0.00943472222222225,3.772095959595929e-05,0.021608409986991144,1.927,2.117,0.18999999999999995,9.85988583290088,0.001226388888888889,1.4204545454545892e-06,0.002808807009938632,5.03,5.168,0.1379999999999999,2.743538767395624,0.0007597222222222229,-4.077230639730691e-06,0.0017399970944919963,-0.7541999355884017,-0.33791877943592796,-0.3265760082683714,-0.5926320082405703,-0.3551416473105028,-0.3497394560514257,-0.47588291047994935,-0.31818935008268523,-0.31085885433547183,0.0077494627659631275,0.02416985059692629,0.03660844903688287,0.023611402104919098,0.020826667270279417,0.9951148446698859,11.407759,11.012946,11.820675,0.80772877,2.0897965,2.0518665,2.1830013,0.13113475,5.176393,5.13428,5.2478547,0.113574505,14.583361111111124,70.83327777777775,2.5401944444444444,74.59805555555555,5.409861111111112,32.37673611111111,9.1,LOW,98.9,0.021,0.159,0.115,0.137,significant deviation from lot population (contribution 0.16); predicted value approaching the safety limit (contribution 0.14); high physics-normalised drift rate (contribution 0.12).
IC0150,LOT2026D,108.74,0.41949011251923124,0,11.474,13.157,1.6829999999999998,14.667944918947185,0.009788888888888903,1.3994107744107298e-05,0.023335207664614832,2.075,2.272,0.19699999999999962,9.493975903614439,0.001204166666666663,6.602483164983236e-06,0.002870548388936006,5.137,5.277,0.14000000000000057,2.7253260657971694,0.0009569444444444486,2.4726430976428864e-06,0.0022812085812882613,0.05119117280815014,-0.3032705853402193,-0.2542160259481363,0.00827048594143051,-0.3708423710034664,-0.3307895522199999,0.20325752475547149,-0.08071797107913635,-0.03017828616543603,0.040207097898733,0.07115164367764898,0.17498119166185477,0.034460640221607816,0.07558331173346336,0.7370873722599545,13.140419,12.618392,13.375069,0.7566767,2.259053,2.2377174,2.3268487,0.089131355,5.282699,5.242686,5.32682,0.0841341,16.36844444444445,67.2631111111111,2.6770833333333317,73.22916666666669,5.615472222222224,29.806597222222198,9.6,LOW,83.8,0.076,0.016,0.132,0.179,predicted value approaching the safety limit (contribution 0.18); high physics-normalised drift rate (contribution 0.13); abnormal multi-parameter pattern (ensemble anomaly score) (contribution 0.08).
IC0151,LOT2026D,108.91,0.42347943974852575,0,10.864,12.499,1.6349999999999998,15.049705449189982,0.009751388888888877,1.0784932659932963e-05,0.023026829578029883,2.212,2.471,0.2589999999999999,11.708860759493666,0.0016083333333333342,3.4196127946127334e-07,0.0037979018161741424,5.067,5.231,0.1639999999999997,3.2366291691336038,0.0009222222222222218,2.6304713804592276e-08,0.0021777260845765355,-0.28549710503488085,-0.3069392176562381,-0.2671383463695665,0.7797517526654206,-0.08528545883773635,-0.04616263670110279,-0.08335220020626742,-0.12252631245300534,-0.08384589426562226,0.02119578022751469,0.07837668066136128,0.12959474718108147,0.026060272557618083,0.06075951759789753,0.8061181639194117,12.118149,11.70166,12.531738,0.8300781,2.4983683,2.4489172,2.5462167,0.097299576,5.225978,5.1603165,5.256719,0.096402645,15.739694444444439,68.52061111111112,3.0161666666666673,69.83833333333334,5.528111111111111,30.89861111111111,11.2,LOW,87.7,0.061,0.165,0.129,0.142,significant deviation from lot population (contribution 0.17); predicted value approaching the safety limit (contribution 0.14); high physics-normalised drift rate (contribution 0.13).
IC0152,LOT2026D,110.37,0.4591822562740516,0,11.389,13.252,1.8630000000000013,16.357889191324976,0.010862500000000008,1.8045033670033593e-05,0.023656184122055866,1.919,2.158,0.23899999999999988,12.454403335070342,0.0012555555555555547,1.1047979797980647e-06,0.0027343294267150584,5.0,5.211,0.2110000000000003,4.220000000000006,0.0012069444444444551,9.206649831649207e-07,0.0026284649024506733,0.09980118252712915,-0.1982390008853808,-0.24076578155262215,-0.4336836065537185,-0.3345344474634923,-0.3725984051484932,-0.20796512410267226,0.2203020868126887,0.14991416180064598,0.046370940790068524,0.01635829571608093,0.11448328303324895,0.10203936029660812,0.05933987864248927,0.8283136306945846,13.248144,12.618392,13.512768,0.8943758,2.157837,2.0710545,2.2380648,0.1670103,5.2014837,5.120478,5.2964787,0.1760006,16.82025,66.3595,2.5467777777777774,74.53222222222223,5.603472222222227,29.956597222222157,9.8,LOW,88.4,0.059,0.076,0.135,0.163,predicted value approaching the safety limit (contribution 0.16); high physics-normalised drift rate (contribution 0.14); significant deviation from lot population (contribution 0.08).
IC0153,LOT2026D,108.77,0.42019162778509755,0,9.556,11.029,1.4730000000000008,15.414399330263716,0.008383333333333323,-3.464330808080774e-05,0.019951214586362218,1.96,2.116,0.15600000000000014,7.959183673469394,0.000926388888888894,3.182870370370471e-06,0.002204681929937656,5.12,5.268,0.1479999999999997,2.890624999999994,0.0007875000000000038,-4.129840067340215e-06,0.0018741449089574962,-1.0376730448969722,-0.44077635955535377,-0.3960193665984006,-0.596508798525615,-0.5671014171654718,-0.5351598718904986,0.14718170900208596,-0.2847426769835907,-0.24128774266924974,0.04420008976068052,0.062480965849226404,0.10528674264159331,0.034691897006887115,0.06047545425035783,0.9010621953853871,11.035427,10.668907,11.64666,0.9777527,2.117393,2.0560834,2.1865869,0.13050342,5.266305,5.232766,5.3064613,0.07369518,13.74766666666666,72.50466666666668,2.423194444444447,75.76805555555552,5.513750000000002,31.07812499999998,12.4,LOW,92.9,0.06,0.232,0.099,0.168,significant deviation from lot population (contribution 0.23); predicted value approaching the safety limit (contribution 0.17); high physics-normalised drift rate (contribution 0.10).
IC0154,LOT2026D,109.04,0.426553257762955,0,10.984,12.494,1.5099999999999998,13.747268754552074,0.008223611111111112,-1.1600378787879183e-05,0.01927921299731616,1.888,2.101,0.21300000000000008,11.281779661016953,0.0012694444444444459,-7.83880471380485e-06,0.0029760514574475577,5.061,5.2,0.13900000000000023,2.746492787986569,0.0007541666666666675,4.2876683501686665e-06,0.0017680480759234396,-0.288055526599038,-0.45640201571616307,-0.42417901942435216,-0.654660652801293,-0.3247214951553901,-0.29840814068237836,-0.27650223224569714,-0.3248786847025032,-0.29631118563665787,0.0,0.014223373103915186,0.1119650612785361,0.026779383906975575,0.030676931772928115,0.8089021683322539,12.416793,11.874654,12.701487,0.8268328,2.0623648,2.004802,2.1588757,0.15407372,5.192743,5.1355643,5.249205,0.113640785,15.095805555555556,69.80838888888889,2.5227222222222228,74.77277777777778,5.438083333333334,32.023958333333326,8.5,LOW,87.6,0.031,0.133,0.092,0.138,predicted value approaching the safety limit (contribution 0.14); significant deviation from lot population (contribution 0.13); high physics-normalised drift rate (contribution 0.09).
IC0155,LOT2026D,108.49,0.41368528663357285,0,10.736,12.466,1.7299999999999986,16.11400894187778,0.010161111111111103,-8.733164983164504e-06,0.024562418436001668,1.989,2.179,0.18999999999999972,9.552538964303656,0.0010888888888888905,-2.630471380471324e-06,0.0026321673118952092,5.417,5.532,0.11500000000000021,2.1229462802289127,0.0007888888888888836,1.815025252525263e-06,0.001906978358617942,-0.30238268735831614,-0.2668560127219848,-0.20279080638045896,-0.35227101056777027,-0.45228987516069746,-0.4039543982035489,1.7920723044346665,-0.2830703433286471,-0.22425981268160453,0.12737146659299403,0.1849045780077281,0.3686649749210131,0.1606103617982751,0.19787593596381023,0.5296789512056443,12.480783,11.942336,12.696869,0.7545328,2.1774175,2.1469035,2.2597148,0.11281133,5.5335374,5.3744364,5.5335374,0.15910101,15.816555555555553,68.3668888888889,2.5334444444444455,74.66555555555556,5.811444444444442,27.356944444444476,25.1,LOW,71.1,0.198,0.427,0.144,0.286,significant deviation from lot population (contribution 0.43); predicted value approaching the safety limit (contribution 0.29); abnormal multi-parameter pattern (ensemble anomaly score) (contribution 0.20).
IC0156,LOT2026D,109.66,0.44149292740233803,0,11.092,12.681,1.5889999999999986,14.325640100973661,0.009590277777777795,8.338594276094943e-06,0.02172238145286992,1.887,2.09,0.20299999999999985,10.757816640169574,0.0011583333333333354,4.4454966329965365e-06,0.0026236735889490974,5.003,5.135,0.13199999999999967,2.6384169498300953,0.0009624999999999897,-7.523148148148178e-06,0.0021801028742706257,-0.19237056009957504,-0.32270074908800933,-0.3218001313009269,-0.6973053459367904,-0.40322511362019425,-0.4065613246378684,-0.6814942349090239,-0.07402863645933559,-0.08261325471891387,0.04814800668121785,0.0286036041952121,0.13824947581161132,0.07912163856549727,0.06495102454413673,0.8207635294515505,12.585985,12.379872,13.16572,0.78584766,2.046376,2.004802,2.142337,0.1375351,5.1453314,5.091351,5.221043,0.12969208,15.887138888888899,68.2257222222222,2.466166666666668,75.33833333333332,5.484249999999995,31.446875000000063,10.3,LOW,88.5,0.065,0.144,0.116,0.123,significant deviation from lot population (contribution 0.14); predicted value approaching the safety limit (contribution 0.12); high physics-normalised drift rate (contribution 0.12).
IC0157,LOT2026D,111.5,0.48866268800442975,0,11.042,13.335,2.293000000000001,20.766165549719265,0.01336805555555554,-2.0123106060606858e-05,0.027356407361788092,1.99,2.328,0.33799999999999986,16.98492462311557,0.001818055555555559,-9.338173400673331e-06,0.003720471401203192,5.024,5.171,0.14700000000000024,2.9259554140127437,0.0008222222222222132,1.5256734006737498e-06,0.001682596691758794,0.14227098049213166,0.04687998793289585,-0.08571108598666265,0.22537074190396028,0.06289012101458426,-0.06992788038620586,-0.4571909718954875,-0.2429343356097426,-0.34062758254136266,0.052918735219576324,0.05176897191094961,0.08696307816560468,0.09278277351659654,0.06536228056074701,0.9468914382624652,13.240847,12.820553,14.693284,1.8727312,2.293737,2.2210867,2.4699147,0.24882793,5.1826587,5.1371465,5.2542443,0.117097855,17.72602777777777,64.54794444444445,2.8990277777777793,71.00972222222221,5.435111111111107,32.06111111111116,10.5,LOW,92.9,0.065,0.082,0.172,0.141,high physics-normalised drift rate (contribution 0.17); predicted value approaching the safety limit (contribution 0.14); significant deviation from lot population (contribution 0.08).
IC0158,LOT2026D,111.81,0.49704434123328944,0,10.992,13.317,2.3249999999999993,21.15174672489082,0.014091666666666666,-2.559448653198565e-05,0.02835092465131334,2.163,2.53,0.367,16.967175219602403,0.0021138888888888882,-3.025042087542185e-06,0.004252918127271722,5.084,5.251,0.1670000000000007,3.2848151062155924,0.0009611111111111167,-1.052188552187888e-07,0.0019336526570775622,0.13306066286116694,0.11767100410491692,-0.04403668809990708,1.0084823794830846,0.27190600517712366,0.09349273668140594,0.04126072369014296,-0.07570097011427106,-0.21042611286214422,0.10235000709946056,0.1162400131346605,0.15343785400638418,0.0838341187266596,0.1139571950354851,0.9098138033337819,13.1398535,12.786962,13.598885,0.811923,2.5319457,2.5094395,2.547842,0.038402557,5.24072,5.1796727,5.272694,0.09302139,18.03783333333333,63.92433333333334,3.219944444444444,67.80055555555556,5.564555555555558,30.44305555555552,15.7,LOW,94.1,0.114,0.225,0.181,0.15,significant deviation from lot population (contribution 0.23); high physics-normalised drift rate (contribution 0.18); predicted value approaching the safety limit (contribution 0.15).
IC0159,LOT2026D,108.43,0.41230300290540856,0,10.536,11.711,1.1750000000000007,11.152239939255892,0.007890277777777772,2.330597643097579e-05,0.019137085401213963,2.003,2.227,0.22399999999999975,11.183225162256601,0.0012958333333333368,-3.3933080808081222e-06,0.0031429150993368573,5.084,5.209,0.125,2.4586939417781277,0.0008833333333333397,-3.68265993266019e-06,0.0021424373024418546,-0.6887043435459883,-0.48901208074742036,-0.43013475498876713,-0.1661850768856019,-0.3060768857699976,-0.2471937036530696,-0.22042641649231717,-0.16935165479172434,-0.10214719728899925,0.008918785213713108,0.016138406669756297,0.0749843031259279,0.038329657957491235,0.028709406144535737,0.9087491788630049,11.7101755,11.449949,12.3000965,0.85014725,2.2222369,2.1838317,2.2749968,0.091165066,5.2181396,5.155048,5.256719,0.10167122,14.481138888888886,71.03772222222223,2.6509166666666686,73.4908333333333,5.52566666666667,30.92916666666663,8.6,LOW,93.8,0.029,0.142,0.091,0.142,predicted value approaching the safety limit (contribution 0.14); significant deviation from lot population (contribution 0.14); high physics-normalised drift rate (contribution 0.09).
IC0160,LOT2026D,111.74,0.49514041649847973,0,10.63,12.007,1.376999999999999,12.953904045155209,0.007994444444444417,-3.911510942760991e-05,0.016145812739301928,1.89,2.01,0.11999999999999988,6.3492063492063435,0.0009763888888888888,4.445496632996556e-06,0.001971943425248314,5.007,5.11,0.10300000000000065,2.0571200319552756,0.0005611111111111194,4.997895622893516e-07,0.0011332363354201005,-0.5372457869479077,-0.47882143542515476,-0.5554814819016851,-1.0074485687404042,-0.5317747888563134,-0.6065928776534644,-0.83726038977953,-0.5573330627411752,-0.6255342792931323,0.0694639131843706,0.00785163676645022,0.14417584733770256,0.06540916184469835,0.06531440438871004,0.7820913452821382,11.871948,11.719159,12.3000965,0.5809374,2.0372922,1.983737,2.1205556,0.13681865,5.097923,5.072772,5.2170978,0.14432573,14.627222222222208,70.74555555555558,2.3781944444444445,76.21805555555555,5.287555555555559,33.90555555555551,10.8,LOW,86.6,0.065,0.224,0.061,0.121,significant deviation from lot population (contribution 0.22); predicted value approaching the safety limit (contribution 0.12); abnormal multi-parameter pattern (ensemble anomaly score) (contribution 0.07).
IC0161,LOT2026D,110.11,0.4526313350595736,0,11.208,13.106,1.8979999999999997,16.934332619557456,0.01137083333333333,6.4183501683498965e-06,0.02512162206321121,1.942,2.223,0.2809999999999999,14.469618949536557,0.0014555555555555533,-6.602483164983107e-06,0.0032157640066257866,5.031,5.184,0.15300000000000047,3.0411449016100276,0.000879166666666666,-4.287668350168157e-06,0.0019423460078188213,0.02509527285375098,-0.14850865171271552,-0.17935785583701266,-0.1816922380257826,-0.19322793422684498,-0.22483463409927207,-0.37619257136282325,-0.1743686557565964,-0.20591760798948885,0.0015740124457670958,0.013046695995916886,0.09550671900049008,0.016012440688184606,0.02596812305811926,0.8439519761915242,13.135985,12.700585,13.417614,0.7170286,2.2227478,2.128511,2.260151,0.13163996,5.1866493,5.136513,5.2484636,0.1119504,16.893416666666667,66.21316666666667,2.6697777777777767,73.30222222222224,5.470583333333333,31.61770833333334,8.0,LOW,90.1,0.026,0.061,0.15,0.138,high physics-normalised drift rate (contribution 0.15); predicted value approaching the safety limit (contribution 0.14); significant deviation from lot population (contribution 0.06).
IC0162,LOT2026D,108.93,0.4239510248740361,0,10.949,12.142,1.1929999999999996,10.895972234907294,0.006600000000000027,7.365319865319597e-06,0.01556783593567444,1.866,2.005,0.1389999999999998,7.449088960342968,0.0008041666666666653,-4.4718013468002676e-07,0.0018968385956976952,5.074,5.205,0.13100000000000023,2.5817895151754087,0.0006944444444444509,-3.2880892255892166e-06,0.0016380298753866287,-0.46816840471567495,-0.615240207472573,-0.5797011063741621,-1.0268325201656296,-0.6534553974767615,-0.6296443436293114,-0.24534900127159592,-0.3967890318655417,-0.3637406162556267,0.06550044457874872,0.014582837194258937,0.1757991493138154,0.012110720627753249,0.06427644471776581,0.6820623281244027,12.072913,11.808098,12.490421,0.68232346,1.9947325,1.9598192,2.0992794,0.1394602,5.199304,5.151192,5.2535152,0.102323055,14.249000000000013,71.50199999999998,2.268083333333333,77.31916666666667,5.421222222222225,32.23472222222219,11.1,LOW,80.5,0.064,0.229,0.056,0.14,significant deviation from lot population (contribution 0.23); predicted value approaching the safety limit (contribution 0.14); abnormal multi-parameter pattern (ensemble anomaly score) (contribution 0.06).
IC0163,LOT2026D,108.66,0.4176245895366987,0,9.216,10.756,1.540000000000001,16.710069444444457,0.00885833333333333,-4.94528619528584e-06,0.021211235054814474,2.003,2.282,0.2789999999999999,13.92910634048926,0.001347222222222225,6.497264309764496e-06,0.003225916902347145,5.124,5.238,0.11400000000000077,2.224824355971912,0.0006722222222222279,-6.260521885521838e-06,0.00160963276364539,-1.177362862299932,-0.39430701688581243,-0.34321928468851,0.047038388791883115,-0.26976896223002594,-0.22171846791292207,-0.039737676842521295,-0.42354637034481524,-0.37846779343566195,0.030385141079995244,0.07410942067894273,0.08915835190096075,0.0864657679090009,0.06366916114822344,0.920658468904483,10.777786,10.434195,11.401794,0.96759987,2.2639549,2.205578,2.4567587,0.25118065,5.249881,5.221763,5.3035803,0.08181715,13.645166666666665,72.70966666666666,2.6766111111111126,73.23388888888887,5.460111111111114,31.74861111111108,13.5,LOW,93.8,0.064,0.268,0.111,0.166,significant deviation from lot population (contribution 0.27); predicted value approaching the safety limit (contribution 0.17); high physics-normalised drift rate (contribution 0.11).
IC0164,LOT2026D,108.3,0.4093224005916796,0,11.637,13.232,1.5949999999999989,13.706281687720193,0.00924305555555555,-5.555555555555564e-05,0.022581357732180354,2.135,2.3,0.16500000000000004,7.728337236533961,0.0011208333333333302,6.128998316498338e-06,0.002738265317786553,4.925,5.037,0.1120000000000001,2.2741116751269055,0.0007263888888888924,-1.8939393939396844e-06,0.0017746130869917942,0.08956749627050137,-0.3566695668289039,-0.2858054637206816,0.1168206139226954,-0.4297200848520695,-0.3713903861747194,-1.29209756200142,-0.3583253578015908,-0.29290647032358097,0.07688254733400904,0.13287548084396134,0.25704723518098826,0.08889688589659542,0.13151551574077852,0.6542706995186238,13.183244,12.618392,13.427224,0.80883217,2.314413,2.2583365,2.440522,0.18218541,5.029033,4.998786,5.12025,0.12146425,16.258527777777775,67.48294444444446,2.695416666666665,73.04583333333335,5.288194444444446,33.89756944444442,15.1,LOW,78.3,0.132,0.298,0.125,0.071,significant deviation from lot population (contribution 0.30); abnormal multi-parameter pattern (ensemble anomaly score) (contribution 0.13); high physics-normalised drift rate (contribution 0.12).
IC0165,LOT2026D,108.48,0.41345461482672985,0,10.215,11.552,1.3369999999999997,13.088595203132646,0.0075416666666666505,4.1771885521885125e-05,0.018240615526391463,1.971,2.223,0.2519999999999998,12.785388127853869,0.001545833333333329,-3.7615740740742245e-06,0.003738822298503441,5.064,5.153,0.08899999999999952,1.7575039494470681,0.0005263888888888908,-2.946127946127571e-06,0.0012731479345308295,-0.770062149286174,-0.5231167737592772,-0.4677005596764637,-0.1816922380257826,-0.12944374422419266,-0.06429555171607888,-0.5693426034022585,-0.5991414041150465,-0.552973980611296,0.05060559138359666,0.0370511963777308,0.07302307757724275,0.030918310002852924,0.04806967791345456,0.9620806140534922,11.50785,11.310406,12.146035,0.83562946,2.2326243,2.1302073,2.3446417,0.21443439,5.1578054,5.1241584,5.2465386,0.12238026,13.985833333333325,72.02833333333335,2.7439166666666646,72.56083333333335,5.327194444444445,33.41006944444443,9.6,LOW,96.6,0.048,0.163,0.082,0.137,significant deviation from lot population (contribution 0.16); predicted value approaching the safety limit (contribution 0.14); high physics-normalised drift rate (contribution 0.08).
IC0166,LOT2026D,108.49,0.41368528663357285,0,10.973,12.975,2.001999999999999,18.244782648318587,0.011138888888888906,2.6778198653198624e-05,0.026925997246683136,2.025,2.245,0.2200000000000002,10.864197530864207,0.0012611111111111091,7.891414141429294e-08,0.003048479488776585,4.993,5.147,0.15399999999999991,3.084318045263367,0.0009638888888888912,5.9448653198651795e-06,0.0023300052480296897,-0.04193537212715657,-0.17119982196362954,-0.10374705437081291,-0.09640285175478791,-0.33060926654025286,-0.27617824801278096,-0.6067264805711766,-0.07235630280436592,-0.004871587250259698,0.02467146126985088,0.029787437049394704,0.0883395973055054,0.031501799664951896,0.03996443197011008,0.9073476230268003,12.823017,12.546198,13.26503,0.718832,2.248457,2.185957,2.3065991,0.120642185,5.1506367,5.091351,5.2187076,0.12735653,16.542444444444456,66.91511111111109,2.6555555555555546,73.44444444444444,5.474944444444446,31.56319444444442,9.8,LOW,93.9,0.04,0.12,0.167,0.122,high physics-normalised drift rate (contribution 0.17); predicted value approaching the safety limit (contribution 0.12); significant deviation from lot population (contribution 0.12).
IC0167,LOT2026D,108.85,0.4220675343344384,0,10.58,12.597,2.0169999999999995,19.06427221172022,0.011352777777777797,2.8619528619528388e-05,0.026898012413297985,1.837,2.115,0.27800000000000025,15.133369624387601,0.0017708333333333365,-7.31271043771038e-06,0.004195616078658543,5.132,5.261,0.12900000000000045,2.513639906469222,0.0007055555555555533,1.683501683501466e-06,0.0016716650729086506,-0.23535204237740862,-0.15027503023523972,-0.10491973492003098,-0.6003855888106597,0.029526083167042028,0.07590536937285246,0.10356718563834538,-0.38341036262591577,-0.34629688754455007,0.03549314375944407,0.030980680958006056,0.08803095292691614,0.05948391598575809,0.048245582586454186,0.9256284622692166,12.415307,11.868414,12.608273,0.7398586,2.0585134,2.0585134,2.2110143,0.15250087,5.2613673,5.2317767,5.319332,0.08755541,16.2563888888889,67.4872222222222,2.7224166666666685,72.77583333333332,5.484777777777777,31.44027777777779,11.1,LOW,94.9,0.048,0.119,0.167,0.175,predicted value approaching the safety limit (contribution 0.17); high physics-normalised drift rate (contribution 0.17); significant deviation from lot population (contribution 0.12).
IC0168,LOT2026D,110.39,0.4596897120793449,0,10.524,12.356,1.8320000000000007,17.407829722538967,0.01069305555555555,2.517361111111107e-05,0.023261463710351368,2.072,2.336,0.2639999999999998,12.74131274131273,0.0016444444444444393,-1.7887205387205022e-06,0.0035772922500397386,5.116,5.258,0.14200000000000035,2.7756059421423056,0.0007083333333333332,-5.523989898989735e-07,0.0015408944658110405,-0.35866796176976484,-0.2148157839429376,-0.2573062033880734,0.25638506418432166,-0.05977178283667914,-0.11387298153673274,0.08487524705388355,-0.38006569531600426,-0.4141165277324808,0.01080976639515497,0.01879107840484118,0.049648401470641326,0.03329141355841351,0.024344134087646886,0.9696358291081894,12.26829,11.673953,12.50967,0.8357172,2.3075833,2.2761185,2.5297396,0.2536211,5.251111,5.2243943,5.3035803,0.07918596,15.870527777777774,68.25894444444445,2.89422222222222,71.0577777777778,5.470166666666667,31.62291666666667,8.1,LOW,97.1,0.024,0.056,0.131,0.166,predicted value approaching the safety limit (contribution 0.17); high physics-normalised drift rate (contribution 0.13); significant deviation from lot population (contribution 0.06).
IC0169,LOT2026D,108.04,0.4034196926120892,0,11.328,12.75,1.4220000000000006,12.55296610169492,0.008190277777777796,5.7528409090908734e-05,0.02030212686135084,1.909,2.065,0.15599999999999992,8.171817705605024,0.0008111111111111178,4.997895622896448e-07,0.0020105887887110333,5.219,5.33,0.11099999999999977,2.1268442230312274,0.0006222222222222236,-1.6045875420875455e-06,0.0015423694817509202,-0.15706434251421114,-0.459663022219287,-0.381314687328115,-0.7942251030629193,-0.6485489213227055,-0.5947316926096353,0.533481773080951,-0.4837503819231839,-0.41335156186947586,0.07860685362077012,0.08269866175098682,0.25351572500918623,0.06396092185920753,0.11261928057328396,0.619318048949737,12.656006,12.307027,13.219376,0.91234875,2.0555756,2.0179896,2.1328967,0.11490703,5.3251405,5.2912827,5.386956,0.09567356,15.423138888888897,69.1537222222222,2.314555555555559,76.8544444444444,5.530111111111112,30.8736111111111,14.1,LOW,76.2,0.113,0.169,0.102,0.21,predicted value approaching the safety limit (contribution 0.21); significant deviation from lot population (contribution 0.17); abnormal multi-parameter pattern (ensemble anomaly score) (contribution 0.11).
IC0170,LOT2026D,108.94,0.4241869957995509,0,11.7,13.121,1.4210000000000012,12.145299145299155,0.008013888888888895,3.3143939393934897e-06,0.0188923492899246,2.056,2.248,0.19200000000000017,9.338521400778218,0.0009597222222222195,5.313552188552249e-06,0.0022624979825542203,5.126,5.21,0.08399999999999963,1.6387046429964813,0.0006486111111111043,-3.6563552188552642e-06,0.0015290688246784557,0.03277053754622159,-0.4769191816316615,-0.4403902127737182,-0.08477248089965195,-0.5435503316260359,-0.5174147444769508,-0.21419577029749473,-0.45197604247905754,-0.4202494863873631,0.07225489058812862,0.08890586187533697,0.2331078998696272,0.06781058341859139,0.10875413775516027,0.670838102842604,13.085211,12.461287,13.427224,0.9659376,2.2389455,2.192818,2.3018708,0.1090529,5.234947,5.2000985,5.3035803,0.10348177,15.706944444444446,68.58611111111111,2.53586111111111,74.6413888888889,5.450305555555553,31.87118055555559,9.8,LOW,79.1,0.109,0.019,0.088,0.166,predicted value approaching the safety limit (contribution 0.17); abnormal multi-parameter pattern (ensemble anomaly score) (contribution 0.11); high physics-normalised drift rate (contribution 0.09).
IC0171,LOT2026D,112.67,0.520982414417821,0,11.67,14.122,2.452,21.011139674378747,0.01607777777777778,-3.874684343434367e-05,0.03086049995707459,2.042,2.294,0.2520000000000002,12.340842311459365,0.001545833333333339,-6.076388888888706e-06,0.002967150695596418,5.131,5.319,0.18799999999999972,3.6640031183005206,0.0010930555555555574,-2.4989478114473933e-06,0.0020980661252779664,0.5449665346904071,0.3119726415828214,0.06112492238249718,0.0935598722124252,-0.12944374422418561,-0.30113999707827604,0.4649446649379261,0.08317072710640576,-0.12515876951274574,0.12016446586285119,0.09831554132372843,0.2147550465859924,0.26051610706906997,0.1535806508266754,0.680265563499309,14.154932,13.289903,15.090517,1.8006144,2.3071568,2.2550802,2.4538271,0.19874692,5.3294983,5.2732215,5.3328958,0.059674263,19.708888888888893,60.582222222222214,2.814916666666669,71.85083333333331,5.677527777777779,29.03090277777777,16.0,LOW,77.4,0.154,0.104,0.206,0.182,high physics-normalised drift rate (contribution 0.21); predicted value approaching the safety limit (contribution 0.18); abnormal multi-parameter pattern (ensemble anomaly score) (contribution 0.15).
IC0172,LOT2026D,109.47,0.4368650468560372,1,11.508,18.616,7.1080000000000005,61.76572818908587,0.04254444444444445,0.0002756207912457914,0.0973857825216774,1.959,3.054,1.0949999999999998,55.895865237365996,0.006466666666666666,3.0145202020202125e-05,0.014802435473391547,5.192,5.804,0.6120000000000001,11.787365177195687,0.003625000000000001,1.570391414141443e-05,0.00829775699861511,2.8444758365545137,2.9012118050645976,2.8488100881673573,3.039920488846754,3.3472852585358446,3.33139157249185,3.48680806942581,3.1318349800885312,3.0900958938863616,0.6050870342112593,0.167794829765014,0.2766662356134202,0.32604367325360273,0.3663587090141694,0.1520357552593785,18.59016,16.917204,18.59016,1.6729565,3.0426893,2.7801263,3.1074617,0.32733536,5.8113356,5.466584,5.8113356,0.34475136,32.78022222222222,34.43955555555556,5.192333333333333,48.07666666666667,7.0045,12.443749999999998,57.8,MEDIUM,45.0,0.366,0.867,0.86,0.431,significant deviation from lot population (contribution 0.87); high physics-normalised drift rate (contribution 0.86); predicted value approaching the safety limit (contribution 0.43).
IC0173,LOT2026D,108.41,0.41184317247778834,0,11.452,12.827,1.375,12.006636395389451,0.007161111111111095,-3.8957281144781284e-05,0.017387956362193452,1.859,2.023,0.16400000000000015,8.821947283485752,0.001000000000000005,-1.0811237373737328e-05,0.0024281087239680713,5.094,5.134,0.040000000000000036,0.7852375343541428,0.0003888888888888932,-1.8413299663317797e-07,0.0009442645037653669,-0.11766465042619687,-0.5603465980032952,-0.5034305139415517,-0.9570502950348158,-0.5150927699325388,-0.46658485252754883,-0.6877248811038409,-0.764702435955543,-0.7235379661530711,0.12535414486686403,0.04163827278859307,0.2834192734550252,0.10545380758785837,0.12886735836916413,0.5558351973718412,12.734181,12.282703,13.285088,1.0023842,2.0110698,1.9772352,2.1172307,0.13999546,5.1374655,5.1328983,5.2535152,0.12061691,15.032555555555547,69.9348888888889,2.3590000000000027,76.40999999999998,5.288444444444447,33.89444444444442,13.7,LOW,72.0,0.129,0.211,0.074,0.14,significant deviation from lot population (contribution 0.21); predicted value approaching the safety limit (contribution 0.14); abnormal multi-parameter pattern (ensemble anomaly score) (contribution 0.13).
IC0174,LOT2026D,108.66,0.4176245895366987,0,9.975,11.486,1.511000000000001,15.147869674185474,0.008826388888888877,5.129419191918821e-06,0.021134744241666018,2.066,2.239,0.17300000000000004,8.373668925459828,0.0011458333333333357,8.601641414141297e-06,0.00274369221075917,4.987,5.106,0.11899999999999977,2.3862041307399195,0.0007277777777777674,-4.445496632996691e-06,0.0017426602647730685,-0.8038333139330428,-0.3974321481179753,-0.34642456690472156,-0.11966359346505981,-0.4120567706974846,-0.3697247431067389,-0.8621829745588143,-0.35665302414665295,-0.30947769342913234,0.024271994407982788,0.04283407710394014,0.06323404643150388,0.021087362198616965,0.03715533479006934,0.9582765016179673,11.409465,10.999454,11.949195,0.94974136,2.237148,2.2170937,2.381733,0.16463923,5.1003437,5.0827966,5.198111,0.11531448,14.388194444444437,71.22361111111113,2.6389166666666677,73.61083333333333,5.350888888888884,33.11388888888895,9.7,LOW,96.3,0.037,0.187,0.11,0.112,significant deviation from lot population (contribution 0.19); predicted value approaching the safety limit (contribution 0.11); high physics-normalised drift rate (contribution 0.11).
IC0175,LOT2026D,109.07,0.42726546445701186,0,10.428,12.048,1.6199999999999992,15.535097813578819,0.011337500000000016,1.4704335016835058e-05,0.026535025512553934,1.884,2.054,0.16999999999999993,9.023354564755834,0.0011763888888888868,2.4463383838383824e-06,0.002753297391784039,5.092,5.196,0.10400000000000009,2.042419481539672,0.0006666666666666709,-1.9465488215486697e-06,0.0015603102102200112,-0.516266730121822,-0.1517696582158393,-0.12013039107313733,-0.8368697961984166,-0.3904682756196665,-0.3667766836422355,-0.3014248170249814,-0.4302357049646352,-0.40404722524148334,0.02465651505897554,0.02174594088097875,0.08837026713870631,0.13427002909390756,0.052968120326762465,0.7901575163095543,11.993344,11.859194,12.3000965,0.4409027,2.0484266,2.0011303,2.1394207,0.1382904,5.1904154,5.138627,5.2535152,0.11488819,16.096750000000007,67.80649999999999,2.472194444444443,75.27805555555557,5.425333333333335,32.18333333333331,11.8,LOW,87.4,0.053,0.18,0.163,0.14,significant deviation from lot population (contribution 0.18); high physics-normalised drift rate (contribution 0.16); predicted value approaching the safety limit (contribution 0.14).
IC0176,LOT2026D,109.03,0.4263160946331564,1,10.438,16.538,6.1,58.440314236443754,0.036120833333333324,0.00021214751683501645,0.08472782000973991,1.879,2.719,0.8399999999999999,44.704630122405526,0.0049763888888888904,3.493265993265998e-05,0.011673002618329615,4.965,5.485,0.5200000000000005,10.473313192346435,0.0030375000000000033,1.3073442760942772e-05,0.007124994899884702,1.7811958344909598,2.2727886768580885,2.3183889766249552,1.741195743356622,2.2943554758766544,2.3708938866068285,1.4992319332781108,2.4244378440427634,2.4818835032948647,0.5436706432181602,0.11815303784253163,0.22013673691828792,0.18605056120516741,0.2976655680435482,0.13753322747412222,16.86233,16.28034,17.07904,0.79870033,2.713934,2.652971,2.8618352,0.20886421,5.4841366,5.4016404,5.5086136,0.10697317,28.498416666666664,43.00316666666667,4.367194444444445,56.328055555555544,6.4837500000000015,18.953124999999982,40.6,MEDIUM,47.3,0.298,0.425,0.736,0.273,high physics-normalised drift rate (contribution 0.74); significant deviation from lot population (contribution 0.42); abnormal multi-parameter pattern (ensemble anomaly score) (contribution 0.30).
IC0177,LOT2026D,110.64,0.46607590152988154,1,10.422,18.807,8.384999999999998,80.45480713874494,0.04960138888888888,0.00032959806397306416,0.10642341456847193,2.117,3.304,1.1869999999999998,56.06991025035427,0.0071750000000000026,3.9851641414141474e-05,0.015394488272078129,5.032,5.707,0.6749999999999998,13.414149443561204,0.00401527777777777,2.4963173400673308e-05,0.008615072705106034,2.942207540305302,3.591594056830492,3.227524342649553,4.009118060108047,3.8477458262489765,3.5131067168638985,2.882435388528231,3.6017607371307467,3.2546606804070075,0.6239132100630345,0.14932464460583772,0.2329041934727127,0.4539354254809381,0.37783816942049664,0.012209160214106451,18.72311,16.99731,19.055462,2.0581512,3.3126,2.7462456,3.3581438,0.6118982,5.712085,5.4404864,5.712845,0.27235842,35.22269444444444,29.55461111111111,5.704500000000001,42.954999999999984,7.039638888888885,12.004513888888935,61.7,HIGH,35.0,0.378,1.0,0.949,0.38,significant deviation from lot population (contribution 1.00); high physics-normalised drift rate (contribution 0.95); predicted value approaching the safety limit (contribution 0.38).
IC0178,LOT2026D,108.83,0.42159784776255865,0,11.312,12.298,0.9860000000000007,8.716407355021223,0.006143055555555554,1.8860479797979873e-05,0.0145708892684274,2.067,2.22,0.15300000000000002,7.402031930333817,0.0011458333333333349,-7.549452861952936e-06,0.0027178348737175273,5.098,5.187,0.08900000000000041,1.7457826598666224,0.00048194444444444896,1.841329966330175e-06,0.0011431378196121085,-0.38834565191398335,-0.65994317161959,-0.6214773052601175,-0.19332260888091685,-0.4120567706974852,-0.37766097741560867,-0.3575006327783614,-0.6526560810735887,-0.6203992179048555,0.06297420200709927,0.06830542423443765,0.2021266057374112,0.04545723968486076,0.08977650507302741,0.7029653501496123,12.2561035,11.921833,12.515387,0.59355354,2.2379005,2.2161574,2.2829876,0.06683016,5.1805763,5.156152,5.2535152,0.09736347,14.383527777777775,71.23294444444446,2.6399166666666676,73.60083333333331,5.338972222222225,33.26284722222219,8.6,LOW,82.2,0.09,0.064,0.046,0.14,predicted value approaching the safety limit (contribution 0.14); abnormal multi-parameter pattern (ensemble anomaly score) (contribution 0.09); significant deviation from lot population (contribution 0.06).
IC0179,LOT2026D,110.45,0.4612151280806875,0,11.946,14.028,2.0820000000000007,17.428427925665503,0.01284861111111113,2.9014099326598833e-05,0.02785817361321098,2.11,2.387,0.27700000000000014,13.127962085308065,0.0015847222222222263,-1.2889309764310286e-06,0.0034359719049479797,5.069,5.277,0.20800000000000018,4.103373446439144,0.001227777777777788,-8.36489898989917e-06,0.002662050099889598,0.4968682092842601,-0.003937363407475614,-0.06468499963483522,0.454101368721626,-0.1019674777615051,-0.15724757070855275,0.20325752475547149,0.24538709163700612,0.16733195970264952,0.14278261996411273,0.14514019453296398,0.27178577860727265,0.10538654251041339,0.16368111244534517,0.7010757790596411,13.971134,12.887188,14.998534,2.1113462,2.370898,2.295224,2.4681535,0.17292953,5.270739,5.2147336,5.329701,0.114967346,18.370305555555564,63.259388888888864,2.902361111111113,70.97638888888886,5.682888888888894,28.96388888888882,15.5,LOW,77.8,0.164,0.092,0.176,0.18,predicted value approaching the safety limit (contribution 0.18); high physics-normalised drift rate (contribution 0.18); abnormal multi-parameter pattern (ensemble anomaly score) (contribution 0.16).
IC0180,LOT2026D,112.97,0.5295752476119316,0,11.036,13.078,2.042,18.50308082638637,0.011704166666666679,2.0885942760943372e-05,0.022101045544415995,1.837,2.056,0.21900000000000008,11.921611322808932,0.0013791666666666657,-7.36531986531986e-06,0.0026042883856182563,4.868,4.998,0.1299999999999999,2.6705012325390283,0.0007958333333333366,3.2880892255894232e-06,0.0015027766817313876,0.010768112094472818,-0.11589858668145737,-0.3059325358526355,-0.8291162156283254,-0.24719917192139723,-0.4125111065319155,-1.5350927635994127,-0.27470867505386404,-0.43388499450356255,0.06778897420673935,0.06605121696702727,0.18522647825265592,0.13564320324849888,0.10093328220027298,0.7735531086908833,13.186141,12.702104,14.727455,2.0253515,2.061451,2.0113037,2.1426082,0.1313045,4.987077,4.95799,5.102413,0.14442301,16.888083333333338,66.22383333333332,2.526583333333333,74.73416666666667,5.265916666666668,34.17604166666665,14.9,LOW,82.4,0.101,0.361,0.12,0.062,significant deviation from lot population (contribution 0.36); high physics-normalised drift rate (contribution 0.12); abnormal multi-parameter pattern (ensemble anomaly score) (contribution 0.10).
IC0181,LOT2026E,136.3,1.7560790156499826,0,11.016,17.497,6.481,58.83260711692084,0.03947916666666669,-2.2937710437710326e-05,0.02248142954550035,1.537,2.451,0.9140000000000001,59.46649316851009,0.0053888888888888875,-4.787457912457797e-06,0.0030687052466681192,5.218,5.819,0.601,11.517822920659256,0.0035541666666666716,-7.365319865317971e-07,0.0020239218366556004,0.0945336975346648,-0.05615369835620814,-0.13211538314806925,0.24665728287985794,0.19852846164689147,0.10304135976061211,-0.2345936739834897,-0.06537738024985801,-0.14677932746513134,0.3929439196253679,0.16141951710122296,0.2749364833905043,0.2645913360982044,0.28063222409207716,0.5944973285176152,17.471186,15.781947,17.516724,1.7347765,2.4375272,2.1944716,2.4535005,0.2590289,5.834192,5.7254496,5.835026,0.109576225,30.755583333333348,38.488833333333304,4.231444444444444,57.68555555555557,6.995083333333335,12.56145833333331,23.1,LOW,72.2,0.281,0.027,0.124,0.443,predicted value approaching the safety limit (contribution 0.44); abnormal multi-parameter pattern (ensemble anomaly score) (contribution 0.28); high physics-normalised drift rate (contribution 0.12).
IC0182,LOT2026E,135.27,1.6703760693093286,0,9.46,13.299,3.8389999999999986,40.58139534883719,0.02330833333333333,-2.656776094276613e-06,0.01395394352301211,1.379,1.86,0.4810000000000001,34.88034807831763,0.0028611111111111107,-1.0600799663299733e-05,0.0017128544665358683,5.19,5.6,0.40999999999999925,7.899807321772625,0.0024750000000000084,-2.5252525252522496e-06,0.001481702261828606,-0.7647849821532116,-0.6498434220679784,-0.6477748454774689,-0.8499409180880159,-0.6261561097104034,-0.6237511745721565,-0.8251225774591733,-0.539733076542938,-0.5390790584450262,0.29177130756211195,0.11285829833265916,0.2628180437140057,0.11916282487271537,0.20641547962024537,0.59841579963484,13.336206,12.996344,14.395096,1.3987522,1.8666381,1.8564621,2.090142,0.23367989,5.6041417,5.527888,5.710705,0.18281698,21.114166666666666,57.77166666666667,2.8095555555555554,71.90444444444445,6.427500000000005,19.656249999999943,20.3,LOW,73.1,0.206,0.183,0.04,0.378,predicted value approaching the safety limit (contribution 0.38); abnormal multi-parameter pattern (ensemble anomaly score) (contribution 0.21); significant deviation from lot population (contribution 0.18).
IC0183,LOT2026E,136.88,1.8060601158431542,0,10.681,18.391,7.709999999999999,72.18425241082296,0.046825,4.090382996632938e-05,0.02592660099696619,1.522,2.362,0.8400000000000001,55.190538764783184,0.005154166666666664,5.944865319865141e-06,0.0028538178887032536,5.132,5.827,0.6950000000000003,13.542478565861268,0.004094444444444443,9.311868686868653e-06,0.0022670587808938814,0.2775329590022589,0.2135383869063133,0.07621509709082959,0.08151812909620187,0.12195060859228497,-0.012147221298524602,-0.2130218418930538,0.17210571609249278,0.029131986408745265,0.4737582128637914,0.08086745415535249,0.330543211940918,0.15682336022445703,0.2797077571707849,0.1994282365202893,18.341143,15.480378,18.341143,2.8607645,2.3689868,2.1246896,2.4102364,0.28554678,5.812173,5.6181307,5.829249,0.21111822,34.0935,31.813000000000002,4.099083333333332,59.00916666666668,7.179222222222221,10.259722222222234,23.8,LOW,45.2,0.28,0.035,0.158,0.44,predicted value approaching the safety limit (contribution 0.44); abnormal multi-parameter pattern (ensemble anomaly score) (contribution 0.28); high physics-normalised drift rate (contribution 0.16).
IC0184,LOT2026E,133.03,1.4968448370678733,0,9.46,13.228,3.767999999999999,39.830866807610974,0.02303611111111111,5.655513468013513e-05,0.015389778914049563,1.62,2.182,0.5619999999999998,34.69135802469134,0.003265277777777778,7.654671717171785e-06,0.002181440385079617,5.416,5.758,0.34199999999999964,6.31462333825701,0.002199999999999991,8.12815656565677e-06,0.0014697582177652484,-0.7793184805471703,-0.6598376834995257,-0.560949478214087,-0.25247117069096814,-0.4942972029714071,-0.37256959007814583,-0.39907889367306326,-0.660611362084812,-0.5477206595424455,0.29865277214547487,0.0826544072288483,0.22641192614458197,0.13293720528048986,0.19454775844056055,0.5868497636637524,13.464058,12.880227,14.204117,1.3238897,2.1888165,2.0812724,2.3093607,0.22808838,5.7554383,5.6547933,5.762849,0.10805559,20.978055555555557,58.04388888888889,3.252638888888889,67.47361111111111,6.515999999999996,18.550000000000054,20.3,LOW,72.9,0.195,0.165,0.054,0.406,predicted value approaching the safety limit (contribution 0.41); abnormal multi-parameter pattern (ensemble anomaly score) (contribution 0.20); significant deviation from lot population (contribution 0.17).
IC0185,LOT2026E,136.27,1.753527949714964,0,10.927,19.093,8.166,74.73231445044387,0.04840555555555555,-2.4437079124579552e-05,0.0276046672443538,1.394,2.359,0.9650000000000001,69.22525107604018,0.00557083333333333,4.471801346801291e-07,0.0031769287362878188,5.294,5.955,0.6610000000000005,12.485833018511533,0.004002777777777768,-3.4459175084173707e-06,0.0022826997302372166,0.4212303656580213,0.2715662925649916,0.17768823191615274,0.0759516407664155,0.257887625848982,0.16105366129674822,0.1321274715539209,0.13181295424520043,0.040448324852665064,0.5476757742881628,0.158665531504343,0.4054687329124375,0.4821383465675767,0.3927006790197839,0.2300359101719387,19.004755,16.418745,19.146841,2.728096,2.3595352,2.1446536,2.425227,0.28057337,5.955953,5.76722,5.955953,0.1887331,35.129777777777775,29.740444444444446,4.179416666666665,58.20583333333336,7.295388888888883,8.807638888888958,30.8,MEDIUM,47.4,0.393,0.072,0.174,0.506,predicted value approaching the safety limit (contribution 0.51); abnormal multi-parameter pattern (ensemble anomaly score) (contribution 0.39); high physics-normalised drift rate (contribution 0.17).
IC0186,LOT2026E,134.07,1.5752858026801206,0,10.013,16.032,6.019,60.11185458903425,0.03501805555555556,-8.759469696970249e-06,0.02222965222944142,1.643,2.271,0.6279999999999999,38.2227632379793,0.00384305555555556,6.760311447811358e-06,0.002439592579973207,5.344,5.883,0.5389999999999997,10.08607784431137,0.0031222222222222085,-6.023779461279525e-06,0.001982003657311073,-0.20534764256603522,-0.2199372071221801,-0.1473404277958474,-0.08733201690731204,-0.30579787237545253,-0.2341892530089159,-0.06201901726000236,-0.2552417580454239,-0.17710742929596612,0.26798208566902465,0.047853434439861536,0.15279302496864394,0.11062844045406324,0.15530263137795536,0.6040054380888,16.051416,15.137997,16.23059,1.0925941,2.269602,2.1315544,2.3850803,0.25352597,5.8847814,5.713624,5.8847814,0.17115736,27.52202777777778,44.95594444444444,3.56452777777778,64.35472222222221,6.905111111111104,13.686111111111199,18.3,LOW,74.3,0.155,0.016,0.121,0.469,predicted value approaching the safety limit (contribution 0.47); abnormal multi-parameter pattern (ensemble anomaly score) (contribution 0.15); high physics-normalised drift rate (contribution 0.12).
IC0187,LOT2026E,134.55,1.6127212204998695,0,9.647,14.662,5.015000000000001,51.98507307971391,0.0287888888888889,-1.3862584175083709e-05,0.01785112549084315,1.583,2.198,0.615,38.85028427037271,0.0037027777777777784,-4.89267676767675e-06,0.002295981308307016,5.318,5.739,0.42100000000000026,7.916509966152694,0.0025624999999999992,-1.5519781144782549e-06,0.0015889293000099186,-0.4857827524212972,-0.4486324240634566,-0.41211116302382145,-0.22278323293210855,-0.35156333485187513,-0.311170880797515,-0.4503119948878489,-0.50127180387053,-0.4614995312844261,0.21851630169093214,0.011726059544204992,0.13107458904484054,0.05648893594701438,0.11468678165610802,0.6144287050269164,14.719346,13.76966,14.834291,1.0646315,2.2013757,2.1069157,2.315922,0.20900631,5.737664,5.6235948,5.7840095,0.1604147,24.04144444444445,51.917111111111105,3.434388888888889,65.65611111111112,6.59925,17.509375000000006,16.3,LOW,75.1,0.115,0.089,0.078,0.417,predicted value approaching the safety limit (contribution 0.42); abnormal multi-parameter pattern (ensemble anomaly score) (contribution 0.12); significant deviation from lot population (contribution 0.09).
IC0188,LOT2026E,134.74,1.627759150547168,0,10.82,15.559,4.738999999999999,43.7985212569316,0.028349999999999993,5.8343855218855694e-05,0.017416581556595888,1.295,1.82,0.5250000000000001,40.540540540540555,0.0030930555555555564,-8.259680134680075e-06,0.0019001923930305241,5.389,5.804,0.41500000000000004,7.700872146966042,0.0025583333333333443,-1.6045875420875406e-06,0.0015716903403512525,-0.3021693994722682,-0.46474562106533984,-0.43838815613779686,-0.9241607624851648,-0.5504845034375083,-0.5233302371291614,-0.27504085915305615,-0.5031032930454016,-0.47397204159286666,0.30789832299137687,0.1524080428237482,0.3059166173080892,0.1911431316041771,0.24334161909635074,0.6674892312355636,15.527616,14.720495,15.763072,1.0425768,1.8561698,1.8244989,2.099639,0.27514005,5.804425,5.6562715,5.807663,0.1513915,24.994999999999997,50.01000000000001,2.8415277777777783,71.58472222222223,6.668166666666672,16.647916666666596,23.8,LOW,78.2,0.243,0.203,0.074,0.429,predicted value approaching the safety limit (contribution 0.43); abnormal multi-parameter pattern (ensemble anomaly score) (contribution 0.24); significant deviation from lot population (contribution 0.20).
IC0189,LOT2026E,133.9,1.5622161062362516,0,10.037,16.152,6.115,60.92457905748729,0.035920833333333325,-6.655092592592847e-06,0.022993511070549078,1.551,2.243,0.692,44.61637653127015,0.004341666666666663,4.3402777777777625e-06,0.0027791716199410885,5.241,5.81,0.569,10.856706735355848,0.0033597222222222236,-7.181186868686776e-06,0.0021506129714131484,-0.18078398330863976,-0.18679297278286505,-0.10114967025459966,-0.13928590798531626,-0.14312657505827442,-0.05216073284943963,-0.258861985085231,-0.15084687507744182,-0.05511738756046874,0.27947815877663623,0.0634104693322713,0.13117659068035287,0.059131719721399405,0.15194557246578455,0.5549711740129726,16.258568,15.223194,16.258568,1.0353737,2.2575908,2.097142,2.3737493,0.27660728,5.8154225,5.6816173,5.8237925,0.1421752,27.997416666666666,44.00516666666667,3.7218333333333318,62.78166666666668,6.920861111111112,13.489236111111103,18.0,LOW,71.5,0.152,0.03,0.129,0.437,predicted value approaching the safety limit (contribution 0.44); abnormal multi-parameter pattern (ensemble anomaly score) (contribution 0.15); high physics-normalised drift rate (contribution 0.13).
IC0190,LOT2026E,133.97,1.5675858829915443,1,9.477,25.291,15.814,166.86715205233725,0.09351388888888884,0.000588567971380472,0.05965471487305635,1.45,3.351,1.901,131.10344827586206,0.011440277777777773,6.53146043771044e-05,0.007298022967612731,5.265,6.812,1.5470000000000006,29.38271604938273,0.0091013888888889,5.960648148148151e-05,0.005805990592056125,1.6899433663024848,1.9276562046762022,2.1157635666941284,1.9166037818157062,2.1727870756049867,2.37013194962921,2.443009984241867,2.3729452079027413,2.5895744011225834,0.9755908005503151,0.9941528949118812,1.0,1.0,0.9897026486661745,0.9963802410213741,25.240734,16.022095,26.320202,10.298107,3.3845003,2.8201013,3.4147196,0.5946183,6.809715,5.76722,6.8149233,1.0477033,56.23394444444442,-12.467888888888837,7.170138888888887,28.298611111111132,9.81569444444445,-22.69618055555562,80.4,CRITICAL,70.7,0.99,0.596,0.489,0.953,abnormal multi-parameter pattern (ensemble anomaly score) (contribution 0.99); predicted value approaching the safety limit (contribution 0.95); significant deviation from lot population (contribution 0.60).
IC0191,LOT2026E,133.78,1.5530492689071507,0,10.703,16.166,5.463000000000001,51.04176399140429,0.03231111111111112,2.954019360269446e-05,0.020804949178365596,1.513,2.074,0.5609999999999999,37.078651685393254,0.0034041666666666656,4.603324915824752e-06,0.0021919244513486096,5.294,5.724,0.4300000000000006,8.122402720060458,0.0025541666666666725,4.392887205387325e-06,0.001644614062027786,-0.1779182230619438,-0.3193189190103736,-0.2334926193514129,-0.45286475056327014,-0.44898486388584186,-0.3669496935486688,-0.4907591800574153,-0.5049347822202807,-0.4212112086685209,0.24795687373827496,0.023690087004740845,0.14811457441052808,0.11997010052053261,0.141510361870004,0.606243504307538,16.173878,15.425909,16.258568,0.83265877,2.0616837,2.0376418,2.1635954,0.12595367,5.740651,5.658392,5.7812524,0.12286043,26.858555555555558,46.282888888888884,3.2150833333333324,67.84916666666668,6.571083333333336,17.861458333333303,17.9,LOW,75.5,0.142,0.09,0.107,0.415,predicted value approaching the safety limit (contribution 0.41); abnormal multi-parameter pattern (ensemble anomaly score) (contribution 0.14); high physics-normalised drift rate (contribution 0.11).
IC0192,LOT2026E,135.02,1.6501502819242082,0,10.109,15.756,5.647,55.861113858937586,0.0328597222222222,-4.5507154882157424e-06,0.01991316947442212,1.409,1.989,0.5800000000000001,41.1639460610362,0.0035527777777777793,8.68055555555553e-06,0.0021530025578245845,5.237,5.715,0.47799999999999976,9.127362994080576,0.0028777777777777907,-6.760311447810988e-06,0.0017439489053215624,-0.2618440588580442,-0.2991774227580214,-0.2874187872089807,-0.6105819199072109,-0.4005006610642857,-0.3878134508661202,-0.5150274911591566,-0.3626891229715156,-0.34934174081776637,0.2968915807015382,0.06429706827149659,0.1715289144882194,0.07980752580456628,0.16947808549531615,0.5356525154759744,15.746396,15.0937195,15.949443,0.8557234,1.9933817,1.9114887,2.1185656,0.2070769,5.713238,5.6484118,5.7616863,0.113274574,26.538861111111103,46.92227777777779,3.1853888888888897,68.14611111111111,6.675888888888895,16.55138888888881,19.3,LOW,71.0,0.169,0.121,0.098,0.405,predicted value approaching the safety limit (contribution 0.41); abnormal multi-parameter pattern (ensemble anomaly score) (contribution 0.17); significant deviation from lot population (contribution 0.12).
IC0193,LOT2026E,135.74,1.7090051694181463,0,9.67,14.15,4.48,46.32885211995864,0.025748611111111104,-8.522727272727261e-05,0.015066432549105491,1.297,1.761,0.46399999999999997,35.774865073245955,0.002631944444444447,-4.971590909090913e-06,0.0015400447532528693,5.241,5.704,0.4630000000000001,8.834191948101509,0.002733333333333332,-1.0258838383838657e-05,0.0015993710155153785,-0.5905876985861835,-0.5602520070923211,-0.5805023232440897,-1.0336350329709596,-0.7009214692015857,-0.7163843841514725,-0.5446887602835063,-0.426180747700583,-0.45394487561736074,0.42680024156563684,0.1942737994980246,0.3279344162244182,0.20710420942993052,0.3043147390567535,0.521442413329614,14.03683,13.376549,14.48996,1.113411,1.7924353,1.7924353,2.090142,0.29770672,5.6846166,5.5748634,5.7280674,0.15320396,22.544305555555553,54.911388888888894,2.612972222222224,73.87027777777776,6.607666666666666,17.404166666666676,25.6,LOW,69.2,0.304,0.231,0.051,0.387,predicted value approaching the safety limit (contribution 0.39); abnormal multi-parameter pattern (ensemble anomaly score) (contribution 0.30); significant deviation from lot population (contribution 0.23).
IC0194,LOT2026E,139.49,2.0471745193123922,0,9.375,14.712,5.337,56.928,0.030874999999999986,-3.743160774410785e-05,0.015081762550644839,1.555,2.237,0.6820000000000002,43.85852090032156,0.0039875,-2.604166666666686e-06,0.001947806580427411,5.342,5.845,0.5030000000000001,9.41594908274055,0.0029986111111111272,-7.628367003367558e-07,0.0014647559760163022,-0.4755478943973827,-0.37204374717476235,-0.5795753137678569,-0.1504188846448882,-0.25867303972646577,-0.49780704797334346,-0.16448521968957358,-0.3095759369000881,-0.5513398171374736,0.3574133321384637,0.09375861923208917,0.2872464195645092,0.2986247702071924,0.2554652514620697,0.4986586638529221,14.588603,13.797388,14.85502,1.0576315,2.2279172,2.1069157,2.3458123,0.23889661,5.8366685,5.6579046,5.8421745,0.1842699,24.812499999999993,50.375000000000014,3.54875,64.51249999999999,6.8413055555555635,14.483680555555456,21.9,LOW,68.0,0.255,0.086,0.051,0.447,predicted value approaching the safety limit (contribution 0.45); abnormal multi-parameter pattern (ensemble anomaly score) (contribution 0.26); significant deviation from lot population (contribution 0.09).
IC0195,LOT2026E,134.41,1.6017207410162744,0,9.282,15.096,5.814,62.637362637362635,0.03424166666666669,1.5098905723905596e-05,0.02137805036160094,1.546,2.253,0.7070000000000001,45.73091849935317,0.0043777777777777764,-1.2889309764309202e-06,0.002733171685721023,5.367,5.9,0.5330000000000004,9.93106018259736,0.0031569444444444375,3.551136363636285e-06,0.0019709705715875232,-0.39694418477371796,-0.24844124865399064,-0.19883703067872127,-0.12073094688602863,-0.13134536689602658,-0.07681861501526402,-0.01617887406782514,-0.23997934825478126,-0.18508994553508892,0.2765257066969843,0.018834849897043256,0.17004799971092815,0.08872162049672966,0.14975229532975257,0.5166287545725974,14.951494,14.437334,15.1793785,0.74204445,2.2631454,2.1315544,2.3742635,0.24270916,5.8952494,5.713624,5.9048615,0.19123745,26.402833333333344,47.19433333333331,3.7348888888888885,62.65111111111111,6.945472222222219,13.181597222222264,19.2,LOW,69.9,0.15,0.066,0.113,0.479,predicted value approaching the safety limit (contribution 0.48); abnormal multi-parameter pattern (ensemble anomaly score) (contribution 0.15); high physics-normalised drift rate (contribution 0.11).
IC0196,LOT2026E,134.06,1.5745142823066307,0,9.952,16.79,6.837999999999999,68.70980707395498,0.039687500000000014,-5.787037037037204e-06,0.025206186089248205,1.469,2.154,0.6849999999999998,46.630360789652805,0.004151388888888886,-4.445496632996613e-06,0.0026366155807791007,5.328,5.911,0.5829999999999993,10.942192192192177,0.0035583333333333274,-1.604587542087798e-06,0.00225995621209637,-0.05018719492348888,-0.04850502889328952,0.032651406339737156,-0.3044250617689723,-0.20520447960549917,-0.12857671203033177,0.01348239505652215,-0.06354589107498601,0.02399322720880499,0.33077652499493937,0.05537990889786809,0.18086405404305828,0.12898872830888428,0.18790687647253349,0.48913943567259244,16.859888,15.154977,16.872046,1.7170687,2.1830752,2.0695994,2.2913427,0.22174335,5.902739,5.723098,5.910566,0.18746805,29.795750000000005,40.40849999999999,3.544694444444443,64.55305555555557,7.107166666666664,11.160416666666695,21.0,LOW,65.8,0.188,0.042,0.15,0.482,predicted value approaching the safety limit (contribution 0.48); abnormal multi-parameter pattern (ensemble anomaly score) (contribution 0.19); high physics-normalised drift rate (contribution 0.15).
IC0197,LOT2026E,135.78,1.7123295589790581,0,10.371,17.001,6.630000000000001,63.928261498409036,0.038968055555555554,-2.8777356902357202e-05,0.022757333920457153,1.591,2.351,0.76,47.76869893148963,0.004449999999999997,4.261363636363635e-06,0.0025987987982016847,5.305,5.902,0.5970000000000004,11.25353440150802,0.0035972222222222204,-6.076388888888767e-06,0.0021007768062866307,-0.006996094062568523,-0.07491843410523688,-0.11543136850772162,0.06110767188698572,-0.10778295057153285,-0.1488480838158542,-0.01078591604521676,-0.046451992109467766,-0.09117420859729782,0.30582156139980193,0.08365415732870661,0.21065131908228815,0.06156317095355325,0.18349853314803327,0.49955430703841197,16.988775,15.414016,17.016108,1.6020918,2.3539286,2.1353376,2.4322448,0.2969072,5.8928614,5.712627,5.907445,0.19481802,29.855027777777778,40.289944444444444,3.815999999999999,61.84,7.10361111111111,11.20486111111112,19.5,LOW,66.5,0.183,0.0,0.126,0.481,predicted value approaching the safety limit (contribution 0.48); abnormal multi-parameter pattern (ensemble anomaly score) (contribution 0.18); high physics-normalised drift rate (contribution 0.13).
IC0198,LOT2026E,133.58,1.5378787152415796,0,10.09,13.361,3.271000000000001,32.418235877106056,0.02021666666666667,3.761574074074154e-05,0.01314581342878584,1.626,2.093,0.4670000000000001,28.720787207872085,0.002836111111111109,-2.235900673400626e-06,0.0018441708588609962,5.454,5.747,0.29300000000000015,5.372203887055376,0.0019152777777777846,-1.7887205387207633e-06,0.0012454023576735185,-0.7520937582035571,-0.7633496768976954,-0.6966426980640311,-0.4176103244746242,-0.6343123307458057,-0.5533601146001244,-0.42874016279741295,-0.7857631223680505,-0.7100437250382483,0.30200885950016576,0.07465100793604655,0.26711720850213266,0.11676021730673283,0.19903587750230844,0.514319057197749,13.420884,13.058562,14.473269,1.4147072,2.0958521,2.032676,2.2098033,0.17712736,5.7428207,5.6532984,5.75928,0.10598183,20.198333333333338,59.60333333333332,3.0440555555555546,69.55944444444445,6.411638888888892,19.854513888888846,19.8,LOW,68.4,0.199,0.158,0.032,0.404,predicted value approaching the safety limit (contribution 0.40); abnormal multi-parameter pattern (ensemble anomaly score) (contribution 0.20); significant deviation from lot population (contribution 0.16).
IC0199,LOT2026E,135.74,1.7090051694181463,0,10.049,17.294,7.245000000000001,72.09672604239229,0.04336805555555556,3.138152356902377e-05,0.0253761991663962,1.535,2.339,0.804,52.37785016286646,0.004727777777777774,-6.313131313133291e-07,0.002766391736186152,5.332,6.056,0.7240000000000002,13.578394598649668,0.004159722222222214,-7.36531986531868e-07,0.0024340021298112557,0.05298017395757133,0.08662146495161174,0.042932144615930964,0.038841718567841056,-0.017158272400401783,-0.059011283248372536,0.40447185169567407,0.20079904649889235,0.14991669044689268,0.4430195768020711,0.052607044433983514,0.29373687969862866,0.14731958958700286,0.2516842795886961,0.2259898077959145,17.264803,15.154977,17.264803,2.109826,2.320285,2.1353376,2.4714468,0.33610916,6.058685,5.7248306,6.065706,0.34087515,31.73302777777778,36.53394444444444,3.8988888888888873,61.01111111111113,7.411861111111107,7.351736111111162,25.7,LOW,48.3,0.252,0.068,0.152,0.563,predicted value approaching the safety limit (contribution 0.56); abnormal multi-parameter pattern (ensemble anomaly score) (contribution 0.25); high physics-normalised drift rate (contribution 0.15).
IC0200,LOT2026E,135.47,1.6867169429111757,0,10.751,17.002,6.2509999999999994,58.14342851827736,0.03729583333333334,-5.313552188552192e-05,0.022111495049645314,1.511,2.248,0.7370000000000003,48.77564526803444,0.004194444444444444,2.1043771043771136e-06,0.002486750644245665,5.327,5.879,0.5519999999999996,10.362305237469489,0.0032499999999999985,2.7619949494949224e-06,0.0019268200356075673,-0.006791396902090706,-0.13631175432759937,-0.15448542547081745,-0.13000842743567204,-0.1911576544889729,-0.2089105648604575,-0.07280493330522152,-0.1990760900158645,-0.21703317331892766,0.2808268496045035,0.04977037067621576,0.1945828569665451,0.08616377622094124,0.16506164639089113,0.5438666752492198,16.959312,15.392642,17.016108,1.6234655,2.2451458,2.1315544,2.3128912,0.18133688,5.879334,5.713624,5.884202,0.170578,29.398916666666672,41.202166666666656,3.6082222222222224,63.91777777777777,6.951999999999999,13.100000000000012,18.4,LOW,69.5,0.165,0.0,0.12,0.469,predicted value approaching the safety limit (contribution 0.47); abnormal multi-parameter pattern (ensemble anomaly score) (contribution 0.17); high physics-normalised drift rate (contribution 0.12).
IC0201,LOT2026E,135.44,1.6842566822026375,1,11.44,34.687,23.247,203.20804195804197,0.13780416666666664,0.0009281881313131317,0.08181898170440927,1.476,3.862,2.386,161.65311653116532,0.014141666666666662,9.627525252525264e-05,0.008396384479931213,5.417,7.412,1.995,36.82850286136238,0.01183472222222221,7.557344276094252e-05,0.007026673753043981,3.61327788615653,3.55371234136302,3.456042974604064,2.8647622939892825,3.0541120708192384,2.9588995034404464,4.060897391024558,3.5744021066218874,3.4727473773472384,1.0,1.0,1.0,1.0,0.9999999999999999,1.0,33.010864,17.486609,33.010864,15.524256,3.8682683,2.84515,3.8840938,1.0389438,7.2264147,5.76722,7.2264147,1.4591947,80.34208333333332,-60.68416666666664,8.546833333333332,14.531666666666682,11.334361111111104,-41.6795138888888,94.1,CRITICAL,60.0,1.0,1.0,0.707,1.0,abnormal multi-parameter pattern (ensemble anomaly score) (contribution 1.00); significant deviation from lot population (contribution 1.00); predicted value approaching the safety limit (contribution 1.00).
IC0202,LOT2026E,137.41,1.8528469063735882,0,9.511,14.237,4.726000000000001,49.689832825149836,0.029079166666666663,5.20307239057236e-05,0.01569431698141792,1.316,1.973,0.657,49.92401215805471,0.0037527777777777768,7.680976430976548e-06,0.0020254116866691126,5.241,5.742,0.5010000000000003,9.559244419004013,0.003019444444444447,6.47095959595954e-06,0.001629624354855165,-0.572779045624572,-0.43797527794512336,-0.54253397619346,-0.6402698576660705,-0.335250892781072,-0.4562074761996204,-0.4422225578539351,-0.3004184910257103,-0.4320563687554892,0.3355944870770814,0.13748780991858783,0.27252645692061944,0.35095488334003916,0.26585293733768456,0.5823816539849132,14.2960615,13.641158,14.48996,0.8488016,1.9732136,1.9072214,2.092243,0.18502152,5.744232,5.643835,5.7697797,0.12594461,24.05058333333333,51.898833333333336,3.1923888888888885,68.07611111111112,6.750722222222223,15.615972222222208,22.5,LOW,73.9,0.266,0.129,0.057,0.409,predicted value approaching the safety limit (contribution 0.41); abnormal multi-parameter pattern (ensemble anomaly score) (contribution 0.27); significant deviation from lot population (contribution 0.13).
IC0203,LOT2026E,135.92,1.7240107702828409,0,10.739,16.401,5.661999999999999,52.72371729211285,0.03328888888888888,-3.293350168350171e-05,0.019308979655288067,1.523,2.132,0.6090000000000002,39.98686802363757,0.0034027777777777797,3.682659932659947e-06,0.001973756682053396,5.172,5.668,0.49600000000000044,9.590100541376652,0.002979166666666661,6.050084175084888e-07,0.0017280441155120506,-0.12981439034954492,-0.2834211636644078,-0.32395431438052263,-0.3452459761874038,-0.4494379872766965,-0.48389671181887156,-0.6417620046904667,-0.318122886382856,-0.3608489697213966,0.276624817116018,0.05610762463890402,0.16621575622124646,0.14726073300609718,0.16898323457744135,0.6147108931926271,16.414581,15.464007,16.414581,0.9505739,2.1197174,2.0494921,2.2281384,0.17864633,5.672178,5.582718,5.756173,0.17345524,27.383444444444443,45.233111111111114,3.22438888888889,67.75611111111111,6.66158333333333,16.730208333333373,19.2,LOW,75.5,0.169,0.13,0.092,0.402,predicted value approaching the safety limit (contribution 0.40); abnormal multi-parameter pattern (ensemble anomaly score) (contribution 0.17); significant deviation from lot population (contribution 0.13).
IC0204,LOT2026E,136.09,1.7382914103251732,0,10.206,17.302,7.096,69.52772878698805,0.04319027777777778,7.260101010100874e-06,0.02484639659451484,1.646,2.59,0.944,57.35115431348724,0.005636111111111108,2.1043771043769916e-06,0.003242328114626529,5.212,5.914,0.702,13.468917881811205,0.004274999999999993,4.261363636363686e-06,0.0024593114679202673,0.0546177512413975,0.08009460034325402,0.010894835069294008,0.5045712421599498,0.2791844252191979,0.19611045414082678,0.02157183209043592,0.25147024700381676,0.16822817714416366,0.4738502458638,0.11986218115455415,0.30605619529054034,0.24039140569732076,0.2990761903114024,0.33880282644539605,17.187931,16.350843,17.4792,1.1283569,2.5383434,2.3318422,2.58918,0.2573378,5.9272304,5.742022,5.9282455,0.1862235,31.80113888888889,36.39772222222222,4.464055555555554,55.35944444444446,7.349499999999996,8.131250000000046,26.6,LOW,58.2,0.299,0.094,0.147,0.492,predicted value approaching the safety limit (contribution 0.49); abnormal multi-parameter pattern (ensemble anomaly score) (contribution 0.30); high physics-normalised drift rate (contribution 0.15).
IC0205,LOT2026E,135.56,1.6941171307016845,0,10.578,16.972,6.394000000000002,60.44620911325394,0.03789027777777778,-2.5515572390572516e-05,0.022365795783012978,1.474,2.116,0.6420000000000001,43.5549525101764,0.003963888888888888,-1.4151936026935943e-05,0.0023397962378475506,5.257,5.788,0.5310000000000006,10.100817957009713,0.0031847222222222225,3.182870370370289e-06,0.0018798713291466134,-0.012932311716439018,-0.11448755079340416,-0.1391077890733463,-0.37493391394626335,-0.266376137371012,-0.28768425221787836,-0.318184523333928,-0.22776942042226636,-0.2510008974099712,0.29540351052625186,0.10873633719180104,0.20956019424217742,0.11516239052557597,0.1951985272690003,0.6248998720434384,16.952705,15.392642,17.016108,1.6234655,2.1212761,2.0376418,2.2480543,0.2104125,5.8028917,5.685798,5.8028917,0.11709356,29.52313888888889,40.95372222222222,3.455944444444444,65.44055555555556,6.8493611111111115,14.382986111111107,20.0,LOW,74.4,0.195,0.06,0.122,0.426,predicted value approaching the safety limit (contribution 0.43); abnormal multi-parameter pattern (ensemble anomaly score) (contribution 0.20); high physics-normalised drift rate (contribution 0.12).
IC0206,LOT2026E,136.18,1.745894733832593,0,10.038,16.157,6.119,60.958358238692966,0.03599722222222222,-4.271885521885584e-05,0.02061820883278628,1.433,2.15,0.7169999999999999,50.034891835310525,0.004231944444444446,5.550294612794594e-06,0.002423940208098612,5.313,5.873,0.5600000000000005,10.54018445322794,0.0032708333333333435,-1.5782828282796604e-07,0.0018734424647431067,-0.1797604975062485,-0.18398846064646113,-0.24478486022318846,-0.31184704620868725,-0.17892332293586954,-0.2425795767744458,-0.08898380737304666,-0.18991864414147558,-0.2556522266741472,0.2740213157690013,0.03730723993322033,0.18144126830153406,0.08700499316507226,0.15643863513418418,0.5458353679810717,16.264828,15.280848,16.271479,0.9906311,2.147289,2.0610144,2.2864196,0.22540522,5.8759007,5.7120714,5.8819423,0.16987085,28.03661111111111,43.92677777777778,3.548972222222223,64.51027777777777,6.948416666666671,13.144791666666611,18.6,LOW,71.1,0.156,0.044,0.105,0.468,predicted value approaching the safety limit (contribution 0.47); abnormal multi-parameter pattern (ensemble anomaly score) (contribution 0.16); high physics-normalised drift rate (contribution 0.10).
IC0207,LOT2026E,136.02,1.7323983144869468,0,10.605,15.303,4.698,44.2998585572843,0.027587500000000008,7.767781986531959e-05,0.015924455576586092,1.444,1.914,0.47,32.54847645429363,0.0028083333333333324,-2.709385521885534e-06,0.0016210667661409183,5.351,5.77,0.4189999999999996,7.8303120911979,0.0024430555555555603,5.076809764309976e-06,0.0014102158465093381,-0.354571872554711,-0.49273975129962266,-0.5286174310437284,-0.7497441281518652,-0.6433747985629186,-0.6729532079877478,-0.3667211455374106,-0.5537744935503282,-0.5907999899650913,0.33276923467263486,0.10591346208063822,0.280655030402749,0.14855722736358076,0.22665786094470058,0.5341043745363294,15.220547,14.480608,15.554631,1.0740232,1.9122558,1.8833145,2.10174,0.2184254,5.774905,5.6562715,5.7866373,0.13036585,24.398750000000007,51.202499999999986,2.848166666666666,71.51833333333335,6.57252777777778,17.84340277777775,21.8,LOW,70.3,0.227,0.157,0.059,0.418,predicted value approaching the safety limit (contribution 0.42); abnormal multi-parameter pattern (ensemble anomaly score) (contribution 0.23); significant deviation from lot population (contribution 0.16).
IC0208,LOT2026E,137.57,1.8671837588924858,0,10.689,17.11,6.420999999999999,60.071101132004856,0.03780416666666664,-1.57828282828279e-05,0.020246623550908595,1.56,2.29,0.73,46.79487179487179,0.004388888888888888,-2.8935185185188054e-07,0.0023505393446074875,5.207,5.767,0.5600000000000005,10.754753216823516,0.003237499999999998,-3.6563552188551524e-06,0.0017338946874303957,0.015315896429565106,-0.11764900083807843,-0.26725472603795003,-0.05207759081866612,-0.12772037976918107,-0.281925499187622,-0.374810582571322,-0.20457055754049494,-0.3566160391961981,0.32132414583453334,0.11653102410058944,0.2177279694829639,0.12972536244632135,0.21042715653580446,0.5947087020644676,17.02438,15.450295,17.23937,1.7890749,2.2802403,2.1238153,2.353388,0.22957277,5.771604,5.673143,5.7854,0.112257004,29.59108333333332,40.81783333333336,3.7544444444444443,62.455555555555556,6.825749999999999,14.678125000000009,20.0,LOW,72.1,0.21,0.06,0.102,0.417,predicted value approaching the safety limit (contribution 0.42); abnormal multi-parameter pattern (ensemble anomaly score) (contribution 0.21); high physics-normalised drift rate (contribution 0.10).
IC0209,LOT2026E,132.65,1.4690725702240215,0,10.676,16.011,5.334999999999999,49.97189958786061,0.03224999999999997,7.652041245791281e-05,0.02195262552283725,1.648,2.311,0.663,40.230582524271846,0.003983333333333336,5.971170033670142e-06,0.0027114612402884294,5.283,5.754,0.4709999999999992,8.915388983532068,0.002879166666666651,3.630050505050584e-06,0.001959853260501353,-0.20964628293607954,-0.3215625287194977,-0.1640923101444869,-0.013112172510163162,-0.26003240989903176,-0.08845631872769526,-0.40986480971828243,-0.3620786265799026,-0.19313339942499327,0.2413732883196875,0.04779477211390431,0.11864374714163885,0.0638670383926461,0.1321278877332866,0.6283214510848374,16.036827,15.264804,16.180384,0.9155798,2.3008559,2.1246896,2.3550482,0.2303586,5.7595534,5.688728,5.7713904,0.08266258,26.800999999999988,46.398000000000025,3.6396666666666677,63.603333333333325,6.722583333333326,15.96770833333343,17.2,LOW,76.5,0.132,0.069,0.118,0.41,predicted value approaching the safety limit (contribution 0.41); abnormal multi-parameter pattern (ensemble anomaly score) (contribution 0.13); high physics-normalised drift rate (contribution 0.12).
IC0210,LOT2026E,135.43,1.683437312826993,0,9.783,16.645,6.862,70.14208320556067,0.04007916666666666,5.468749999999988e-05,0.023807935324518734,1.69,2.545,0.855,50.591715976331365,0.005151388888888888,5.445075757575785e-06,0.0030600420043192284,5.391,6.01,0.6189999999999998,11.482099795956218,0.0037347222222222265,5.208333333333458e-06,0.0022185098273427924,-0.07986828319284135,-0.0341255303030027,-0.051901208069788846,0.4210739172131574,0.12104436181057424,0.09839750075005403,0.2804338171756669,0.013987150661468085,-0.005993527869348716,0.44195227124195635,0.060386678150951,0.2904076335039915,0.09682497772516939,0.24540457173954372,0.19286179967224548,16.7519,15.286353,16.7519,1.4655466,2.5177615,2.2530375,2.583485,0.33044744,6.007532,5.762047,6.02262,0.2605734,29.822583333333327,40.354833333333346,4.265694444444444,57.343055555555566,7.258361111111113,9.270486111111087,24.8,LOW,48.2,0.245,0.072,0.137,0.541,predicted value approaching the safety limit (contribution 0.54); abnormal multi-parameter pattern (ensemble anomaly score) (contribution 0.24); high physics-normalised drift rate (contribution 0.14).
IC0211,LOT2026E,134.27,1.5907878136963416,1,11.08,34.671,23.591,212.91516245487367,0.14138749999999994,0.0006722695707070705,0.08887891822069789,1.474,4.247,2.7729999999999997,188.12754409769332,0.016427777777777774,5.923821548821546e-05,0.01032681897380539,4.944,6.834,1.8899999999999997,38.22815533980582,0.011411111111111115,4.5507154882155166e-05,0.0071732452391600554,3.610002731588878,3.685269456125225,3.882959308265414,3.57912829631184,3.7999531721676503,3.993692858819389,2.502332522490564,3.38820070717609,3.578792893300818,1.0,1.0,1.0,1.0,0.9999999999999999,1.0,32.0952,17.486609,32.0952,14.608591,4.0973334,2.8535242,4.0973334,1.2438092,6.8320775,5.516252,6.833908,1.317656,81.77374999999996,-63.54749999999992,9.687888888888887,3.12111111111113,10.649555555555558,-33.11944444444448,92.8,CRITICAL,60.0,1.0,0.898,0.777,0.963,abnormal multi-parameter pattern (ensemble anomaly score) (contribution 1.00); predicted value approaching the safety limit (contribution 0.96); significant deviation from lot population (contribution 0.90).
IC0212,LOT2026E,135.59,1.6965903410099887,0,9.208,15.319,6.111000000000001,66.36620330147697,0.03609027777777777,-2.4252946127945864e-05,0.021272240508155342,1.595,2.41,0.8150000000000002,51.09717868338559,0.004762500000000005,-2.1832912457912743e-06,0.002807100738982673,5.328,5.936,0.6079999999999997,11.411411411411404,0.0035583333333333396,-4.708543771043824e-06,0.0020973438592224013,-0.3512967179870583,-0.1805720549530243,-0.2052353820794766,0.17058194237278054,-0.005830187629007745,-0.03718956086845295,0.08089437033913528,-0.06354589107498068,-0.09365797029143272,0.3434449643713242,0.09001931525972945,0.2382760393433599,0.10886371363037904,0.21119629702111112,0.47800492332573885,15.223943,14.515011,15.473659,0.9586477,2.40933,2.156285,2.546852,0.39056706,5.917272,5.718857,5.930693,0.21183634,27.253138888888884,45.49372222222223,3.976250000000002,60.237499999999976,7.10716666666667,11.160416666666627,21.6,LOW,66.6,0.211,0.054,0.112,0.493,predicted value approaching the safety limit (contribution 0.49); abnormal multi-parameter pattern (ensemble anomaly score) (contribution 0.21); high physics-normalised drift rate (contribution 0.11).
IC0213,LOT2026E,132.53,1.4603992453834547,0,10.262,14.392,4.129999999999999,40.245566166439275,0.024277777777777752,-5.2662037037036745e-05,0.016624068969169573,1.52,1.973,0.45300000000000007,29.802631578947373,0.0027388888888888858,-9.311868686868696e-06,0.0018754384443479633,5.314,5.719,0.40500000000000025,7.62137749341363,0.002295833333333337,-1.0285143097643007e-05,0.0015720586959975615,-0.5410509857504368,-0.6142516135005297,-0.48631161372468945,-0.6402698576660705,-0.6660309681057021,-0.5365993854464909,-0.5042415751139375,-0.618487111062641,-0.47370553365464246,0.30403849501719776,0.08341965150828305,0.21178963716237212,0.06174469959211823,0.18305900107979628,0.5023271239698439,14.112064,13.802005,14.498996,0.69699097,1.9764674,1.9073961,2.10174,0.1943438,5.7022295,5.6235948,5.720133,0.09653807,22.400888888888876,55.19822222222225,2.889444444444443,71.10555555555557,6.461916666666669,19.22604166666664,18.9,LOW,69.5,0.183,0.129,0.066,0.383,predicted value approaching the safety limit (contribution 0.38); abnormal multi-parameter pattern (ensemble anomaly score) (contribution 0.18); significant deviation from lot population (contribution 0.13).
IC0214,LOT2026E,135.9,1.7223376503739443,0,10.072,16.465,6.393000000000001,63.47299444003178,0.03838611111111113,-4.4981060606064524e-06,0.022287215925853417,1.456,2.133,0.677,46.49725274725275,0.004063888888888888,3.0513468013466577e-06,0.00235951927777144,5.238,5.848,0.6099999999999994,11.645666284841532,0.0035388888888888866,-9.180345117845025e-06,0.0020547009978679515,-0.11671377207893413,-0.09628371747165651,-0.14385953499072004,-0.3433904800774753,-0.23375125322940493,-0.2771118806995084,-0.15639578265565982,-0.07209284055774266,-0.12451038472686006,0.30919003774401854,0.10013604898629598,0.20530233678122062,0.11281743992125913,0.19624041125072827,0.5835883853836079,16.60286,15.286353,16.857695,1.5713415,2.1199942,2.0503664,2.251485,0.20111871,5.8404584,5.682224,5.8550034,0.17277956,29.265055555555563,41.469888888888875,3.4879444444444436,65.12055555555555,7.0074444444444435,12.406944444444456,20.4,LOW,71.9,0.196,0.052,0.122,0.454,predicted value approaching the safety limit (contribution 0.45); abnormal multi-parameter pattern (ensemble anomaly score) (contribution 0.20); high physics-normalised drift rate (contribution 0.12).
IC0215,LOT2026E,136.72,1.7921460502029187,0,9.085,13.925,4.84,53.27462850853054,0.028140277777777778,-2.880366161616164e-05,0.015702000277595426,1.324,1.817,0.4929999999999999,37.23564954682778,0.002773611111111111,8.706860269360282e-06,0.0015476479223314773,5.297,5.759,0.46200000000000063,8.721918066830293,0.0026916666666666643,7.260101010100953e-06,0.0015019237223226846,-0.6366445596937995,-0.4724452816580113,-0.5420693651269203,-0.9297272508149511,-0.6547028833343097,-0.7123087686010187,-0.3963824146617579,-0.4444956394493511,-0.5244486875028138,0.3802043358239055,0.18171765117356417,0.32489017048889535,0.19853342816087247,0.2823448612123461,0.5848872810708706,13.901145,13.140102,14.209918,1.0698156,1.8160417,1.8160417,2.090142,0.2741003,5.7535686,5.647284,5.779997,0.13271284,23.155138888888892,53.689722222222215,2.7108055555555555,72.89194444444445,6.642833333333332,16.96458333333335,24.8,LOW,73.2,0.282,0.204,0.057,0.414,predicted value approaching the safety limit (contribution 0.41); abnormal multi-parameter pattern (ensemble anomaly score) (contribution 0.28); significant deviation from lot population (contribution 0.20).
IC0216,LOT2026E,133.69,1.5462059348583834,0,10.475,16.696,6.221000000000002,59.38902147971362,0.03749583333333333,-2.2806186868686786e-05,0.024250219513461877,1.44,2.149,0.7090000000000001,49.23611111111112,0.004058333333333331,-4.261363636363608e-06,0.00262470427893231,5.313,5.873,0.5600000000000005,10.54018445322794,0.0034305555555555513,3.4196127946137975e-07,0.0022186925287347023,-0.06942872800844799,-0.12896903164319748,-0.0251561595917536,-0.3137025423186157,-0.23556374679282785,-0.13496166632123638,-0.08898380737304666,-0.11971155910453934,-0.005861342108776044,0.29397024062810256,0.037288839860610996,0.15819744450614354,0.09633526759149032,0.16016601521797144,0.5203937903224369,16.815437,15.371253,16.815437,1.4441843,2.1444798,2.0610144,2.289437,0.22842264,5.8728647,5.717865,5.8785815,0.16071653,29.222916666666663,41.554166666666674,3.4691666666666654,65.30833333333335,7.028277777777776,12.146527777777806,19.4,LOW,68.4,0.16,0.045,0.141,0.466,predicted value approaching the safety limit (contribution 0.47); abnormal multi-parameter pattern (ensemble anomaly score) (contribution 0.16); high physics-normalised drift rate (contribution 0.14).
IC0217,LOT2026E,134.58,1.6150872900802624,0,9.132,12.695,3.5630000000000006,39.01664476565923,0.02136805555555557,-1.8150252525254043e-06,0.013230279060950121,1.391,1.84,0.44900000000000007,32.27893601725378,0.002530555555555557,2.4989478114477355e-06,0.0015668227786188574,5.27,5.572,0.3020000000000005,5.730550284629991,0.0019388888888888871,1.4204545454544183e-06,0.0012004855098528657,-0.8884220670821007,-0.7210780303326296,-0.6915350376876571,-0.8870508402865903,-0.7339994767340491,-0.7020302463618587,-0.9006239897756978,-0.7753846837104192,-0.7425413849062625,0.3411830235545024,0.1245984264000973,0.3055900735023603,0.10934800336521151,0.2343138013693588,0.4712164500551882,12.840462,12.505081,14.093282,1.5882006,1.8291353,1.8191648,2.090142,0.27097726,5.5789957,5.5509305,5.7203712,0.16944075,19.816027777777784,60.36794444444443,2.6562777777777784,73.43722222222222,6.239444444444443,22.006944444444464,21.6,LOW,65.0,0.234,0.197,0.033,0.383,predicted value approaching the safety limit (contribution 0.38); abnormal multi-parameter pattern (ensemble anomaly score) (contribution 0.23); significant deviation from lot population (contribution 0.20).
IC0218,LOT2026E,133.56,1.5363690185051018,0,10.235,14.851,4.616000000000001,45.10014655593553,0.02762638888888891,2.9592803030302892e-05,0.017981610248669025,1.499,2.016,0.5169999999999999,34.48965977318211,0.0030333333333333323,1.0784932659932683e-05,0.0019743520578700473,5.195,5.624,0.4289999999999994,8.257940327237716,0.002594444444444439,-1.4730639730642563e-06,0.0016886857344785907,-0.4470949890908997,-0.491311999666544,-0.4042207132611094,-0.5604835249391356,-0.5699688092443022,-0.4835775655639849,-0.7604070811878655,-0.48723038686314346,-0.3893250392106935,0.23572102491402327,0.04509437808917622,0.1327317590429418,0.07121416902950749,0.1332591493096755,0.6427264041736707,14.800378,14.296295,14.997255,0.70096016,2.0243282,1.9114887,2.1321113,0.22062266,5.628601,5.550084,5.712427,0.16234303,24.048194444444455,51.90361111111109,3.0156666666666663,69.84333333333333,6.49222222222222,18.84722222222225,17.7,LOW,77.7,0.133,0.16,0.079,0.379,predicted value approaching the safety limit (contribution 0.38); significant deviation from lot population (contribution 0.16); abnormal multi-parameter pattern (ensemble anomaly score) (contribution 0.13).
IC0219,LOT2026E,135.3,1.672818087116741,0,9.473,16.667,7.194000000000001,75.9421513775995,0.04176527777777778,-5.40035774410768e-05,0.024967017094945546,1.493,2.37,0.877,58.74079035498995,0.005159722222222223,-9.811658249158255e-06,0.0030844490874172028,5.118,5.81,0.6919999999999993,13.520906604142228,0.004068055555555552,-4.7611531986531345e-06,0.0024318577057994557,-0.0753649456623185,0.027777701216888526,0.01818879043128142,0.09636209797563165,0.12376310215570872,0.11148071465558207,-0.258861985085231,0.1605062846516057,0.14836518437445997,0.47278046381833566,0.2716067593608003,0.30605031671662103,0.19836914987897902,0.3379206259698286,0.49117282219797154,16.760687,14.766324,16.954975,2.188651,2.3808846,2.1246896,2.5567822,0.43209267,5.802194,5.616307,5.8172646,0.20095778,30.35563888888889,39.28872222222222,4.072861111111111,59.271388888888886,7.152027777777777,10.599652777777791,25.8,LOW,64.1,0.338,0.03,0.148,0.434,predicted value approaching the safety limit (contribution 0.43); abnormal multi-parameter pattern (ensemble anomaly score) (contribution 0.34); high physics-normalised drift rate (contribution 0.15).
IC0220,LOT2026E,136.71,1.791279629787243,0,11.022,17.538,6.516,59.11812738160044,0.03836250000000001,-8.575336700337033e-06,0.021416254258725904,1.627,2.436,0.8089999999999999,49.723417332513826,0.0045027777777777766,1.131102693602589e-06,0.0025137213101187267,5.344,5.96,0.6159999999999997,11.526946107784424,0.0035930555555555546,-6.339436026936193e-06,0.00200585966356482,0.1029262811142749,-0.09715056667745432,-0.19652683034554044,0.2188248412309269,-0.09056426171901744,-0.19445316372918187,0.14560986661044303,-0.048283481284344135,-0.1598474385651158,0.3660999716743549,0.1541327116202789,0.29833197543284035,0.18791754281774334,0.2622288300813374,0.5782907992101172,17.384901,15.5054865,17.525387,2.0199003,2.4206407,2.1871104,2.4436328,0.25652242,5.953996,5.718857,5.9606314,0.24177456,30.203250000000004,39.59349999999999,3.878388888888888,61.21611111111112,7.140527777777778,10.743402777777778,23.3,LOW,70.1,0.262,0.02,0.113,0.509,predicted value approaching the safety limit (contribution 0.51); abnormal multi-parameter pattern (ensemble anomaly score) (contribution 0.26); high physics-normalised drift rate (contribution 0.11).
IC0221,LOT2026E,134.92,1.6421218437715146,0,10.131,14.697,4.565999999999999,45.069588392063956,0.026948611111111107,-7.075968013468156e-06,0.016410847473545178,1.637,2.135,0.4979999999999998,30.421502748930955,0.003011111111111112,-6.313131313131313e-07,0.0018336709438048734,5.443,5.817,0.37400000000000055,6.871210729377192,0.002229166666666668,1.8676346801347618e-06,0.0013574916350584975,-0.47861835180455725,-0.5161956709859079,-0.49920517713843093,-0.33967948785761826,-0.577218783497992,-0.558988506740131,-0.23998663200609807,-0.6477909378606701,-0.6289463331230111,0.26643998656083145,0.03215964296160409,0.2195155621816846,0.10053020447812312,0.16188453129282762,0.532916434942716,14.669125,14.014219,14.887046,0.8728266,2.1368248,2.0454006,2.2461834,0.20078278,5.8125935,5.6562715,5.820926,0.16465473,23.605305555555553,52.78938888888889,3.142555555555556,68.57444444444444,6.5575833333333335,18.03020833333333,18.2,LOW,70.7,0.162,0.087,0.064,0.436,predicted value approaching the safety limit (contribution 0.44); abnormal multi-parameter pattern (ensemble anomaly score) (contribution 0.16); significant deviation from lot population (contribution 0.09).
IC0222,LOT2026E,136.07,1.7366058319443862,1,11.058,30.511,19.453,175.9178875022608,0.11677083333333328,0.00044344486531986506,0.06724083910428374,1.696,4.019,2.3230000000000004,136.96933962264154,0.013816666666666661,4.813762626262622e-05,0.007956132826754858,5.303,6.966,1.6630000000000003,31.35960776918726,0.00986805555555556,3.17234848484849e-05,0.00568238075332663,2.7584625439991766,2.7815026723867216,2.5744986184928185,3.1560751832480918,2.948081197359015,2.7229062662458463,2.858267751982758,2.709939216080063,2.5001418008784455,0.9820921475744698,0.9144992751279389,1.0,1.0,0.9680820341894462,0.8557841859108304,30.500347,17.486609,30.500347,13.013739,4.020339,2.8535242,4.020339,1.1668148,6.964206,5.76722,7.0066185,1.2393985,69.44341666666665,-38.8868333333333,8.604333333333331,13.95666666666669,10.23702777777778,-27.962847222222244,85.6,CRITICAL,53.2,0.968,0.781,0.564,1.0,predicted value approaching the safety limit (contribution 1.00); abnormal multi-parameter pattern (ensemble anomaly score) (contribution 0.97); significant deviation from lot population (contribution 0.78).
IC0223,LOT2026E,132.62,1.4668999034208559,0,9.2,12.563,3.3630000000000013,36.554347826086975,0.019468055555555554,-3.2302188552188365e-05,0.013271563731209912,1.425,1.818,0.393,27.57894736842105,0.002361111111111111,1.3310185185185266e-05,0.0016095925193020514,5.282,5.639,0.3570000000000002,6.75880348352897,0.001991666666666669,-7.049663299663107e-06,0.001357738630987732,-0.9154420922652353,-0.7908338958344511,-0.6890385421422562,-0.9278717547050221,-0.7892805304184397,-0.6791038825765594,-0.7199598960182967,-0.7521858208286452,-0.6287676298059597,0.3710206086250919,0.14755796134998067,0.3060186328764916,0.1251759578599224,0.25410472167806303,0.4720706245433336,12.480828,12.2446375,13.411749,1.1671114,1.8202581,1.8202581,2.090142,0.26988387,5.630646,5.5676317,5.6632304,0.0955987,18.93402777777778,62.13194444444444,2.6055555555555556,73.94444444444443,6.2778333333333345,21.52708333333332,22.0,LOW,66.3,0.254,0.204,0.033,0.354,predicted value approaching the safety limit (contribution 0.35); abnormal multi-parameter pattern (ensemble anomaly score) (contribution 0.25); significant deviation from lot population (contribution 0.20).
IC0224,LOT2026E,134.39,1.6001547669703913,0,9.297,13.922,4.625,49.74723028934064,0.027462499999999983,2.277988215488276e-05,0.017162402391860725,1.687,2.368,0.6809999999999998,40.36751630112625,0.004023611111111107,6.392045454545564e-06,0.002514513717150685,5.305,5.694,0.38900000000000023,7.33270499528747,0.002276388888888889,2.9987373737373897e-06,0.0014226054478460397,-0.6372586511752345,-0.49732895297737495,-0.4537584412460948,0.0926511057557738,-0.2468918315642199,-0.19402840053000153,-0.5716535503965506,-0.6270340605454007,-0.5818360250014749,0.2617740083161433,0.04549677794375184,0.17105399343888714,0.29254983208699364,0.18336320979460216,0.5163777301018209,13.944458,13.446894,14.334062,0.88716793,2.3704293,2.1344633,2.5373366,0.40287328,5.6954827,5.5810328,5.7505026,0.16946983,23.028249999999993,53.943500000000014,3.6988055555555537,63.01194444444447,6.443194444444444,19.46006944444445,19.3,LOW,69.1,0.183,0.128,0.071,0.399,predicted value approaching the safety limit (contribution 0.40); abnormal multi-parameter pattern (ensemble anomaly score) (contribution 0.18); significant deviation from lot population (contribution 0.13).
IC0225,LOT2026E,134.76,1.629349405422041,0,9.846,14.314,4.468,45.37883404428194,0.026651388888888888,3.156565656565625e-06,0.016357074056798475,1.519,2.103,0.5840000000000003,38.446346280447685,0.003416666666666666,1.3573232323232342e-05,0.002096951491986255,5.214,5.631,0.4169999999999998,7.997698504027614,0.002454166666666666,-4.419191919191985e-06,0.0015062249131462245,-0.5570173642677435,-0.5271077727530055,-0.5024568706732071,-0.39905536337533654,-0.44490675336814084,-0.4178591585425349,-0.7415317281087326,-0.5488905224173257,-0.5213367452541293,0.24855215998636845,0.07531535801832001,0.16196210335195144,0.06779148724821198,0.15214900715834703,0.6416325448301017,14.288578,13.904743,14.499204,0.5944605,2.0971935,2.0367675,2.2279298,0.19116235,5.6341305,5.554695,5.74132,0.186625,23.171694444444444,53.656611111111104,3.227333333333333,67.72666666666667,6.441083333333333,19.486458333333335,18.3,LOW,77.9,0.152,0.155,0.063,0.394,predicted value approaching the safety limit (contribution 0.39); significant deviation from lot population (contribution 0.15); abnormal multi-parameter pattern (ensemble anomaly score) (contribution 0.15).
IC0226,LOT2026F,107.98,0.40206853082003935,0,9.958,11.29,1.331999999999999,13.37617995581441,0.007927777777777773,-1.3152356902331485e-07,0.01971747891238507,2.07,2.277,0.2070000000000003,10.000000000000014,0.0010861111111111156,1.2626262626263349e-06,0.002701308428431184,4.86,4.973,0.11299999999999955,2.325102880658427,0.0006472222222222233,3.314393939393752e-06,0.0016097311095254843,-0.9057941703774848,-0.4885033094158236,-0.4114972316702146,-0.19295879015497236,-0.48290809010060926,-0.4085730522164658,-0.5169511335732583,-0.500784939657009,-0.42504098997206397,0.005121490736208296,0.0007143528614405404,0.06370991723930229,0.005067328170781064,0.015508910289582683,0.9067438133755624,11.27928,10.999454,11.949195,0.94974136,2.2447438,2.2342503,2.347756,0.1135056,4.969787,4.9434547,5.054161,0.11070633,13.921888888888887,72.15622222222223,2.6130555555555577,73.86944444444443,5.183611111111112,35.2048611111111,7.2,LOW,93.3,0.016,0.198,0.096,0.037,significant deviation from lot population (contribution 0.20); high physics-normalised drift rate (contribution 0.10).
IC0227,LOT2026F,108.27,0.4086373479328131,0,9.799,11.657,1.8580000000000005,18.96111848147771,0.010458333333333333,1.4993686868691093e-06,0.02559319011401978,1.963,2.072,0.10899999999999999,5.552725420275088,0.0010027777777777804,4.99789562289657e-07,0.0024539552805208937,4.746,4.876,0.1299999999999999,2.7391487568478694,0.0007500000000000054,-3.945707070706893e-06,0.0018353682153480454,-0.7124930032225746,-0.2565172894968929,-0.1613070216025567,-0.8781184665135655,-0.5325710688189638,-0.47675974011963956,-1.087636944915509,-0.3877340380870878,-0.3099654102410953,0.09344614146622618,0.05989635190305262,0.16410957058783623,0.12773432950268884,0.10265711862706552,0.8357543623521352,11.526982,11.370391,11.830962,0.4605713,2.0932772,2.0514474,2.1701128,0.11866546,4.8745694,4.870996,4.994603,0.12360716,15.028166666666667,69.94366666666667,2.46438888888889,75.3561111111111,5.121000000000003,35.98749999999996,12.2,LOW,90.1,0.103,0.245,0.154,0.006,significant deviation from lot population (contribution 0.24); high physics-normalised drift rate (contribution 0.15); abnormal multi-parameter pattern (ensemble anomaly score) (contribution 0.10).
IC0228,LOT2026F,110.7,0.4676204917734498,0,11.258,13.145,1.8870000000000005,16.761414105524967,0.011123611111111119,-1.5598695286195163e-05,0.023787689604715237,2.09,2.364,0.274,13.110047846889955,0.0014055555555555575,-5.813341750841839e-06,0.003005761253586195,4.836,4.942,0.10599999999999987,2.1918941273779953,0.0005986111111111214,3.3933080808081845e-06,0.0012801216406083701,0.07124578894774045,-0.1955286486949341,-0.23818597909360772,0.09781629200696622,-0.29253333834692247,-0.3246459627677666,-0.6993352588475849,-0.5542549606697972,-0.5931427770526047,0.026194506671730133,0.06754411024342133,0.16522007329635274,0.0525693518167647,0.0703607278399172,0.7589679751673928,13.077974,12.612828,13.305427,0.69259834,2.3391478,2.2679424,2.4290557,0.16111326,4.9399285,4.935093,5.0359573,0.10086441,16.819805555555558,66.36038888888888,2.7927777777777787,72.07222222222221,5.135305555555561,35.80868055555548,9.0,LOW,85.0,0.07,0.144,0.136,0.027,significant deviation from lot population (contribution 0.14); high physics-normalised drift rate (contribution 0.14); abnormal multi-parameter pattern (ensemble anomaly score) (contribution 0.07).
IC0229,LOT2026F,113.0,0.5304415460243369,0,11.461,13.067,1.6059999999999999,14.012738853503185,0.008777777777777798,7.87826178451179e-05,0.01654805858169916,2.147,2.308,0.16100000000000003,7.498835584536565,0.0011430555555555567,6.8129208754209144e-06,0.002154913324800378,4.847,4.975,0.12799999999999923,2.6408087476789603,0.0007472222222222177,-1.999158249158328e-06,0.0014086796704041256,0.03016270710010327,-0.41058045310935304,-0.5464524585551577,-0.08934927812025933,-0.4489717213097364,-0.5591952404435115,-0.5051844158136255,-0.3907894678592586,-0.5275778082329307,0.06959980864428819,0.10389332765238557,0.2081902017474374,0.1260060403539078,0.11606687772379018,0.7673942202568858,13.141505,12.513414,13.420316,0.90690136,2.3344684,2.259694,2.3383224,0.0786283,4.961341,4.9434547,5.088967,0.1455121,15.849888888888898,68.3002222222222,2.718527777777778,72.81472222222222,5.2206111111111095,34.74236111111113,8.9,LOW,85.1,0.116,0.094,0.065,0.055,abnormal multi-parameter pattern (ensemble anomaly score) (contribution 0.12); significant deviation from lot population (contribution 0.09); high physics-normalised drift rate (contribution 0.07).
IC0230,LOT2026F,109.23,0.4310821263370737,0,10.217,11.973,1.7560000000000002,17.187041205833417,0.010568055555555577,1.6782407407407228e-05,0.024515179150091125,1.764,1.932,0.16799999999999993,9.523809523809518,0.0009611111111111108,-9.338173400673341e-06,0.002229531340762652,4.967,5.102,0.13500000000000068,2.71793839339643,0.0008208333333333279,1.3415404040402735e-06,0.0019041228647264726,-0.546053851121889,-0.24645862013706904,-0.20720917374466882,-1.3460323918316293,-0.5574025581781422,-0.5386256402206799,0.24200216192314322,-0.3098205788970222,-0.27490033923879353,0.05269775969809649,0.10283991538620688,0.17097602287483893,0.07249118933140489,0.09436507348487436,0.802057747292577,11.829854,11.614725,12.173448,0.5587225,1.9223793,1.8155533,2.1039958,0.2884425,5.110782,5.0899887,5.2007775,0.11078882,15.50102777777779,68.99794444444441,2.2445555555555554,77.55444444444444,5.377416666666663,32.78229166666671,15.1,LOW,87.6,0.094,0.312,0.144,0.113,significant deviation from lot population (contribution 0.31); high physics-normalised drift rate (contribution 0.14); predicted value approaching the safety limit (contribution 0.11).
IC0231,LOT2026F,111.99,0.5019706167281038,0,9.637,11.196,1.5589999999999993,16.177233578914592,0.010077777777777791,-1.0258838383838865e-05,0.020076429659301145,1.895,2.252,0.35699999999999976,18.839050131926108,0.002068055555555553,-1.3415404040404025e-05,0.004119873726943127,4.75,4.919,0.1689999999999996,3.557894736842097,0.0008972222222222221,-2.393728956229243e-06,0.0017873998842211302,-0.9553045510656629,-0.2914043199347549,-0.39621296059339756,-0.27651484824748485,0.10228734246398491,-0.017523776728824648,-0.8346525130833803,-0.22579626016261903,-0.3344293985245548,0.09368040379604647,0.12741650874092986,0.10894224208727342,0.11353827882692205,0.10983228419238822,0.9850591515156355,11.165783,10.668907,11.658438,0.98953056,2.2182033,2.12031,2.3850167,0.2647066,4.9130754,4.90584,5.0043316,0.09849167,14.675888888888895,70.64822222222222,2.9290277777777765,70.70972222222224,5.198611111111111,35.017361111111114,10.8,LOW,97.5,0.11,0.211,0.1,0.011,significant deviation from lot population (contribution 0.21); abnormal multi-parameter pattern (ensemble anomaly score) (contribution 0.11); high physics-normalised drift rate (contribution 0.10).
IC0232,LOT2026F,111.27,0.4825269565824091,0,11.071,12.977,1.9060000000000006,17.216150302592364,0.010969444444444462,-5.418771043770528e-06,0.022733329806354622,1.934,2.152,0.2180000000000002,11.27197518097209,0.0014097222222222228,-5.366161616161583e-06,0.0029215408652127008,4.849,5.047,0.1979999999999995,4.083316147659301,0.001148611111111112,3.1565656565666593e-07,0.0023804081729368516,-0.01724084887793992,-0.209661715770126,-0.28308105483615703,-0.610739080617529,-0.29005018941100563,-0.3478626041795439,-0.08158257646679783,0.050720134217853215,-0.03199344783967421,0.011005932517890447,0.013842330676620685,0.10107330208918869,0.034674937404202404,0.03342067661271596,0.8494391761712248,12.955016,12.5828495,13.208052,0.6252022,2.1400154,2.0891292,2.1879828,0.09885359,5.022665,4.947207,5.056836,0.109629154,16.55572222222223,66.88855555555554,2.6388611111111113,73.61138888888888,5.423305555555556,32.208680555555546,7.0,LOW,90.8,0.033,0.121,0.126,0.038,high physics-normalised drift rate (contribution 0.13); significant deviation from lot population (contribution 0.12).
IC0233,LOT2026F,110.03,0.4506327637417897,0,11.18,12.766,1.5860000000000003,14.186046511627909,0.009072222222222232,4.0535563973064014e-05,0.020132185123185074,2.008,2.237,0.2290000000000001,11.404382470119527,0.0013736111111111143,6.576178451180424e-07,0.00304818295879211,4.861,4.931,0.07000000000000028,1.440032915038064,0.0004402777777777845,1.2363215488216755e-06,0.000977021231483429,-0.12837585233757481,-0.3835875682450218,-0.39383886991010136,-0.3266484831029906,-0.31157081352229055,-0.3129517692730258,-0.764052206525573,-0.7284144576829156,-0.7477248665967564,0.049047320951072296,0.03181227603935313,0.15969374726140992,0.014267493187083235,0.06078911857502571,0.7354482298765057,12.63105,12.307027,13.190481,0.8834543,2.2212758,2.180489,2.2848372,0.10434818,4.9323545,4.9323545,5.054161,0.12180662,15.716111111111115,68.56777777777776,2.6948055555555572,73.05194444444443,5.081138888888892,36.48576388888885,8.4,LOW,83.2,0.061,0.161,0.101,0.037,significant deviation from lot population (contribution 0.16); high physics-normalised drift rate (contribution 0.10); abnormal multi-parameter pattern (ensemble anomaly score) (contribution 0.06).
IC0234,LOT2026F,112.72,0.5224057320621469,0,11.054,13.443,2.3889999999999993,21.612086122670522,0.01456527777777778,4.495475589225535e-05,0.027881159956424543,1.949,2.275,0.32599999999999985,16.726526423807073,0.0019027777777777765,-8.996212121211883e-06,0.003642337097387393,4.928,5.138,0.20999999999999996,4.261363636363635,0.0013069444444444422,-1.630892255892252e-06,0.002501780444263893,0.22820422985281705,0.11998252438909893,-0.0638843206126824,-0.199643274802374,0.0037891013392512603,-0.14916407076567162,0.4538030815965544,0.22487963123096422,0.029906763277229634,0.11702364873261005,0.0426398685022527,0.08874910169226338,0.090126111798108,0.0850189747152582,0.9030424531969377,13.570359,12.83277,14.824405,1.9916344,2.2901607,2.1464202,2.3152523,0.16883206,5.116693,5.079346,5.1939874,0.11464119,18.336638888888892,63.32672222222222,2.9003888888888882,70.99611111111112,5.581472222222221,30.23159722222224,10.7,LOW,90.2,0.085,0.081,0.177,0.109,high physics-normalised drift rate (contribution 0.18); predicted value approaching the safety limit (contribution 0.11); abnormal multi-parameter pattern (ensemble anomaly score) (contribution 0.09).
IC0235,LOT2026F,109.82,0.445424481355698,0,11.095,12.128,1.0329999999999995,9.310500225326718,0.0068569444444444485,-1.654566498316481e-05,0.01539417955558839,2.106,2.333,0.2270000000000003,10.778727445394127,0.0014986111111111129,2.367424242424181e-06,0.003364456094891611,4.98,5.156,0.17599999999999927,3.5341365461847243,0.0009944444444444356,1.3152356902359105e-06,0.0022325769823376917,-0.4644143936041481,-0.5866708293705403,-0.5955851041240889,-0.005793220027746814,-0.2370763454447612,-0.22576622987089107,0.5597035414332601,-0.11885621813703204,-0.10738778468201757,0.027534116104209812,0.08995038538799228,0.13194643869106498,0.0861799838792993,0.075938341572979,0.8448028338976141,12.169771,11.921833,12.519114,0.5972805,2.3303676,2.2943497,2.3355675,0.041217804,5.143703,5.095974,5.2020564,0.10608244,14.523472222222225,70.95305555555555,2.855305555555556,71.44694444444444,5.477222222222219,31.534722222222268,8.6,LOW,90.7,0.076,0.108,0.054,0.114,predicted value approaching the safety limit (contribution 0.11); significant deviation from lot population (contribution 0.11); abnormal multi-parameter pattern (ensemble anomaly score) (contribution 0.08).
IC0236,LOT2026F,112.36,0.5122359006889033,0,10.599,12.356,1.7569999999999997,16.577035569393335,0.0113388888888889,-4.345538720538738e-05,0.022136068310790572,1.923,2.316,0.3929999999999998,20.436817472698895,0.0021569444444444435,-7.575757575757463e-06,0.004210841999835584,4.772,4.97,0.1979999999999995,4.1492036881810455,0.0011527777777777797,-7.891414141430226e-08,0.002250482202101444,-0.3443253851264386,-0.17579328476110603,-0.30851269603031917,-0.06261133953065567,0.15526118643022957,0.007553022516351531,-0.53460121021271,0.055303278876094236,-0.09825607056517144,0.0777483810169852,0.07366050383854002,0.07743108311701896,0.08782495914158567,0.07797004500214846,1.0,12.335752,11.729441,12.493714,0.76427364,2.2834265,2.215186,2.3992183,0.1840322,4.9591093,4.9100375,5.018742,0.10870457,16.268444444444448,67.4631111111111,3.0014722222222217,69.98527777777778,5.34838888888889,33.14513888888887,7.9,LOW,99.2,0.078,0.102,0.12,0.018,high physics-normalised drift rate (contribution 0.12); significant deviation from lot population (contribution 0.10); abnormal multi-parameter pattern (ensemble anomaly score) (contribution 0.08).
IC0237,LOT2026F,110.42,0.4604518480460541,0,12.37,14.737,2.367000000000001,19.135004042037195,0.01393472222222222,2.277988215488218e-05,0.03026314756115058,1.998,2.297,0.29900000000000015,14.964964964964972,0.001943055555555553,-1.6571969696968596e-06,0.004219888711058468,4.804,5.016,0.21199999999999974,4.4129891756869215,0.0011194444444444442,-2.6304713804655106e-08,0.002431186777064424,0.9097620235815727,0.062177006802274004,0.037541695533101396,-0.12611394368096324,0.027792874386454645,0.010046887178743661,-0.2639667017411244,0.018638121610173003,-0.00609621215847843,0.15893304683765652,0.10406444209340167,0.3152695624441548,0.05885211696718538,0.15872762905510904,0.512116390670329,14.499776,13.246508,14.925219,1.6787109,2.3060818,2.2708225,2.3625948,0.09177232,5.0115976,4.9589825,5.0671563,0.10817385,19.337361111111107,61.325277777777785,2.969527777777776,70.30472222222224,5.363722222222222,32.953472222222224,15.2,LOW,67.8,0.159,0.199,0.2,0.043,high physics-normalised drift rate (contribution 0.20); significant deviation from lot population (contribution 0.20); abnormal multi-parameter pattern (ensemble anomaly score) (contribution 0.16).
IC0238,LOT2026F,110.57,0.46427971949919333,0,10.408,11.563,1.1550000000000011,11.097232897770958,0.0069236111111111165,2.1438341750841575e-05,0.014912585711431546,2.256,2.452,0.19600000000000017,8.687943262411356,0.0011708333333333323,6.260521885522005e-06,0.0025218274332470957,4.809,4.925,0.11599999999999966,2.412143896860047,0.0007319444444444382,-6.655092592592544e-06,0.001576516082231565,-0.7620033839107527,-0.5805592327974838,-0.616091568942062,0.39193361649260633,-0.4324173950702865,-0.4580497405325854,-0.7993523598044767,-0.40759433160614,-0.44198075042366936,0.07723561972408978,0.08269254068353799,0.16787097089977923,0.07151952577036365,0.09614235215400321,0.8319180159902452,11.305462,11.075102,11.787044,0.7119417,2.4525723,2.439619,2.593368,0.15374899,4.9306746,4.9235835,5.030233,0.1066494,13.869805555555558,72.26038888888888,2.841416666666666,71.58583333333335,5.17497222222222,35.31284722222225,8.7,LOW,89.3,0.096,0.17,0.049,0.024,significant deviation from lot population (contribution 0.17); abnormal multi-parameter pattern (ensemble anomaly score) (contribution 0.10).
IC0239,LOT2026F,107.34,0.38790916317753904,0,11.02,12.774,1.7539999999999996,15.916515426497273,0.010541666666666661,-3.3722643097642643e-05,0.0271756062174843,2.061,2.313,0.2520000000000002,12.227074235807873,0.0015930555555555602,-6.497264309764205e-06,0.00410677474722722,4.909,5.022,0.11300000000000043,2.3018944795274074,0.000750000000000001,4.866372053871934e-06,0.0019334423395838667,-0.12416220291730477,-0.24887779378057298,-0.09392709026248577,-0.07263806650175593,-0.18079163623062555,-0.021134711335011613,-0.22866654846222081,-0.38773403808709267,-0.2599473218513278,0.044808228812547105,0.028183342135180853,0.12338920408181157,0.04631390665973963,0.05576280954026901,0.8463211069647665,12.729358,12.371626,13.192249,0.8206234,2.3178058,2.2747877,2.372689,0.097901344,5.0382824,4.987906,5.08405,0.0961442,16.29083333333333,67.41833333333334,2.85752777777778,71.4247222222222,5.284000000000001,33.94999999999999,7.1,LOW,90.1,0.056,0.022,0.17,0.052,high physics-normalised drift rate (contribution 0.17); abnormal multi-parameter pattern (ensemble anomaly score) (contribution 0.06); predicted value approaching the safety limit (contribution 0.05).
IC0240,LOT2026F,110.04,0.45088214732155,0,9.803,11.47,1.6669999999999998,17.004998469856165,0.01046805555555554,-5.02420033670011e-06,0.023216833085409713,2.037,2.279,0.242,11.880216003927343,0.0016111111111111072,7.444234006733931e-06,0.0035732421890772516,4.935,5.093,0.15800000000000036,3.2016210739615074,0.0008861111111111204,-1.3415404040405011e-06,0.001965283203992514,-0.8109870584213974,-0.255626014996657,-0.26249328549147927,-0.18627430550757218,-0.1700313241749874,-0.16821114167802861,0.18905193200478781,-0.23801797925124832,-0.24370838846489426,0.010246207059377219,0.019391848889097434,0.007435603754816126,0.028941050756278567,0.015232005501916267,1.0,11.492987,11.205636,11.7932625,0.58762646,2.3000412,2.2473142,2.3569348,0.10962057,5.1057215,5.033085,5.1723766,0.13929176,15.03702777777777,69.92594444444447,2.8425555555555535,71.57444444444447,5.37805555555556,32.77430555555551,8.7,LOW,99.8,0.015,0.173,0.131,0.098,significant deviation from lot population (contribution 0.17); high physics-normalised drift rate (contribution 0.13); predicted value approaching the safety limit (contribution 0.10).
IC0241,LOT2026F,111.86,0.49840834223799724,0,10.647,11.975,1.3279999999999994,12.472997088381698,0.007868055555555583,-2.583122895622918e-05,0.01578636408898323,1.948,2.108,0.16000000000000014,8.213552361396312,0.0010222222222222176,-3.7615740740740263e-06,0.002050973339716075,4.909,4.983,0.07399999999999984,1.5074353228763466,0.0003999999999999991,5.260942760940699e-07,0.000802554785106292,-0.5450004387668219,-0.4939782813458503,-0.5788857246910013,-0.7577977428603491,-0.5209830404513524,-0.5878478910504662,-0.45811754477508904,-0.7727181893792424,-0.8367032612950078,0.09453952161246146,0.0,0.14382531819649366,0.024780858967745092,0.06557102504882201,0.7350034203902933,11.975622,11.719159,12.3000965,0.5809374,2.106005,2.0606732,2.1482518,0.087578535,4.985643,4.978837,5.080372,0.10153484,14.581027777777791,70.83794444444442,2.459111111111109,75.40888888888891,5.108999999999999,36.13750000000001,8.0,LOW,84.1,0.066,0.16,0.058,0.05,significant deviation from lot population (contribution 0.16); abnormal multi-parameter pattern (ensemble anomaly score) (contribution 0.07); high physics-normalised drift rate (contribution 0.06).
IC0242,LOT2026F,109.97,0.44913908380910217,0,10.549,12.043,1.4939999999999998,14.162479855910512,0.009163888888888904,6.286826599325906e-06,0.02040323191464637,2.022,2.216,0.1940000000000004,9.594460929772524,0.0012055555555555541,-6.050084175084115e-06,0.0026841475146882387,4.91,5.022,0.1120000000000001,2.2810590631364582,0.0005486111111111029,1.9202441077440908e-06,0.0012214726593339166,-0.5091844186945227,-0.3751841229570688,-0.3822975855673652,-0.3968355719006998,-0.41172448727097277,-0.4133037212191012,-0.22866654846222081,-0.6092526965686957,-0.6230539279521197,0.0,0.0003194987107284579,0.07621369578284261,0.010890596184053246,0.016972178197395046,0.8754164929292432,11.897472,11.487438,12.35001,0.8625717,2.1989002,2.1637108,2.266511,0.10280013,5.0137563,4.987122,5.09256,0.105437756,15.130944444444452,69.7381111111111,2.6247777777777768,73.75222222222224,5.184305555555552,35.1961805555556,5.8,LOW,91.7,0.017,0.095,0.103,0.057,high physics-normalised drift rate (contribution 0.10); significant deviation from lot population (contribution 0.10); predicted value approaching the safety limit (contribution 0.06).
IC0243,LOT2026F,109.68,0.4419826466931335,0,10.36,12.543,2.183,21.071428571428573,0.013484722222222226,2.640993265993233e-05,0.030509619151596706,1.952,2.263,0.31099999999999994,15.932377049180324,0.001829166666666669,-6.83922558922544e-07,0.004138548606720868,4.992,5.163,0.17100000000000026,3.4254807692307745,0.0010458333333333372,-6.286826599326399e-06,0.002366231663523782,-0.24583132992761575,0.02092372993414427,0.048036557665241154,-0.23975018268677947,-0.040079863195292095,-0.012375759774959418,0.6008870535919827,-0.06233076735205987,-0.03922350884104794,0.06684231014843067,0.02636658952565194,0.05249121781100888,0.026339325675978586,0.04575392782324488,0.9550891975791297,12.456055,12.19386,13.939358,1.7454977,2.2793052,2.1428003,2.3950794,0.25227904,5.17023,5.118114,5.2118073,0.09369326,17.10236111111111,65.79527777777778,2.8665833333333346,71.33416666666665,5.514916666666669,31.063541666666637,10.6,LOW,93.8,0.046,0.119,0.203,0.119,high physics-normalised drift rate (contribution 0.20); predicted value approaching the safety limit (contribution 0.12); significant deviation from lot population (contribution 0.12).
IC0244,LOT2026F,109.16,0.4294085528486012,0,10.82,12.109,1.2889999999999997,11.913123844731976,0.007654166666666689,-1.1047979797978375e-06,0.017824905013863006,1.889,2.029,0.1399999999999999,7.411328745367915,0.0007763888888888853,-1.138994107744104e-05,0.0018080424428868346,4.874,4.984,0.11000000000000032,2.2568732047599576,0.0005916666666666569,-6.26052188552186e-06,0.0013778641872446912,-0.47442181097729064,-0.5135863203510732,-0.4920838100418789,-1.0218348864326854,-0.6674888276704944,-0.6548155176364887,-0.45223418589527004,-0.5618935351002189,-0.543293794202235,0.07289701160235483,0.01774561290645581,0.2188868262781645,0.024026689425009958,0.07821900660214534,0.5996950439619306,12.094511,11.815209,12.490421,0.6752119,2.009148,1.9598192,2.1192675,0.15944827,4.9768934,4.965823,5.056641,0.09081793,14.647083333333345,70.70583333333332,2.2771944444444427,77.22805555555557,5.169833333333328,35.3770833333334,10.0,LOW,75.5,0.078,0.228,0.078,0.038,significant deviation from lot population (contribution 0.23); abnormal multi-parameter pattern (ensemble anomaly score) (contribution 0.08); high physics-normalised drift rate (contribution 0.08).
IC0245,LOT2026F,111.73,0.4948689668523291,0,11.651,13.496,1.8450000000000006,15.835550596515327,0.010713888888888893,2.064920033670069e-05,0.021649951010336763,1.816,2.102,0.2859999999999998,15.748898678414086,0.0015791666666666697,-1.3941498316498368e-06,0.003191080412075828,4.995,5.139,0.14400000000000013,2.8828828828828854,0.0008263888888889005,5.9711700336698545e-06,0.0016699145516140199,0.2561196572621096,-0.23308950263350992,-0.3292117714859379,-0.7778511968025525,-0.18906879935035212,-0.27355989521954066,0.4596864404763734,-0.30370971935268365,-0.3943472595978157,0.07991291341262297,0.04615975326059853,0.1809816798145087,0.06144039129346544,0.08722984032951914,0.7582803955198261,13.264929,12.604201,13.616206,1.0120049,2.0525353,1.9427174,2.1350915,0.19237411,5.1395597,5.0899887,5.21682,0.12683105,17.007944444444448,65.9841111111111,2.605583333333335,73.94416666666665,5.40819444444445,32.39756944444437,11.5,LOW,84.0,0.087,0.165,0.115,0.121,significant deviation from lot population (contribution 0.17); predicted value approaching the safety limit (contribution 0.12); high physics-normalised drift rate (contribution 0.12).
IC0246,LOT2026F,109.32,0.4332425450053999,0,10.79,12.255,1.4650000000000016,13.577386468952751,0.00943888888888889,-1.709806397305612e-06,0.02178661582918004,2.051,2.275,0.22399999999999975,10.92150170648463,0.0013513888888888896,3.1565656565666175e-07,0.0031192432610053244,4.714,4.883,0.1689999999999996,3.5850657615612977,0.000854166666666671,3.4196127946126817e-06,0.0019715669121462315,-0.3975227090573534,-0.3499737870932126,-0.32339252704694216,-0.199643274802374,-0.324814274513853,-0.2933629073957758,-1.0464534327567916,-0.2731554216310926,-0.2405036790443705,0.0036254493746986118,0.00808920957039364,0.13776617814404649,0.04707057240339081,0.038309491641580526,0.7515159671610148,12.2673,11.917942,12.490421,0.57247925,2.2679307,2.2274246,2.3003838,0.072959185,4.877648,4.873431,4.991655,0.11822367,15.509444444444444,68.98111111111112,2.726694444444445,72.73305555555555,5.141083333333336,35.736458333333296,8.6,LOW,85.1,0.038,0.234,0.117,0.004,significant deviation from lot population (contribution 0.23); high physics-normalised drift rate (contribution 0.12).
IC0247,LOT2026F,109.79,0.4446849084354961,0,10.813,12.371,1.5579999999999998,14.408582262091924,0.009952777777777753,3.1065867003367295e-05,0.022381640548121855,2.12,2.379,0.2589999999999999,12.216981132075466,0.0016555555555555533,-7.891414141403166e-08,0.0037229857009993413,4.918,5.058,0.13999999999999968,2.8466856445709574,0.0009486111111111035,3.2617845117849163e-06,0.002133220833710179,-0.33642479246343115,-0.3028635635092391,-0.2980561287253085,0.14794992686247344,-0.14354440219186454,-0.12693204658981955,-0.01686562878880962,-0.16927080937766906,-0.15805970923745166,0.0021832220971660606,0.009316320035561836,0.06098703867784581,0.008167355256035767,0.016981534768651198,0.9198610622837893,12.411122,11.942336,12.650082,0.70774555,2.3678944,2.2943497,2.4492407,0.15489101,5.056502,5.0131636,5.1128664,0.099702835,15.789388888888876,68.42122222222224,2.9477777777777767,70.52222222222223,5.392305555555552,32.5961805555556,5.5,LOW,94.6,0.017,0.05,0.123,0.067,high physics-normalised drift rate (contribution 0.12); predicted value approaching the safety limit (contribution 0.07).
IC0248,LOT2026F,106.25,0.36483071169874953,0,10.112,11.372,1.2599999999999998,12.460443037974683,0.006951388888888871,-1.4020412457912427e-05,0.01905373825718055,2.037,2.169,0.13200000000000012,6.480117820324012,0.0008222222222222277,-2.630471380465755e-08,0.0022537089007494482,4.863,4.99,0.12699999999999978,2.611556652272255,0.0007625000000000036,5.78703703704034e-07,0.0020900104501882515,-0.8626042638197116,-0.5780127342253791,-0.4397595829426637,-0.5539209611146216,-0.6401741893753946,-0.5319607250942396,-0.41693403261636647,-0.37398460411237017,-0.1800971304145057,0.051505157799251175,0.009898130560057181,0.11205429435129967,0.11131635072159093,0.06010455587625364,0.8118255202009812,11.346317,10.935737,11.960042,1.0243053,2.1616127,2.1616127,2.2054815,0.04386878,4.989174,4.963173,5.05725,0.09407711,13.587694444444436,72.82461111111112,2.4481111111111136,75.51888888888885,5.244250000000003,34.44687499999996,8.7,LOW,87.6,0.06,0.187,0.09,0.038,significant deviation from lot population (contribution 0.19); high physics-normalised drift rate (contribution 0.09); abnormal multi-parameter pattern (ensemble anomaly score) (contribution 0.06).
IC0249,LOT2026F,109.52,0.43807863043280776,0,10.709,12.946,2.237,20.888971892800452,0.013034722222222208,2.1543560606060204e-05,0.029754298239437784,2.063,2.316,0.25299999999999967,12.26369365002422,0.0016305555555555507,-6.549873737373665e-06,0.0037220613887160247,4.925,5.119,0.19399999999999995,3.9390862944162426,0.0011236111111111158,-1.1837121212123988e-06,0.00256486172357009,-0.03356874038148846,-0.02032954693398769,0.015874681222273673,-0.06261133953065567,-0.15844329580737218,-0.1271868474432554,0.3420192628800298,0.023221266268418316,0.0620783990543712,0.051025480597817335,0.015415098084525847,0.0708213211344086,0.009774551725030712,0.03811389462023015,0.911423537520161,12.856175,12.531398,14.3861265,1.8547287,2.2937129,2.2597668,2.352636,0.09286928,5.1019483,5.0598345,5.130828,0.07099342,17.226361111111103,65.5472777777778,2.8782777777777753,71.21722222222225,5.4868055555555575,31.414930555555532,8.0,LOW,91.4,0.038,0.052,0.195,0.077,high physics-normalised drift rate (contribution 0.20); predicted value approaching the safety limit (contribution 0.08); significant deviation from lot population (contribution 0.05).
IC0250,LOT2026F,105.94,0.3584984497850147,0,10.565,11.652,1.0869999999999997,10.288689067676287,0.005906944444444463,-6.31839225589232e-05,0.016476903729951288,1.932,2.026,0.09399999999999986,4.865424430641815,0.0006763888888888873,-7.181186868686823e-06,0.0018867275138693233,4.859,4.945,0.0860000000000003,1.769911504424785,0.0005013888888889043,5.708122895622718e-06,0.0013985803542235077,-0.7151265341102441,-0.6737610805365918,-0.5494822615347834,-1.0318616134037872,-0.7270844021325173,-0.633124771336919,-0.681685182208133,-0.6611950026953881,-0.5327284888363456,0.17496777810149058,0.05364913891803837,0.2496689826802505,0.07649843196859205,0.13874202534227212,0.61341461370982,11.6731,11.449949,12.3000965,0.85014725,2.0307496,1.9983398,2.1307957,0.13245595,4.948564,4.941408,5.054161,0.112752914,13.51847222222223,72.96305555555554,2.2701944444444435,77.29805555555555,5.109694444444452,36.128819444444346,12.2,LOW,75.9,0.139,0.231,0.065,0.037,significant deviation from lot population (contribution 0.23); abnormal multi-parameter pattern (ensemble anomaly score) (contribution 0.14); high physics-normalised drift rate (contribution 0.07).
IC0251,LOT2026F,112.24,0.508885990707346,0,11.678,13.546,1.8679999999999986,15.99588970714162,0.01090833333333333,8.62794612794624e-06,0.021435711598526943,1.973,2.174,0.20099999999999985,10.187531677648243,0.0009861111111111101,-1.315235690234994e-07,0.0019377839616697375,4.894,5.022,0.1280000000000001,2.6154474867184327,0.0007916666666666681,1.6045875420875417e-06,0.001555685715706695,0.2824549661387998,-0.21526401262876285,-0.33833417413747696,-0.5372097494961197,-0.5425036645626367,-0.6190502786489418,-0.22866654846222081,-0.34190259150469365,-0.45260429788994017,0.05130271586161348,0.032333801953460466,0.19188354245205513,0.11156147051648115,0.08276702020548606,0.7050207535935057,13.497922,12.544848,13.587515,1.0426664,2.161836,2.0635085,2.2017696,0.13826108,5.023266,4.970232,5.0794635,0.10923147,17.132166666666667,65.73566666666667,2.4660555555555552,75.33944444444445,5.289833333333334,33.877083333333324,8.6,LOW,80.9,0.083,0.102,0.113,0.05,high physics-normalised drift rate (contribution 0.11); significant deviation from lot population (contribution 0.10); abnormal multi-parameter pattern (ensemble anomaly score) (contribution 0.08).
IC0252,LOT2026F,108.51,0.4141469800895818,1,10.289,16.943,6.654000000000002,64.67100787248519,0.0397111111111111,0.0002518939393939397,0.09588651618930413,1.957,3.008,1.051,53.70464997445068,0.006291666666666668,3.630050505050512e-05,0.015191868996136958,4.866,5.45,0.5840000000000005,12.001644060830262,0.003327777777777782,1.8518518518518495e-05,0.008035257861974435,2.071675851221167,2.4252003567887863,2.8318118390107565,2.2502203484700583,2.6193726471725354,3.034641486838975,2.2894110520994744,2.4477047904773004,2.851996328067218,0.5621211464362824,0.1585459579617244,0.19631693436735909,0.3004104500674005,0.32863114302479807,0.17250775869251023,17.081625,16.551495,17.117435,0.56594086,2.9996026,2.7679172,3.0060968,0.23817968,5.4471426,5.3706784,5.485988,0.115309715,30.14455555555555,39.7108888888889,5.102833333333334,48.971666666666664,6.529888888888891,18.37638888888886,46.4,MEDIUM,49.9,0.329,0.556,0.845,0.261,high physics-normalised drift rate (contribution 0.84); significant deviation from lot population (contribution 0.56); abnormal multi-parameter pattern (ensemble anomaly score) (contribution 0.33).
IC0253,LOT2026F,107.95,0.4013944888903259,0,11.713,13.658,1.9450000000000003,16.605481089387865,0.011522222222222232,1.7913510101010662e-05,0.028705481866669276,1.926,2.168,0.24200000000000021,12.56490134994809,0.0014374999999999978,2.7619949494948864e-06,0.0035812649146579833,5.003,5.127,0.12399999999999967,2.4785128922646344,0.0007833333333333387,5.47138047138015e-06,0.0019515298665382795,0.341446058022587,-0.1589863941852012,-0.028784353168720123,-0.5572632034383217,-0.2734958631715561,-0.16599955435873337,0.3890861339185662,-0.35106888082116905,-0.2507226305374116,0.06929715226350118,0.03280265480065516,0.20243550376936104,0.03624169340486749,0.0800181544970243,0.6662095994312613,13.56592,12.705679,13.616206,0.9105272,2.130644,2.0627553,2.189816,0.12706065,5.131001,5.0899887,5.2177067,0.12771797,17.474111111111114,65.05177777777777,2.644749999999999,73.55250000000002,5.394666666666669,32.566666666666634,11.5,LOW,78.9,0.08,0.108,0.185,0.122,high physics-normalised drift rate (contribution 0.18); predicted value approaching the safety limit (contribution 0.12); significant deviation from lot population (contribution 0.11).
IC0254,LOT2026F,109.47,0.4368650468560372,0,10.71,11.822,1.1119999999999983,10.382819794584485,0.007604166666666658,2.446338383838116e-06,0.017406214393646615,2.201,2.459,0.258,11.721944570649704,0.0015069444444444447,2.1043771043772215e-06,0.0034494507063208405,4.862,4.979,0.11699999999999999,2.406417112299465,0.0008111111111111126,-6.602483164983459e-06,0.0018566628686556444,-0.6255864839294957,-0.5181700177808682,-0.5099118296007968,0.4153293127585099,-0.23211004757292678,-0.20233616200258847,-0.48165098029435466,-0.32051458309957426,-0.29910507516629165,0.030953606122515402,0.07400731308600683,0.13497566087272478,0.06207434843745218,0.06934224050884522,0.841510283672788,11.636934,11.521438,12.14208,0.62064266,2.4573946,2.4317179,2.4728928,0.04117489,4.986482,4.944046,5.0568275,0.112781525,14.51208333333333,70.97583333333334,2.9544722222222224,70.45527777777778,5.267555555555556,34.15555555555555,7.5,LOW,90.4,0.069,0.125,0.074,0.038,significant deviation from lot population (contribution 0.12); high physics-normalised drift rate (contribution 0.07); abnormal multi-parameter pattern (ensemble anomaly score) (contribution 0.07).
IC0255,LOT2026F,111.12,0.47856305960092294,0,10.543,12.216,1.673,15.868348667362234,0.009766666666666668,-3.2775673400673355e-05,0.020408317087430777,2.068,2.313,0.2450000000000001,11.84719535783366,0.0014749999999999982,4.787457912458081e-06,0.003082143450917442,4.786,4.933,0.14700000000000024,3.0714584203928177,0.0008250000000000029,-6.260521885522034e-06,0.001723910743733493,-0.4180642499811729,-0.3199251039423523,-0.38208105680965376,-0.07263806650175593,-0.25114752274829677,-0.30359003890027125,-0.7522854887659403,-0.30523743423877314,-0.3668090446895839,0.012814808654572863,0.025501363137765114,0.08938651540406996,0.008326742237243388,0.03126190638683054,0.8703951325779348,12.16318,11.487438,12.35001,0.8625717,2.2846315,2.2622185,2.3207834,0.0585649,4.9234004,4.906481,5.0136485,0.10716772,15.426333333333332,69.14733333333334,2.8054999999999994,71.94500000000001,5.198500000000001,35.01874999999999,6.8,LOW,91.5,0.031,0.158,0.103,0.016,significant deviation from lot population (contribution 0.16); high physics-normalised drift rate (contribution 0.10).
IC0256,LOT2026F,110.07,0.4516310481885808,1,10.761,19.181,8.420000000000002,78.24551621596508,0.052370833333333325,0.0002815130471380485,0.11595932906602475,2.03,3.376,1.346,66.30541871921183,0.00809444444444445,5.100484006734002e-05,0.017922692598106263,4.883,5.615,0.7320000000000002,14.990784353880816,0.0044847222222222085,2.2227483164983302e-05,0.00993005737805163,3.2504442765418426,3.5857670810264644,3.686520502853581,3.480165523591825,3.6937484201129176,3.7874348846154797,3.260165267269287,3.7202912905818804,3.818349588058111,0.6556711212153536,0.2692758673913733,0.30603743410797757,0.37778093370650156,0.4281422795203565,0.2069572530604623,19.072535,16.988298,19.13015,2.1418514,3.3756394,2.72912,3.401356,0.67223597,5.6116166,5.4270673,5.6249003,0.19783306,36.946416666666664,26.10716666666667,6.077222222222224,39.22777777777776,7.125361111111104,10.932986111111198,61.1,HIGH,46.5,0.428,0.865,1.0,0.334,high physics-normalised drift rate (contribution 1.00); significant deviation from lot population (contribution 0.86); abnormal multi-parameter pattern (ensemble anomaly score) (contribution 0.43).
IC0257,LOT2026F,108.81,0.42112863476392143,0,10.67,12.353,1.6829999999999998,15.773195876288659,0.01011944444444442,-8.154461279461296e-05,0.024029343077364554,2.026,2.157,0.13100000000000023,6.465942744323802,0.0008902777777777802,-7.102272727273937e-07,0.0021140281241546466,4.86,4.942,0.08199999999999985,1.6872427983539062,0.000518055555555557,1.999158249158507e-06,0.0012301598912787572,-0.34590550365904016,-0.28758457207659816,-0.227896274407494,-0.594027868999027,-0.5996160900887411,-0.5704658728969146,-0.6993352588475849,-0.6428624240624441,-0.6186234144128436,0.0945842736383519,0.02343317280192686,0.16653669342719288,0.08156080837617335,0.08567590755586581,0.7680731893383731,12.452263,11.846286,12.493714,0.6474285,2.1292007,2.120596,2.1955342,0.0749383,4.9471507,4.935093,5.054161,0.119068146,15.729722222222211,68.54055555555558,2.47113888888889,75.28861111111111,5.119027777777779,36.012152777777764,9.8,LOW,85.9,0.086,0.144,0.139,0.037,significant deviation from lot population (contribution 0.14); high physics-normalised drift rate (contribution 0.14); abnormal multi-parameter pattern (ensemble anomaly score) (contribution 0.09).
IC0258,LOT2026F,110.22,0.4553924781653643,0,9.712,11.385,1.673,17.226112026359143,0.009466666666666687,4.313973063972935e-06,0.02078792935887954,2.14,2.311,0.17099999999999982,7.990654205607468,0.0012180555555555514,5.523989898989428e-07,0.0026747379764872734,4.844,4.971,0.12699999999999978,2.6218001651527616,0.0007361111111111142,-1.2626262626264636e-06,0.0016164323004997328,-0.855757083511772,-0.34742728852110405,-0.3659170094835014,-0.0793225511491576,-0.4042750404632214,-0.4158976047012508,-0.5287178513328911,-0.4030111869478898,-0.4216233630997533,0.009799090325695715,0.0015769920376799192,0.046083416358549324,0.028995163509229222,0.017468737023391724,0.9558324191983987,11.257531,10.7868395,11.7932625,1.006423,2.3095026,2.263641,2.4024277,0.13878655,4.962378,4.9434547,5.041597,0.09814215,14.445333333333345,71.10933333333331,2.749027777777776,72.50972222222224,5.212055555555557,34.84930555555553,7.1,LOW,96.1,0.017,0.185,0.107,0.03,significant deviation from lot population (contribution 0.18); high physics-normalised drift rate (contribution 0.11).
IC0259,LOT2026F,111.41,0.4862533875505959,1,10.504,19.701,9.197000000000001,87.55712109672507,0.05470833333333334,0.00021398884680134706,0.1125099274041372,1.956,3.202,1.246,63.701431492842545,0.00761388888888889,4.0351430976431016e-05,0.015658274232787005,4.858,5.61,0.7520000000000007,15.479621243310019,0.004504166666666678,1.6571969696969763e-05,0.009263003162518858,3.5243314888594255,3.800054935869254,3.539643555233134,2.898615359267946,3.4073585761704095,3.1632132417430068,3.2307484728702023,3.741679298987027,3.4781499994993705,0.6124253522567161,0.28488885791584245,0.2501535810422598,0.37323692725534874,0.4058317859613576,0.2631128310169141,19.701212,16.929583,19.882784,2.9532013,3.185168,2.8752666,3.2095573,0.33429074,5.599141,5.342648,5.6249003,0.2822523,37.85816666666667,24.28366666666666,5.762944444444445,42.37055555555555,7.110083333333339,11.123958333333261,60.4,HIGH,48.5,0.406,0.876,1.0,0.334,high physics-normalised drift rate (contribution 1.00); significant deviation from lot population (contribution 0.88); abnormal multi-parameter pattern (ensemble anomaly score) (contribution 0.41).
IC0260,LOT2026F,108.04,0.4034196926120892,0,11.374,12.682,1.3079999999999998,11.49991208018287,0.00709305555555557,-3.282828282828212e-05,0.017582323534156136,1.854,2.023,0.16900000000000004,9.11542610571737,0.0009777777777777797,-4.734848484848666e-07,0.002423723471322874,4.836,4.963,0.12699999999999978,2.6261373035566535,0.0007138888888888885,-6.050084175084443e-07,0.001769593557187435,-0.172619171250415,-0.5650255915076314,-0.5024130296518386,-1.0418883403748875,-0.5474699624344703,-0.48509360187134565,-0.5757847223714274,-0.42745462512517296,-0.34351067706166327,0.0491351453470113,0.009275996855621586,0.2310598044894011,0.03362387861271579,0.07123564261792802,0.5615611227776097,12.668905,12.282703,13.133705,0.85100174,2.0135849,1.9772352,2.1172307,0.13999546,4.9551578,4.941408,5.0365663,0.0951581,14.920527777777785,70.15894444444443,2.34288888888889,76.5711111111111,5.192944444444445,35.08819444444444,9.6,LOW,72.8,0.071,0.233,0.075,0.027,significant deviation from lot population (contribution 0.23); high physics-normalised drift rate (contribution 0.07); abnormal multi-parameter pattern (ensemble anomaly score) (contribution 0.07).
IC0261,LOT2026F,111.8,0.4967719468669733,0,12.135,13.543,1.4079999999999995,11.60280181293778,0.008594444444444436,9.469696969700303e-07,0.017300583293093794,2.118,2.406,0.28800000000000026,13.597733711048171,0.0018402777777777762,6.628787878787968e-06,0.003704472020580039,4.982,5.137,0.15499999999999936,3.1112003211561494,0.0009763888888888857,-2.1569865319867767e-06,0.0019654670418624612,0.28087484760619824,-0.42738734368526055,-0.5144096454957706,0.2381904696023861,-0.033458132699514004,-0.1320356264688511,0.4479197227167354,-0.1387165116560652,-0.24361463061693933,0.08368081735962282,0.17583653748145314,0.2638015789889591,0.13294416969953116,0.15474118857302543,0.6829449262922609,13.520056,12.465016,13.560997,1.0959806,2.389946,2.2957072,2.4551823,0.15947509,5.1317053,5.0946565,5.2007775,0.10612106,16.43222222222222,67.13555555555556,3.038138888888888,69.61861111111112,5.470194444444443,31.62256944444446,11.5,LOW,79.4,0.155,0.079,0.073,0.113,abnormal multi-parameter pattern (ensemble anomaly score) (contribution 0.15); predicted value approaching the safety limit (contribution 0.11); significant deviation from lot population (contribution 0.08).
IC0262,LOT2026F,112.14,0.5061095600709969,0,10.374,12.339,1.9649999999999999,18.941584731058413,0.012724999999999985,4.458648989899003e-05,0.02514277738246028,1.936,2.352,0.4159999999999999,21.48760330578512,0.002448611111111112,3.893097643097739e-06,0.004838104837947778,5.019,5.208,0.18900000000000006,3.7656903765690384,0.0011486111111111204,5.57659932659957e-06,0.002269491038560887,-0.3532793901445132,-0.048723006012978715,-0.1804857817660357,0.05770938412256074,0.3290816119444677,0.18046764170335822,0.8656382031837493,0.05072013421786252,-0.08856150872611927,0.09418559041927582,0.04021119493658822,0.03843044192015123,0.062345591768824135,0.06206624227707686,0.9266901365584994,12.356192,11.961604,14.370022,2.4084177,2.3482027,2.2746248,2.4889507,0.2143259,5.2441015,5.18492,5.3090777,0.124157906,16.736499999999992,66.52700000000002,3.160305555555556,68.39694444444444,5.593305555555561,30.083680555555492,12.6,LOW,90.4,0.062,0.188,0.15,0.169,significant deviation from lot population (contribution 0.19); predicted value approaching the safety limit (contribution 0.17); high physics-normalised drift rate (contribution 0.15).
IC0263,LOT2026F,108.43,0.41230300290540856,0,10.689,12.718,2.029,18.982131162877725,0.011970833333333339,-1.2521043771043528e-05,0.029034067782619844,2.076,2.342,0.266,12.8131021194605,0.001713888888888888,5.287247474747611e-06,0.0041568673446748874,4.72,4.926,0.2060000000000004,4.364406779661026,0.001233333333333334,-4.313973063973082e-06,0.002991327554352758,-0.15365774885919792,-0.11786044224567668,-0.014793029137328882,0.02428696088555692,-0.1087803170890163,-0.0073259187755483745,-0.7934690009246577,0.1439107422687299,0.2795772121767015,0.12716506612754994,0.05316183521038813,0.15296216613098354,0.04235991924871719,0.0974027448212632,0.7888490007076266,12.694671,12.29514,14.349835,2.0546951,2.348009,2.2971194,2.4186296,0.12151027,4.914514,4.8744187,4.9981265,0.12370777,16.67441666666667,66.65116666666665,2.932944444444444,70.67055555555555,5.336666666666667,33.291666666666664,11.2,LOW,83.3,0.097,0.169,0.188,0.007,high physics-normalised drift rate (contribution 0.19); significant deviation from lot population (contribution 0.17); abnormal multi-parameter pattern (ensemble anomaly score) (contribution 0.10).
IC0264,LOT2026F,111.15,0.4793534723036497,0,10.777,12.421,1.6440000000000001,15.254709102718756,0.010297222222222232,1.0258838383838303e-05,0.02148148040471351,2.212,2.429,0.21699999999999964,9.810126582278464,0.0013805555555555513,1.999158249158166e-06,0.002880036622914101,4.976,5.12,0.14400000000000013,2.89389067524116,0.0008430555555555603,8.1544612794613e-06,0.0017587346379364934,-0.310089483586741,-0.2712869812151115,-0.3363853194641606,0.31506204304749547,-0.3074322319624322,-0.3593038849563656,0.3479026217598488,-0.28537714071973175,-0.3490487574385519,0.024769167493515903,0.09293248307645195,0.116938254062086,0.04824362832188546,0.06717314860636617,0.8501489039041117,12.058312,11.728834,12.49843,0.7695961,2.4488404,2.4188402,2.5102339,0.09139371,5.1232257,5.0899887,5.2007775,0.11078882,15.925611111111115,68.14877777777777,2.9022777777777757,70.97722222222224,5.39752777777778,32.53090277777775,8.3,LOW,90.4,0.067,0.053,0.114,0.113,high physics-normalised drift rate (contribution 0.11); predicted value approaching the safety limit (contribution 0.11); abnormal multi-parameter pattern (ensemble anomaly score) (contribution 0.07).
IC0265,LOT2026F,111.5,0.48866268800442975,1,11.412,17.706,6.293999999999999,55.152471083070445,0.03874305555555557,0.0001668507996633005,0.07928384242670962,2.157,3.181,1.024,47.473342605470556,0.005941666666666666,2.7356902356902348e-05,0.012159034877270606,4.936,5.426,0.4900000000000002,9.927066450567265,0.0029888888888888947,1.3704755892255745e-05,0.006116466352474614,2.473552664679466,2.3364548815508663,2.124863132070794,2.828428270470237,2.4107881365554498,2.1985942593331482,2.148210438983865,2.0749423582737943,1.873407081703669,0.588710403780993,0.16548512466899476,0.30595944738173875,0.20818759821130559,0.3481142079320896,0.13204064160460882,17.688807,16.530487,17.750862,1.2203751,3.1869311,2.8604512,3.1869311,0.3264799,5.451729,5.3555884,5.5029716,0.14738321,30.783527777777785,38.43294444444443,5.127833333333333,48.72166666666667,6.430444444444447,19.61944444444441,46.9,MEDIUM,45.5,0.348,0.696,0.682,0.27,significant deviation from lot population (contribution 0.70); high physics-normalised drift rate (contribution 0.68); abnormal multi-parameter pattern (ensemble anomaly score) (contribution 0.35).
IC0266,LOT2026F,106.58,0.3716827823664855,0,11.128,12.837,1.7089999999999996,15.357656362329255,0.01067361111111112,-2.8409090909087947e-06,0.02871699098664936,2.009,2.21,0.20100000000000007,10.00497760079642,0.0011708333333333395,5.523989898989956e-06,0.0031500876254711148,4.817,4.937,0.1200000000000001,2.4911770811708553,0.0007611111111111168,2.262205387205505e-06,0.002047743794493683,-0.09097971373267418,-0.23678192556306432,-0.02829429008585278,-0.41688902584290327,-0.4324173950702822,-0.2848601853921595,-0.7287520532466695,-0.3755123189984479,-0.20165324765688256,0.03953554038886917,0.008739875454877671,0.16018139164929507,0.07790306487580496,0.06018113983379727,0.7357431209082219,12.732138,12.432699,13.190481,0.757782,2.2191322,2.170832,2.275704,0.10487199,4.939488,4.9350934,5.0328636,0.097770214,16.46480555555556,67.07038888888889,2.5944166666666697,74.05583333333331,5.197555555555558,35.03055555555552,9.7,LOW,83.6,0.06,0.152,0.185,0.026,high physics-normalised drift rate (contribution 0.18); significant deviation from lot population (contribution 0.15); abnormal multi-parameter pattern (ensemble anomaly score) (contribution 0.06).
IC0267,LOT2026F,108.01,0.4027435982639305,0,11.203,12.243,1.040000000000001,9.283227706864242,0.00610555555555556,2.4989478114478165e-05,0.015159907151533165,2.131,2.271,0.14000000000000012,6.569685593618026,0.0009138888888888926,9.154040404040345e-06,0.0022691580768218504,4.836,4.949,0.11299999999999955,2.3366418527708754,0.0006486111111111166,-1.736111111110927e-06,0.0016104814922124756,-0.40384318318775936,-0.6555536157460294,-0.6055605198605406,-0.21301224409717584,-0.5855449127852069,-0.527701922826673,-0.6581517466888674,-0.4992572247709241,-0.4246582926208866,0.0819981804035473,0.04347813687478741,0.2045807944121909,0.03348233963115002,0.08768131403078847,0.6722196795937978,12.253798,11.921833,12.490421,0.56858826,2.2721233,2.234061,2.3109393,0.07687831,4.947834,4.941408,5.0359573,0.09454918,14.25577777777778,71.48844444444444,2.587944444444446,74.12055555555554,5.160305555555558,35.496180555555526,7.8,LOW,80.3,0.088,0.134,0.052,0.027,significant deviation from lot population (contribution 0.13); abnormal multi-parameter pattern (ensemble anomaly score) (contribution 0.09); high physics-normalised drift rate (contribution 0.05).
IC0268,LOT2026F,108.8,0.42089420572161784,0,10.235,11.749,1.5140000000000011,14.792379091353212,0.008401388888888897,-1.7098063973068963e-06,0.019960809093308426,2.028,2.15,0.12199999999999989,6.015779092702164,0.0009069444444444433,6.7340067340066605e-06,0.0021548038250835465,4.855,5.001,0.1459999999999999,3.007209062821831,0.0008069444444444548,-5.445075757575589e-06,0.0019172144293622638,-0.6640360348894634,-0.4450855087614013,-0.4011361320531881,-0.6174235652649307,-0.5896834943450725,-0.5592254257194224,-0.3522170849383782,-0.3250977277578043,-0.26822360322697,0.030012240670796407,0.02027205770283708,0.10451118252177032,0.03980186138581259,0.04345841725785582,0.8681903235361861,11.665772,11.4206085,12.173448,0.7528391,2.1257393,2.120658,2.1955228,0.074864864,4.9850626,4.9434547,5.059897,0.1164422,14.435694444444447,71.1286111111111,2.4814722222222216,75.1852777777778,5.2584722222222275,34.26909722222216,7.2,LOW,91.6,0.043,0.135,0.099,0.04,significant deviation from lot population (contribution 0.14); high physics-normalised drift rate (contribution 0.10).
IC0269,LOT2026F,110.2,0.4548893204119686,0,11.793,14.394,2.601000000000001,22.055456626812525,0.015052777777777792,1.5361952861953312e-05,0.03309107754858986,2.094,2.436,0.3420000000000001,16.33237822349571,0.0019875,1.0521885521885769e-06,0.0043691946827857575,4.875,5.058,0.18299999999999983,3.7538461538461507,0.0010583333333333389,-2.1043771043771513e-07,0.0023265732692402267,0.7291018046874744,0.16467357432957455,0.15795612254190655,0.33845773931339906,0.05427979636957814,0.05120536760342413,-0.01686562878880962,-0.048581333377338484,-0.05944940518350636,0.13788784131692214,0.07050713888161939,0.21632511630533993,0.0002807164747870422,0.1127200168576946,0.6055674655391072,14.3194475,13.430191,14.839127,1.4089355,2.4339063,2.3646011,2.5323954,0.16779423,5.0550466,5.0118737,5.109697,0.09782314,19.319388888888895,61.36122222222221,3.0877499999999998,69.1225,5.4041666666666694,32.44791666666663,13.4,LOW,73.9,0.113,0.152,0.228,0.066,high physics-normalised drift rate (contribution 0.23); significant deviation from lot population (contribution 0.15); abnormal multi-parameter pattern (ensemble anomaly score) (contribution 0.11).
IC0270,LOT2026F,110.11,0.4526313350595736,0,10.574,12.697,2.1229999999999993,20.077548704369203,0.012933333333333347,2.6988636363636113e-05,0.02857365880696508,2.068,2.353,0.28500000000000014,13.781431334622832,0.0016680555555555563,4.340277777777973e-06,0.0036852410037763145,4.818,4.994,0.17600000000000016,3.6529680365296837,0.0010569444444444415,2.6304713804712116e-06,0.0023351110773303634,-0.16471857858740843,-0.02962426672217498,-0.03439743350357022,0.06105162644626231,-0.13609495538410976,-0.13733695112121344,-0.39340059709710085,-0.05010904826342773,-0.05509509824439473,0.020595411803182622,0.0,0.04340783428771035,0.0,0.01588996098865599,0.9522647604500991,12.60549,12.2413435,14.247409,2.0060654,2.3225644,2.2761185,2.380915,0.10479641,4.9844475,4.945059,5.0421543,0.09709549,17.040666666666674,65.91866666666665,2.902027777777778,70.97972222222222,5.3464722222222205,33.16909722222224,6.2,LOW,93.4,0.016,0.065,0.184,0.03,high physics-normalised drift rate (contribution 0.18); significant deviation from lot population (contribution 0.07).
IC0271,LOT2026G,106.49,0.3698025599492996,1,8.352,12.174,3.821999999999999,45.761494252873554,0.02258194444444443,0.00011313657407407434,0.06106486782444243,2.287,3.054,0.7669999999999999,33.537385220813285,0.004451388888888892,1.7045454545454594e-05,0.012037204094799081,4.989,5.4,0.4110000000000005,8.238123872519552,0.002477777777777781,9.390782828282991e-06,0.006700272107682238,0.9749489455811777,1.5765092763691628,2.1504596122758186,1.5953571317989519,1.5783044690474322,2.1574300994236317,0.7543836726516644,1.7190426622660404,2.3055999595985073,0.6111537889322689,0.17778507399281734,0.47806474289033235,0.37237552219464687,0.4187086252314028,0.1679016071708367,12.161758,11.8799,13.230629,1.350729,3.0219302,2.7344503,3.0814736,0.34702325,5.392909,5.350824,5.4427176,0.09189367,19.642972222222213,60.71405555555558,4.5126944444444455,54.87305555555555,6.227888888888891,22.151388888888867,39.1,MEDIUM,47.4,0.419,0.377,0.503,0.239,high physics-normalised drift rate (contribution 0.50); abnormal multi-parameter pattern (ensemble anomaly score) (contribution 0.42); significant deviation from lot population (contribution 0.38).
IC0272,LOT2026G,110.71,0.4678783736380014,0,9.831,10.986,1.1550000000000011,11.74855050350932,0.007691666666666689,3.2617845117845676e-05,0.01643945756000629,2.314,2.625,0.31099999999999994,13.439930855661189,0.0018152777777777768,-6.602483164983164e-06,0.003879806975609994,4.981,5.155,0.17400000000000038,3.4932744428829627,0.0009958333333333503,1.7098063973065962e-06,0.0021284021434678,0.11530997161126619,-0.2994718247775701,-0.3458008520104973,-0.02416063805847817,-0.15656702333810812,-0.21630779512329437,-0.8160619449813793,-0.047459925828193535,-0.10672354279072249,0.02921786735529686,0.06750366991573865,0.10030342779574765,0.07734729012382684,0.06214013362679906,0.909058261543664,11.143262,10.977368,11.928924,0.95155525,2.6114485,2.541881,2.6856976,0.14381647,5.148488,5.089415,5.2020564,0.112641335,13.676833333333343,72.64633333333332,3.2216388888888883,67.78361111111111,5.478916666666675,31.513541666666566,9.5,LOW,93.4,0.062,0.175,0.064,0.114,significant deviation from lot population (contribution 0.17); predicted value approaching the safety limit (contribution 0.11); high physics-normalised drift rate (contribution 0.06).
IC0273,LOT2026G,110.41,0.4601976756805986,0,8.965,10.655,1.6899999999999995,18.851087562744,0.010205555555555555,-4.7558922558922506e-05,0.02217646045356984,2.218,2.575,0.3570000000000002,16.095581605049603,0.0022569444444444464,1.1047979797980117e-06,0.004904293445434272,5.117,5.28,0.16300000000000026,3.1854602306038746,0.0010222222222222306,-1.0784932659933246e-06,0.0022212676774397847,-0.12420223409920698,0.017245439757040834,-0.024883835856767202,-0.21291562289034588,0.13410164609213668,0.08180964605802225,-0.01481418088288793,-0.016003928476947243,-0.05772352487331942,0.07732565505456482,0.007001145547025707,0.09150910914468657,0.03578527488635045,0.05283393599509528,0.8653470846088067,10.694095,10.592413,12.403706,1.8112926,2.5949538,2.5230405,2.6101685,0.087127924,5.2866545,5.2333994,5.316514,0.083114624,14.067777777777778,71.86444444444444,3.346472222222223,66.53527777777776,5.6281111111111155,29.648611111111055,8.4,LOW,88.7,0.053,0.018,0.121,0.173,predicted value approaching the safety limit (contribution 0.17); high physics-normalised drift rate (contribution 0.12); abnormal multi-parameter pattern (ensemble anomaly score) (contribution 0.05).
IC0274,LOT2026G,106.16,0.36298194754028795,0,8.46,9.594,1.1339999999999986,13.404255319148916,0.006486111111111113,1.1100589225589651e-05,0.017868963332925005,2.377,2.653,0.27600000000000025,11.61127471602862,0.0013833333333333412,-2.4989478114477486e-06,0.0038110251562298502,5.206,5.313,0.10699999999999932,2.055320783711089,0.0006444444444444319,5.155723905723893e-06,0.001775417341858038,-0.8919437756666119,-0.4513561262229014,-0.26583702146505883,0.08154215344736822,-0.44083732583120144,-0.23632275930034297,0.1967152288391104,-0.46632136424232934,-0.29297414474889505,0.10658876502077522,0.08332439175686841,0.2757219762702486,0.12506469901613726,0.13620748539080216,0.6314942759730184,9.580574,9.556705,10.809065,1.2523594,2.6436357,2.5592952,2.6922565,0.13296127,5.312197,5.2750278,5.3961215,0.12109375,11.703055555555558,76.59388888888888,3.0686666666666707,69.31333333333329,5.528222222222216,30.897222222222297,15.2,LOW,75.9,0.136,0.194,0.078,0.215,predicted value approaching the safety limit (contribution 0.22); significant deviation from lot population (contribution 0.19); abnormal multi-parameter pattern (ensemble anomaly score) (contribution 0.14).
IC0275,LOT2026G,111.93,0.5003236362105338,0,8.92,11.165,2.244999999999999,25.16816143497757,0.01402222222222222,-1.736111111110823e-06,0.028026303790936107,2.305,2.733,0.42799999999999994,18.568329718004335,0.0024763888888888926,1.8676346801347442e-06,0.004949574054995955,5.137,5.382,0.2450000000000001,4.769320615145029,0.0014388888888888977,-4.73484848484804e-07,0.0028759162764867264,0.24483469917070477,0.49809573972450977,0.3023452598267219,0.3835501291783579,0.27852192838766726,0.09498594448192885,0.6390039946214773,0.4806697139113149,0.2876984170559653,0.24940236499921728,0.025603613740043177,0.1971966169709386,0.04618377919659044,0.1413388021454153,0.5177098775415958,11.281581,10.939646,13.00873,2.0690842,2.73647,2.6182477,2.7394974,0.121249676,5.3847003,5.3248286,5.409984,0.08515549,15.931111111111111,68.13777777777779,3.5431944444444463,64.56805555555553,5.856444444444448,26.794444444444398,16.2,LOW,67.1,0.141,0.129,0.178,0.222,predicted value approaching the safety limit (contribution 0.22); high physics-normalised drift rate (contribution 0.18); abnormal multi-parameter pattern (ensemble anomaly score) (contribution 0.14).
IC0276,LOT2026G,107.93,0.4009456966482278,0,8.58,9.475,0.8949999999999996,10.431235431235427,0.004737499999999998,-2.1438341750842097e-05,0.01181581455943764,2.227,2.444,0.21700000000000008,9.74405029187248,0.001225000000000001,4.866372053872057e-06,0.0030552765879284702,5.037,5.174,0.13700000000000045,2.7198729402422166,0.0007305555555555524,-4.734848484848842e-07,0.0018220810490366976,-0.9780523934295912,-0.6716583560842714,-0.6044386360644812,-0.7074536831498419,-0.5450393016646892,-0.45623960153750315,-0.6942722848384077,-0.363675478148744,-0.26835228139390105,0.10274071496896955,0.03691539746380353,0.14824955019234293,0.0622210475519639,0.08601693664954357,0.8167929687800088,9.399257,9.324433,10.809065,1.4846315,2.4555538,2.3827066,2.5068004,0.12409377,5.1696677,5.1314087,5.246406,0.11499739,10.948749999999999,78.1025,2.8395,71.60499999999999,5.402277777777776,32.471527777777794,10.9,LOW,86.5,0.086,0.217,0.019,0.137,significant deviation from lot population (contribution 0.22); predicted value approaching the safety limit (contribution 0.14); abnormal multi-parameter pattern (ensemble anomaly score) (contribution 0.09).
IC0277,LOT2026G,108.85,0.4220675343344384,0,9.239,10.597,1.3579999999999988,14.698560450265166,0.007459722222222199,3.330176767676789e-05,0.017674238398803863,2.236,2.538,0.3019999999999996,13.506261180679765,0.001779166666666665,-1.1047979797979537e-06,0.004215360154322808,5.235,5.389,0.15399999999999991,2.9417382999044874,0.0009041666666666694,3.2091750841753637e-06,0.0021422322095738943,-0.16617114023578508,-0.3286938044335319,-0.2767295634400677,-0.35259431166592986,-0.18033238624749948,-0.11866448018983392,0.6838738694109965,-0.156728127153628,-0.09942618005545915,0.03162361493934359,0.05312773640195008,0.1673767991931926,0.031175357093211547,0.06515824955197554,0.7372428476965038,10.519044,10.493995,11.678396,1.1844015,2.5367756,2.503739,2.562778,0.059038877,5.386352,5.3283873,5.420373,0.0919857,12.9688611111111,74.06227777777781,3.1255833333333327,68.74416666666667,5.6870833333333355,28.911458333333307,11.5,LOW,82.7,0.065,0.14,0.076,0.227,predicted value approaching the safety limit (contribution 0.23); significant deviation from lot population (contribution 0.14); high physics-normalised drift rate (contribution 0.08).
IC0278,LOT2026G,110.31,0.4576629311158039,0,8.498,9.578,1.08,12.708872675923748,0.006365277777777771,3.4432870370370514e-05,0.013908222285468744,2.346,2.612,0.266,11.3384484228474,0.0016847222222222242,6.602483164983098e-06,0.0036811419664572603,5.101,5.245,0.14400000000000013,2.8229758870809674,0.0008986111111111135,7.523148148148268e-06,0.0019634780315728366,-0.9035214049456679,-0.4665795527502568,-0.48739333271135415,-0.07323693411476356,-0.2424879507797503,-0.2741177378851878,-0.23916355483046642,-0.16335044238547194,-0.19374489605514142,0.08704787558949592,0.06936569808988889,0.18350120378266493,0.04305795920283865,0.09443540052024904,0.7563058637955753,9.532739,9.532739,10.809065,1.2763262,2.6109164,2.5418565,2.646066,0.10420942,5.228751,5.1891093,5.259584,0.070474625,11.680638888888884,76.63872222222223,3.1883611111111123,68.11638888888888,5.550305555555557,30.62118055555554,11.4,LOW,83.6,0.094,0.197,0.039,0.144,significant deviation from lot population (contribution 0.20); predicted value approaching the safety limit (contribution 0.14); abnormal multi-parameter pattern (ensemble anomaly score) (contribution 0.09).
IC0279,LOT2026G,106.49,0.3698025599492996,0,8.479,9.166,0.6870000000000012,8.102370562566355,0.0038055555555555694,-2.4594907407407425e-05,0.010290776667628574,2.324,2.474,0.15000000000000036,6.454388984509482,0.0009583333333333372,-8.680555555554634e-07,0.0025914729564466125,4.994,5.092,0.09799999999999986,1.9623548257909467,0.0005972222222222185,7.102272727270279e-07,0.0016149759003942492,-1.2016453588813607,-0.7890712204504163,-0.6897463514065493,-0.5942006922507199,-0.7205373662263436,-0.5912027815311733,-1.219890818087023,-0.5226110437129884,-0.37763024018244185,0.22632163854294568,0.06182251318457104,0.24390460316467522,0.10436209359252753,0.16219456211721645,0.6184333208868611,9.186897,9.167901,10.809065,1.6411638,2.4905856,2.445297,2.5486562,0.10335922,5.0979586,5.076518,5.214762,0.13824415,10.381777777777785,79.23644444444443,2.8031666666666686,71.9683333333333,5.292611111111109,33.84236111111114,14.6,LOW,74.2,0.162,0.279,0.004,0.12,significant deviation from lot population (contribution 0.28); abnormal multi-parameter pattern (ensemble anomaly score) (contribution 0.16); predicted value approaching the safety limit (contribution 0.12).
IC0280,LOT2026G,108.47,0.4132240595640089,0,8.845,10.4,1.5549999999999997,17.580553985302426,0.008072222222222203,3.919402356902374e-06,0.01953473432969797,2.01,2.169,0.15900000000000025,7.910447761194043,0.0008944444444444445,7.89141414141359e-07,0.0021645507412810603,5.076,5.203,0.12700000000000067,2.501970055161558,0.0008652777777777833,-4.7348484848503085e-07,0.0020939675649349516,-0.3087207007341622,-0.25152678031211445,-0.17265696424745608,-1.7456060997251175,-0.7625837775275761,-0.7154337617513846,-0.5083828035675583,-0.20308433377652915,-0.12489276976783545,0.08892505413776274,0.17138981465586225,0.1917967326100769,0.13145037449304273,0.1406176160409474,0.8323438959853016,10.606336,10.548372,11.851482,1.3031101,2.150514,2.1235225,2.2053862,0.08186364,5.2054844,5.1523843,5.2561817,0.103797436,12.881111111111103,74.2377777777778,2.457222222222222,75.42777777777778,5.508638888888891,31.142013888888865,18.7,LOW,88.0,0.141,0.415,0.095,0.142,significant deviation from lot population (contribution 0.41); predicted value approaching the safety limit (contribution 0.14); abnormal multi-parameter pattern (ensemble anomaly score) (contribution 0.14).
IC0281,LOT2026G,109.17,0.42964727386377966,0,9.014,10.186,1.1720000000000006,13.001996893720886,0.006061111111111121,1.0390361952861774e-05,0.01410717926033625,2.306,2.544,0.238,10.320901994796184,0.001347222222222224,1.641414141414147e-05,0.0031356470858217595,5.03,5.157,0.12699999999999978,2.5248508946322024,0.0006805555555555624,-4.103535353535026e-06,0.001583986672219253,-0.46357149234153733,-0.5049005919398019,-0.4762640584366129,-0.3299437134861048,-0.46460268874059635,-0.43285242378148514,-0.8032419807558048,-0.4232763152353235,-0.3939815458916126,0.06877159766417072,0.07939963810396086,0.1496034803529998,0.07505759640847079,0.0890692861455186,0.869330524487063,10.197817,10.157317,11.026539,0.8692217,2.5575836,2.491334,2.5722427,0.080908775,5.147343,5.1279397,5.245797,0.117857456,12.04455555555556,75.91088888888888,2.979611111111112,70.20388888888888,5.3702777777777815,32.87152777777773,10.5,LOW,91.3,0.089,0.171,0.041,0.136,significant deviation from lot population (contribution 0.17); predicted value approaching the safety limit (contribution 0.14); abnormal multi-parameter pattern (ensemble anomaly score) (contribution 0.09).
IC0282,LOT2026G,110.89,0.4725423222208001,0,10.297,11.565,1.267999999999999,12.314266291152752,0.008404166666666664,-4.103535353535664e-06,0.017785003102303572,2.322,2.471,0.14900000000000002,6.416881998277348,0.0010944444444444445,1.0811237373737388e-05,0.0023160770855420957,5.07,5.181,0.11099999999999977,2.1893491124260307,0.0006874999999999964,2.919823232323388e-06,0.0014548961387605725,0.5342754311471065,-0.20970610284041474,-0.27053359686975986,-0.6055259913406325,-0.630960229106334,-0.6713407967848417,-0.6494024100488943,-0.4149984211955316,-0.46209549712728515,0.06752439751936597,0.1680501159575964,0.18873284839325818,0.13617985777009856,0.13222212226322344,0.7960714424292471,11.691841,11.39143,12.521264,1.1298342,2.479596,2.4363518,2.5397065,0.10335469,5.1760197,5.1360426,5.2535152,0.11747265,14.499083333333331,71.00183333333334,2.8692222222222226,71.30777777777777,5.4137499999999985,32.32812500000002,12.3,LOW,86.2,0.132,0.131,0.077,0.14,predicted value approaching the safety limit (contribution 0.14); abnormal multi-parameter pattern (ensemble anomaly score) (contribution 0.13); significant deviation from lot population (contribution 0.13).
IC0283,LOT2026G,111.13,0.47882639929064635,0,9.204,10.796,1.5919999999999987,17.296827466318977,0.009788888888888892,-1.999158249158721e-06,0.020443502913353492,2.214,2.525,0.31099999999999994,14.04697380307136,0.0017749999999999958,3.2880892255894114e-06,0.003706980238828844,5.231,5.418,0.18700000000000028,3.5748422863697242,0.0010374999999999974,1.2889309764309587e-06,0.002166756055090099,-0.022174376077525447,-0.03524913447521508,-0.12182218036262003,-0.40167060772221524,-0.18307454350627705,-0.26659900545597015,0.8697633506818458,0.002207438410609313,-0.08648630001277115,0.05775833327240451,0.055628612796250816,0.14957729618965387,0.02751213461176475,0.07094627991391232,0.7954979998391127,10.801369,10.675273,12.208112,1.5328388,2.5107114,2.4331546,2.5475411,0.11438656,5.3999968,5.328752,5.4501715,0.12141943,14.098444444444446,71.80311111111111,3.101499999999998,68.98500000000001,5.749749999999999,28.128125000000015,13.5,LOW,85.1,0.071,0.189,0.104,0.243,predicted value approaching the safety limit (contribution 0.24); significant deviation from lot population (contribution 0.19); high physics-normalised drift rate (contribution 0.10).
IC0284,LOT2026G,111.63,0.4921618702766767,0,9.625,11.002,1.3770000000000007,14.306493506493515,0.007611111111111119,2.4384469696969526e-05,0.015464650089273294,2.293,2.535,0.242,10.553859572612296,0.001394444444444446,-1.0521885521868681e-07,0.002833304505407005,5.013,5.063,0.04999999999999982,0.9974067424695756,0.0003999999999999932,1.8413299663308427e-07,0.0008127407346187278,0.12688760089032225,-0.3096207757958082,-0.4003297254721039,-0.36391961075584073,-0.43352490647446995,-0.5208317178846693,-1.4057802993578723,-0.7577032344434358,-0.8009254694849521,0.10623445244108946,0.10878065479217741,0.16559339179149035,0.15432848854251002,0.12608420643170912,0.904133035594406,10.917762,10.755467,11.928924,1.1734562,2.540803,2.4831645,2.565551,0.08238649,5.071095,5.071095,5.2170978,0.14600277,13.430555555555559,73.13888888888889,2.990222222222223,70.09777777777776,5.2129999999999965,34.83750000000004,15.1,LOW,92.6,0.126,0.327,0.055,0.121,significant deviation from lot population (contribution 0.33); abnormal multi-parameter pattern (ensemble anomaly score) (contribution 0.13); predicted value approaching the safety limit (contribution 0.12).
IC0285,LOT2026G,109.75,0.4437005413070445,0,8.442,9.57,1.1280000000000001,13.36176261549396,0.006754166666666681,-1.704545454545384e-05,0.015222353902860671,2.403,2.687,0.2839999999999998,11.818560133166866,0.0014597222222222166,-2.8672138047137107e-06,0.003289881544706245,5.103,5.254,0.1509999999999998,2.959043699784437,0.0008236111111111159,-2.3674242424271048e-07,0.0018562319276982132,-0.9093102195851953,-0.41758461680014813,-0.4138833127042462,0.209895543133038,-0.39056444275365254,-0.38797141892788817,-0.18147371581537855,-0.2527516980153562,-0.25033274718421084,0.05936757495124004,0.036314471085885744,0.20997279190913162,0.0589441999224281,0.08250918092889029,0.6658702124537661,9.567287,9.546956,10.809065,1.2621088,2.6694157,2.545293,2.7071204,0.16182733,5.25392,5.219455,5.277052,0.05759716,11.81908333333334,76.36183333333332,3.1328611111111084,68.67138888888891,5.514805555555558,31.064930555555527,11.4,LOW,78.1,0.083,0.199,0.052,0.153,significant deviation from lot population (contribution 0.20); predicted value approaching the safety limit (contribution 0.15); abnormal multi-parameter pattern (ensemble anomaly score) (contribution 0.08).
IC0286,LOT2026G,109.43,0.43589637345488896,0,8.92,10.715,1.795,20.123318385650222,0.010140277777777786,4.153514309764379e-05,0.023263046896689097,2.341,2.696,0.355,15.164459632635625,0.0018763888888888847,7.865109427609376e-06,0.004304667354804393,5.127,5.266,0.13900000000000023,2.711137117222552,0.0009458333333333481,4.366582491582554e-06,0.0021698582299199435,-0.0807861243027464,0.00902128979398852,0.035897740445058314,0.24387144040277559,-0.11634871687606405,-0.0926767928256428,-0.10455393046192046,-0.10706076291478754,-0.08484945353438701,0.07165539102867198,0.027453520788521157,0.1494758914581216,0.043149953477096416,0.06968311440978033,0.7902572767513957,10.701915,10.592413,12.208112,1.6156988,2.703632,2.6047525,2.7315772,0.12682462,5.276015,5.2303624,5.3069987,0.076636314,13.990138888888893,72.01972222222221,3.2791944444444425,67.20805555555557,5.599916666666674,30.001041666666573,9.3,LOW,84.6,0.07,0.026,0.131,0.168,predicted value approaching the safety limit (contribution 0.17); high physics-normalised drift rate (contribution 0.13); abnormal multi-parameter pattern (ensemble anomaly score) (contribution 0.07).
IC0287,LOT2026G,110.05,0.4511316558854168,0,9.468,10.716,1.2479999999999993,13.181242078580475,0.007223611111111111,3.656355218855262e-05,0.016012201797130903,2.172,2.458,0.28600000000000003,13.167587476979742,0.0015458333333333363,1.1837121212121742e-06,0.003426568083100698,5.171,5.327,0.1559999999999997,3.016824598723645,0.000812500000000005,7.891414141435936e-08,0.0018010263509558998,-0.08006252247280579,-0.35844072983180764,-0.369700725707665,-0.6546022873969178,-0.33389319273894547,-0.3481967198271032,0.28645497841814294,-0.2659963284790429,-0.27946168376395397,0.009054932330288912,0.04393680703404763,0.08869533874746675,0.033127426076626276,0.0390584500868027,0.8910764229383729,10.629253,10.615129,12.118197,1.503068,2.4625876,2.3793314,2.4662645,0.086933136,5.3286085,5.2822466,5.386956,0.104709625,13.079805555555556,73.8403888888889,2.944916666666668,70.55083333333332,5.577250000000003,30.28437499999996,9.6,LOW,91.0,0.039,0.133,0.06,0.21,predicted value approaching the safety limit (contribution 0.21); significant deviation from lot population (contribution 0.13); high physics-normalised drift rate (contribution 0.06).
IC0288,LOT2026G,108.88,0.4227729530734688,1,8.21,15.279,7.068999999999999,86.10231425091351,0.041812499999999996,0.00028777356902356927,0.09890060302115374,2.25,3.709,1.459,64.84444444444445,0.008388888888888888,6.081649831649849e-05,0.019842539187768432,5.171,5.894,0.7229999999999999,13.981821697930766,0.00432916666666667,3.093434343434333e-05,0.01023993288878713,3.2217326275479947,3.999308859101907,4.2669185837247845,4.068047433096428,4.169643078590632,4.4287207352852,3.9209148363689006,3.925929213277883,4.173283633802029,0.818993806173203,0.5461613602007971,0.5888885227214519,0.7925034394329904,0.6871494606800992,0.3801329146994292,15.286507,13.782641,16.655571,2.8729296,3.7038624,2.8779273,3.7541096,0.8761823,5.8885393,5.466584,5.895781,0.42919683,29.116249999999997,41.767500000000005,6.444444444444445,35.55555555555555,7.335583333333336,8.305208333333303,74.5,HIGH,53.9,0.687,1.0,0.875,0.475,significant deviation from lot population (contribution 1.00); high physics-normalised drift rate (contribution 0.88); abnormal multi-parameter pattern (ensemble anomaly score) (contribution 0.69).
IC0289,LOT2026G,109.15,0.429169951993547,0,10.011,11.5,1.4890000000000008,14.873638997103194,0.009315277777777787,-3.103956228956258e-05,0.021705335460945437,2.41,2.731,0.32099999999999973,13.319502074688785,0.0021180555555555584,-3.7615740740740644e-06,0.004935237301020099,5.035,5.258,0.22299999999999986,4.428997020854019,0.0012541666666666625,3.130260942760758e-06,0.0029223077264400846,0.48724131220094163,-0.09491796718587915,-0.05123767072028044,0.3759999297850823,0.042696404132941373,0.0908140627284672,-0.15583378736422396,0.2604777324525035,0.31217662529643725,0.17353034257019015,0.11037073363885012,0.20521094681560012,0.12016775158182758,0.15291419209161575,0.8353805360848906,11.599835,11.223316,12.650824,1.4275074,2.726355,2.6152399,2.737548,0.122308254,5.25463,5.192401,5.3227243,0.13032341,14.668638888888893,70.66272222222221,3.4690277777777796,65.3097222222222,5.662083333333332,29.223958333333357,13.8,LOW,87.7,0.153,0.089,0.116,0.176,predicted value approaching the safety limit (contribution 0.18); abnormal multi-parameter pattern (ensemble anomaly score) (contribution 0.15); high physics-normalised drift rate (contribution 0.12).
IC0290,LOT2026G,111.62,0.49189189930092697,1,8.928,14.423,5.494999999999999,61.54793906810034,0.033263888888888864,0.0001823442760942766,0.067624388480809,2.169,3.306,1.137,52.42047026279392,0.006741666666666662,2.4594907407407516e-05,0.013705585874148095,5.149,5.739,0.5899999999999999,11.458535637987955,0.0035194444444444427,1.9333964646464937e-05,0.007154914422144887,2.6023294611184955,2.9222951777701094,2.5173867056544226,2.5466822553515693,3.0855769089545673,2.642915971246196,2.9273676088867697,2.9607267682366887,2.5454896215844056,0.6213178881253006,0.1312385302796668,0.30603601227418153,0.36814257717185134,0.37326140895836923,0.0713852707910364,14.576599,13.946024,15.459273,1.5132494,3.1567583,2.8354025,3.1567583,0.32135582,5.7493916,5.452752,5.7493916,0.29663944,25.559944444444433,48.880111111111134,5.539833333333331,44.60166666666668,6.908722222222221,13.640972222222237,48.7,MEDIUM,40.7,0.373,0.722,0.568,0.399,significant deviation from lot population (contribution 0.72); high physics-normalised drift rate (contribution 0.57); predicted value approaching the safety limit (contribution 0.40).
IC0291,LOT2026G,109.13,0.4286931105483329,0,9.471,10.303,0.8320000000000007,8.784711223735622,0.00507222222222222,-1.4572811447811444e-05,0.01183182583861551,2.438,2.663,0.22499999999999964,9.228876127973734,0.0014736111111111067,9.02251683501697e-06,0.0034374499492801267,5.102,5.203,0.10099999999999998,1.9796158369266947,0.00043194444444444346,-1.4993686868686085e-06,0.0010075842923903111,-0.37891007823843925,-0.6294877147843587,-0.6035429955996087,0.11929315041374108,-0.38142391855773217,-0.3450301830340451,-0.5083828035675583,-0.7196249218603289,-0.6981172755991739,0.12816860008629474,0.1121907764975608,0.22016353564768332,0.11000967104184506,0.13905040076528483,0.799402110811298,10.3978195,10.31726,11.229249,0.9119892,2.6612093,2.545293,2.7065876,0.16129446,5.181112,5.174969,5.2569175,0.08194828,12.00711111111111,75.98577777777778,3.1748055555555537,68.25194444444446,5.317972222222222,33.52534722222222,10.7,LOW,86.9,0.139,0.095,0.019,0.142,predicted value approaching the safety limit (contribution 0.14); abnormal multi-parameter pattern (ensemble anomaly score) (contribution 0.14); significant deviation from lot population (contribution 0.10).
IC0292,LOT2026G,109.5,0.4375928310434621,0,8.828,10.609,1.7810000000000006,20.174444947893075,0.010244444444444462,-2.19381313131315e-05,0.02341090556720518,2.202,2.488,0.28600000000000003,12.988192552225254,0.0015569444444444478,1.8676346801347788e-06,0.003557975208898728,4.976,5.127,0.1509999999999998,3.03456591639871,0.0008986111111111063,-3.288089225589119e-06,0.002053532524672132,-0.1574879182764927,0.02214493335205381,0.04416867288745167,-0.5413492964977975,-0.3265807733822096,-0.30995828793974073,-0.9955414441394443,-0.1633504423854805,-0.1462281092918271,0.050696981162531685,0.043658593580077724,0.08355410617571947,0.04977425990668783,0.05501848170205647,0.9651342369340719,10.623605,10.589146,12.133476,1.5443306,2.492532,2.3978631,2.5018091,0.10394597,5.1182775,5.088782,5.2007775,0.1119957,13.95022222222223,72.09955555555554,2.980472222222224,70.19527777777776,5.425305555555553,32.18368055555558,11.5,LOW,95.3,0.055,0.221,0.133,0.113,significant deviation from lot population (contribution 0.22); high physics-normalised drift rate (contribution 0.13); predicted value approaching the safety limit (contribution 0.11).
IC0293,LOT2026G,109.06,0.4270279426212279,0,7.685,8.511,0.8259999999999996,10.748210800260242,0.005520833333333356,-5.981691919191876e-05,0.012928506035096427,2.328,2.646,0.31800000000000006,13.659793814432994,0.0019333333333333368,5.2609427609495936e-08,0.004527416453045078,5.064,5.178,0.11399999999999988,2.25118483412322,0.0006944444444444433,-2.6304713804692707e-07,0.0016262271742259564,-1.675604557492719,-0.5729685565276261,-0.5421967939575641,0.0551164555709062,-0.07887256767278869,-0.02785857106391592,-0.6686323563872588,-0.4067205271557243,-0.37169356383151947,0.18698986720980712,0.14577717190846282,0.30602434943237,0.12178531348686909,0.18865227200547569,0.6568422133303311,8.579883,8.536439,10.809065,2.272626,2.658771,2.597649,2.7000854,0.102436304,5.178962,5.1358953,5.2465386,0.11064339,10.445416666666677,79.10916666666665,3.2946666666666684,67.05333333333331,5.4112222222222215,32.35972222222223,18.8,LOW,74.9,0.189,0.397,0.03,0.137,significant deviation from lot population (contribution 0.40); abnormal multi-parameter pattern (ensemble anomaly score) (contribution 0.19); predicted value approaching the safety limit (contribution 0.14).
IC0294,LOT2026G,110.02,0.4503835050903927,0,7.83,8.416,0.5860000000000003,7.484035759897832,0.00274722222222223,-1.4414983164982306e-05,0.006099739868738883,2.197,2.414,0.21700000000000008,9.877105143377337,0.0013402777777777781,-1.709806397306437e-06,0.002975858934950964,5.068,5.125,0.057000000000000384,1.124704025256519,0.00041805555555556094,-3.3670033670036153e-06,0.0009282212843733176,-1.7443467313371135,-0.9224074390003484,-0.9241849684062222,-0.8207066740489621,-0.4691729508385571,-0.47934950897663303,-1.0083614083650188,-0.73618070993993,-0.739992755645246,0.31452017684398953,0.12471471543349057,0.3282110729678031,0.11763972754362569,0.23078465025054795,0.4928061542683384,8.566998,8.465684,11.145784,2.6801004,2.4242084,2.3501217,2.446957,0.096835375,5.119846,5.119846,5.2535152,0.13366938,9.203611111111115,81.59277777777777,2.8671388888888893,71.3286111111111,5.27702777777778,34.03715277777775,20.3,LOW,64.0,0.231,0.415,0.0,0.14,significant deviation from lot population (contribution 0.41); abnormal multi-parameter pattern (ensemble anomaly score) (contribution 0.23); predicted value approaching the safety limit (contribution 0.14).
IC0295,LOT2026G,109.75,0.4437005413070445,0,8.628,10.144,1.516,17.570700046360685,0.009547222222222216,-5.894886363636366e-05,0.021517265212474594,2.345,2.711,0.36599999999999966,15.607675906183353,0.0020472222222222202,3.5511363636364013e-06,0.004613972784868714,5.124,5.282,0.15800000000000036,3.0835284933645664,0.000951388888888899,4.3402777777775465e-06,0.0021442139468352142,-0.49396276919905935,-0.06569598752992505,-0.061757962253385104,0.30049793585233486,-0.003920269266251664,-0.0026713646718888005,-0.001994216657313479,-0.10043844768294964,-0.0983805266557645,0.07356591537396662,0.019729446270216455,0.18232462184098122,0.0497645020208964,0.07559650393328396,0.7099156054995596,10.210078,10.119833,11.276965,1.1571321,2.7040834,2.609231,2.7363973,0.12716627,5.281436,5.2333994,5.3069987,0.07359934,13.401611111111109,73.19677777777778,3.36861111111111,66.3138888888889,5.599694444444449,30.00381944444439,10.5,LOW,81.0,0.076,0.091,0.114,0.168,predicted value approaching the safety limit (contribution 0.17); high physics-normalised drift rate (contribution 0.11); significant deviation from lot population (contribution 0.09).
IC0296,LOT2026G,109.42,0.43565450929754373,0,9.126,9.765,0.6390000000000011,7.001972386587783,0.00416250000000001,5.9553872053871495e-05,0.009554589499628252,2.406,2.647,0.24099999999999966,10.016625103906884,0.001368055555555556,-6.313131313131148e-06,0.003140230449494097,5.072,5.155,0.08300000000000018,1.6364353312302877,0.00048611111111111657,1.3152356902345604e-07,0.0011158179262161887,-0.7682078627466994,-0.7441008685247837,-0.7309272595686119,0.05889155526754315,-0.4508919024467179,-0.4315187012870973,-0.8160619449813793,-0.6550573483498472,-0.6410083594071498,0.1932787836479296,0.09753145354510266,0.2296390200537335,0.05474655330840702,0.1510467973473139,0.6587347924937736,9.763496,9.763496,10.859324,1.095828,2.643897,2.5418565,2.6763144,0.13445783,5.14959,5.1263576,5.2535152,0.12715769,11.207250000000005,77.5855,3.0900277777777783,69.09972222222221,5.315055555555558,33.56180555555552,12.3,LOW,78.0,0.151,0.175,0.0,0.14,significant deviation from lot population (contribution 0.17); abnormal multi-parameter pattern (ensemble anomaly score) (contribution 0.15); predicted value approaching the safety limit (contribution 0.14).
IC0297,LOT2026G,110.88,0.47228211374187146,0,10.297,12.321,2.023999999999999,19.656210546761184,0.011559722222222225,-9.601220538720705e-06,0.02447630745664922,2.254,2.573,0.31899999999999995,14.152617568766635,0.0019791666666666694,3.5511363636364263e-06,0.004190644974855843,5.187,5.377,0.1899999999999995,3.6630036630036535,0.0010430555555555527,-2.0517676767674246e-06,0.0022085434218362984,1.0813184145825054,0.1878528060118747,0.1037652256011548,-0.22046582228362144,-0.048708837826254514,-0.12585640148703978,0.6069540840575384,0.008829753642452502,-0.06443741242544974,0.11254237468069127,0.1233739151278503,0.1922514203447511,0.08941402413694975,0.12826439336608972,0.8384753947495979,12.310746,11.852949,12.773056,0.9201069,2.5479677,2.510725,2.5958242,0.08509922,5.3737016,5.3274727,5.4324493,0.104976654,16.076861111111114,67.84627777777777,3.243583333333335,67.56416666666665,5.7085277777777765,28.643402777777794,17.5,LOW,89.4,0.128,0.243,0.143,0.234,significant deviation from lot population (contribution 0.24); predicted value approaching the safety limit (contribution 0.23); high physics-normalised drift rate (contribution 0.14).
IC0298,LOT2026G,109.79,0.4446849084354961,0,8.522,9.326,0.8040000000000003,9.434405069232579,0.0049527777777777825,5.184659090909097e-05,0.0111377240014796,2.309,2.564,0.2549999999999999,11.043741879601555,0.0015625000000000031,-6.128998316498291e-06,0.0035137239208257324,5.12,5.216,0.09600000000000009,1.8750000000000018,0.00051805555555556,2.078072390572652e-06,0.0011649946866382284,-1.0858690660908001,-0.6445361593976047,-0.6423697305016226,-0.25444171955335737,-0.32292456370384187,-0.322835061970306,-0.42505303610131584,-0.6169790357667484,-0.6150604965269696,0.1484779920482559,0.06753215976496148,0.21012058503791678,0.04651496577811355,0.1212283070206784,0.6876553851705112,9.34264,9.28941,10.809065,1.5196552,2.5667672,2.5007696,2.604668,0.10389829,5.226016,5.1970797,5.3035803,0.106500626,10.998388888888892,78.00322222222222,3.090250000000002,69.09749999999998,5.37902777777778,32.76215277777775,13.3,LOW,78.7,0.121,0.245,0.012,0.166,significant deviation from lot population (contribution 0.24); predicted value approaching the safety limit (contribution 0.17); abnormal multi-parameter pattern (ensemble anomaly score) (contribution 0.12).
IC0299,LOT2026G,110.11,0.4526313350595736,0,9.422,10.994,1.5719999999999992,16.68435576310761,0.009098611111111127,2.81197390572389e-05,0.020101593518516793,2.265,2.399,0.1339999999999999,5.91611479028697,0.0009375000000000082,1.0521885521879168e-07,0.0020712220462523172,5.182,5.266,0.08399999999999963,1.6209957545349214,0.0005000000000000078,8.680555555557661e-07,0.0011046517580012435,0.12109878625079358,-0.12221514578665169,-0.1409479407677652,-0.8773331694985231,-0.7342481525202199,-0.7425916721487104,-0.10455393046192046,-0.6385015602702356,-0.6469001302202709,0.10149342374104446,0.13087579673205155,0.19428493480223627,0.11214030760621511,0.13046347043036055,0.8514937892222386,10.889633,10.845497,12.281268,1.435771,2.4068172,2.3677995,2.4826438,0.11484432,5.274128,5.247286,5.386956,0.13967037,13.971305555555563,72.05738888888888,2.733750000000004,72.66249999999997,5.432000000000004,32.09999999999995,15.2,LOW,88.7,0.13,0.191,0.1,0.21,predicted value approaching the safety limit (contribution 0.21); significant deviation from lot population (contribution 0.19); abnormal multi-parameter pattern (ensemble anomaly score) (contribution 0.13).
IC0300,LOT2026G,113.06,0.5321779911277879,0,8.568,10.103,1.5350000000000001,17.915499533146594,0.009683333333333318,3.9772727272727445e-05,0.018195666665606493,2.286,2.678,0.3919999999999999,17.147856517935253,0.0022430555555555515,9.995791245791162e-06,0.0042148596765568674,5.138,5.287,0.14900000000000002,2.8999610743479955,0.0009638888888888921,3.4985269360271257e-06,0.0018112152418145394,-0.5236304442266407,-0.04854775994738903,-0.247561859218017,0.17591964586330205,0.12496112189621317,-0.11881011525222357,0.03005569390662549,-0.08553823841131003,-0.2740855682851756,0.11293479940447818,0.039333750079159395,0.14408541873530972,0.10038158992393631,0.09520162705096757,0.8399550181643497,10.165533,10.072363,11.257754,1.1853914,2.697982,2.6058192,2.7311478,0.12532854,5.283362,5.2603035,5.3733406,0.11303711,13.40966666666666,73.18066666666668,3.4075277777777755,65.92472222222224,5.619944444444446,29.750694444444427,11.5,LOW,88.7,0.095,0.099,0.081,0.203,predicted value approaching the safety limit (contribution 0.20); significant deviation from lot population (contribution 0.10); abnormal multi-parameter pattern (ensemble anomaly score) (contribution 0.10).
IC0301,LOT2026G,107.8,0.39803961341579985,0,9.692,10.877,1.1850000000000005,12.226578621543545,0.00713472222222222,-2.0622895622895932e-05,0.017924653682067446,2.218,2.474,0.2560000000000002,11.541929666366107,0.0015208333333333322,-6.497264309764232e-06,0.003820808990045522,5.054,5.193,0.13899999999999935,2.7502967946181114,0.0009124999999999953,4.34027777777787e-06,0.0022924853940273033,0.03643737214769679,-0.36963957233468925,-0.26272180939232265,-0.5942006922507199,-0.3503461362916035,-0.2334757412205712,-0.572482624695442,-0.1467946543058716,-0.02014586565394001,0.03031277306174456,0.06282435326225143,0.09470736861657535,0.07035823940077116,0.05895198618371676,0.9238331518751526,10.950979,10.862978,11.928924,1.0659456,2.4898744,2.42,2.5421748,0.12217474,5.1911044,5.136211,5.2497425,0.11353159,13.25936111111111,73.48127777777778,2.978416666666666,70.21583333333335,5.510249999999998,31.12187500000002,9.0,LOW,94.0,0.059,0.117,0.079,0.138,predicted value approaching the safety limit (contribution 0.14); significant deviation from lot population (contribution 0.12); high physics-normalised drift rate (contribution 0.08).
IC0302,LOT2026G,108.53,0.4146091403521486,0,9.815,11.053,1.2380000000000013,12.613346917982692,0.006613888888888903,-7.55110399676207e-19,0.015952105839421176,2.365,2.596,0.23099999999999987,9.76744186046511,0.0013513888888888905,6.865530303030453e-06,0.0032594285975969736,5.134,5.252,0.11799999999999944,2.2984028048305305,0.0007319444444444396,-5.260942760943113e-07,0.0017653842455638148,0.16379129421731356,-0.43525779012500787,-0.37306237913348833,-0.1336385292609615,-0.4618605314818206,-0.3968329851232945,-0.194293680040953,-0.3620198993407852,-0.2982680560328412,0.020743723910878878,0.09139662567588973,0.15952632157734795,0.04342085139730128,0.0730976830966393,0.7556613722921955,11.162804,10.977368,11.928924,0.95155525,2.5948598,2.5388737,2.6446257,0.10575199,5.2564454,5.219455,5.3225603,0.103105545,13.121944444444452,73.7561111111111,3.0406944444444455,69.59305555555554,5.49997222222222,31.250347222222253,7.9,LOW,84.3,0.073,0.014,0.059,0.176,predicted value approaching the safety limit (contribution 0.18); abnormal multi-parameter pattern (ensemble anomaly score) (contribution 0.07); high physics-normalised drift rate (contribution 0.06).
IC0303,LOT2026G,110.3,0.45741015332629387,0,10.433,11.805,1.3719999999999999,13.150579890731331,0.008438888888888886,-3.5037878787878665e-05,0.01844928195738803,2.156,2.397,0.24099999999999966,11.178107606679019,0.0014944444444444452,-1.857112794612791e-05,0.0032671868640799105,5.142,5.224,0.08199999999999985,1.5947102294826887,0.0005361111111111204,-5.787037037036076e-07,0.001172057741203408,0.7079398703329476,-0.20533155498772668,-0.23337510278796508,-0.8848833688917987,-0.36771313226384944,-0.3945753910798196,-0.3737731791990124,-0.5954565112632512,-0.6113337123752756,0.09885813843591713,0.19043933423715179,0.2321687732202504,0.1435649793140785,0.1597006502648784,0.7734006926350481,12.059768,11.809564,13.302111,1.492547,2.3759727,2.3336732,2.4175925,0.08391929,5.2296133,5.1970797,5.317351,0.120271206,14.652444444444443,70.69511111111112,2.903222222222223,70.96777777777777,5.4100555555555605,32.374305555555495,15.4,LOW,83.9,0.16,0.192,0.084,0.174,significant deviation from lot population (contribution 0.19); predicted value approaching the safety limit (contribution 0.17); abnormal multi-parameter pattern (ensemble anomaly score) (contribution 0.16).
IC0304,LOT2026G,112.67,0.520982414417821,0,9.988,11.776,1.7880000000000003,17.901481778133764,0.010522222222222235,1.1258417508417378e-05,0.020196885597339093,2.263,2.529,0.266,11.754308440123731,0.00162916666666667,6.944444444444357e-06,0.0031271049109924463,4.964,5.156,0.19199999999999928,3.867848509266705,0.001062499999999996,-6.576178451178033e-07,0.0020394162462994097,0.6869554172646585,0.05714131617355746,-0.13561748335540316,-0.3865702089356658,-0.2790500475634277,-0.4353381289393825,-0.8096519628685949,0.03200785695390328,-0.1536764904468755,0.05343548900525941,0.09815778887531629,0.08880784018053696,0.10373997914579222,0.08147232272241191,0.9430872183592199,11.699171,11.199213,12.616523,1.4173098,2.5117102,2.4402997,2.5577297,0.11742997,5.1476393,5.088782,5.21729,0.12850809,15.249111111111116,69.50177777777776,3.077583333333335,69.22416666666665,5.495249999999999,31.309375000000017,11.2,LOW,94.2,0.081,0.173,0.101,0.122,significant deviation from lot population (contribution 0.17); predicted value approaching the safety limit (contribution 0.12); high physics-normalised drift rate (contribution 0.10).
IC0305,LOT2026G,107.72,0.396260755614207,0,9.735,11.199,1.4640000000000004,15.038520801232671,0.00829444444444444,-3.774726430976396e-05,0.02093178374827452,2.36,2.649,0.28900000000000015,12.245762711864414,0.0016861111111111137,-6.812920875420727e-06,0.004255054499398078,5.196,5.317,0.12100000000000044,2.328714395689,0.0006277777777777835,3.9194023569022245e-06,0.0015842542287709605,0.2694371613886994,-0.22352967405490923,-0.09450868035310973,0.06644175466081874,-0.2415738983601579,-0.10711374044679221,0.222355157290265,-0.48618830993783796,-0.3938403710631607,0.058487802595396154,0.10411258360740665,0.22057901127125598,0.0975629757963991,0.1104547546143217,0.7144449848971041,11.208603,11.066268,11.962256,0.89598846,2.6702762,2.5969033,2.7015276,0.10462427,5.302124,5.2622037,5.3961215,0.13391781,13.882222222222218,72.23555555555556,3.2030555555555567,67.96944444444443,5.5098888888888915,31.126388888888854,11.5,LOW,81.9,0.11,0.033,0.108,0.215,predicted value approaching the safety limit (contribution 0.22); abnormal multi-parameter pattern (ensemble anomaly score) (contribution 0.11); high physics-normalised drift rate (contribution 0.11).
IC0306,LOT2026G,109.73,0.44320909822028426,0,8.697,10.278,1.5810000000000013,18.17868230424286,0.008838888888888912,2.893518518518554e-05,0.019942931957808767,2.351,2.712,0.3610000000000002,15.35516801361124,0.0019305555555555588,1.7361111111110663e-06,0.0043558572315138535,5.126,5.281,0.15499999999999936,3.023800234100651,0.0008333333333333271,-1.0521885521889168e-06,0.0018802261430994878,-0.3970001239869646,-0.1549367637247573,-0.14982316631416306,0.3042730355489735,-0.08070067251197273,-0.07778094450699304,-0.00840419877010355,-0.24116264635964318,-0.2376723237279567,0.0395397234744653,0.014646915465673933,0.15919566489808154,0.031131014929705297,0.054741763074837135,0.7323451853332685,10.386387,10.25332,10.976279,0.7229595,2.703375,2.6047525,2.7338088,0.12905622,5.273438,5.2333994,5.3064613,0.07306194,13.116444444444454,73.76711111111109,3.3162777777777794,66.83722222222221,5.542666666666664,30.716666666666704,8.8,LOW,83.5,0.055,0.066,0.099,0.168,predicted value approaching the safety limit (contribution 0.17); high physics-normalised drift rate (contribution 0.10); significant deviation from lot population (contribution 0.07).
IC0307,LOT2026G,109.76,0.4439464478870634,0,9.065,10.044,0.979000000000001,10.799779371207954,0.005891666666666676,-2.4068813131313493e-05,0.013271120187373302,2.408,2.658,0.25,10.382059800664452,0.0013333333333333326,-1.841329966329485e-07,0.003003365247496073,5.17,5.197,0.027000000000000135,0.522243713733078,0.00014305555555557182,-1.2626262626262102e-06,0.00032223606301263634,-0.5663229521931594,-0.5262483854609196,-0.5230316107633758,0.10041765193055466,-0.4737432129365176,-0.47134539008017945,-0.5468426962442874,-1.0639853139161697,-1.0597377184353438,0.22777630811017982,0.12678274995556488,0.2868804222536802,0.08342785226202384,0.18764679511527202,0.6035341513666735,10.072722,10.051833,10.93447,0.882637,2.6521702,2.5427356,2.6968682,0.1541326,5.215704,5.1960645,5.369806,0.17374134,12.010833333333338,75.97833333333332,3.0746666666666664,69.25333333333333,5.241527777777786,34.48090277777768,14.4,LOW,75.0,0.188,0.11,0.033,0.201,predicted value approaching the safety limit (contribution 0.20); abnormal multi-parameter pattern (ensemble anomaly score) (contribution 0.19); significant deviation from lot population (contribution 0.11).
IC0308,LOT2026G,108.77,0.42019162778509755,0,9.991,11.678,1.6870000000000012,16.885196677009322,0.009856944444444442,2.819865319865302e-05,0.0234582123789617,2.226,2.555,0.3290000000000002,14.779874213836486,0.0020513888888888904,6.234217171717201e-06,0.004882031799876915,5.04,5.159,0.11899999999999977,2.3611111111111067,0.000797222222222225,2.577861952862012e-06,0.0018972825004261048,0.6160424379304409,-0.026675020683947174,0.04681492584466755,-0.2884176168230933,-0.0011781120074735212,0.07533168367831125,-0.7904220165302304,-0.2842076953666151,-0.22867262514374365,0.06648492865144302,0.07938230510397408,0.10308124482660541,0.07820817934679089,0.079431892426537,0.978113759429541,11.718386,11.331281,12.616523,1.2852421,2.5393784,2.5230405,2.5928895,0.069849014,5.1680403,5.132042,5.2484636,0.1164217,14.919472222222222,70.16105555555555,3.2516944444444453,67.48305555555555,5.438611111111112,32.0173611111111,12.0,LOW,96.8,0.079,0.168,0.133,0.138,significant deviation from lot population (contribution 0.17); predicted value approaching the safety limit (contribution 0.14); high physics-normalised drift rate (contribution 0.13).
IC0309,LOT2026G,110.16,0.45388451500499133,0,9.384,11.106,1.7219999999999995,18.350383631713548,0.010726388888888876,6.050084175082033e-07,0.023632418675422137,2.253,2.545,0.2919999999999998,12.960497114957825,0.0016972222222222221,4.945286195286216e-06,0.0037393261195605185,5.142,5.323,0.18100000000000005,3.520031116297161,0.0010472222222222185,-6.576178451178754e-07,0.002307243775899035,0.20214219120418606,0.08286365754735985,0.056559694305216325,-0.3261686137894678,-0.234261479003424,-0.25718661058253006,0.26081504996699406,0.013796490066334053,-0.012358681914008069,0.04585038816960001,0.027748780508794837,0.09761475494213842,0.0158249586548989,0.04626896479866098,0.8778789017054637,11.204335,10.926278,12.281268,1.35499,2.5341218,2.44162,2.5626059,0.12098575,5.312731,5.2536364,5.3483443,0.094707966,14.747194444444439,70.50561111111112,3.101611111111111,68.98388888888888,5.66561111111111,29.179861111111126,9.3,LOW,90.5,0.046,0.048,0.135,0.19,predicted value approaching the safety limit (contribution 0.19); high physics-normalised drift rate (contribution 0.14).
IC0310,LOT2026G,110.23,0.45564424600092945,0,9.53,11.066,1.5360000000000014,16.11752360965374,0.010194444444444442,-4.997895622895588e-05,0.02237369292802097,2.189,2.49,0.30100000000000016,13.750571037003203,0.0018388888888888886,4.4718013468019585e-07,0.004035799650776535,5.132,5.29,0.15800000000000036,3.078721745908035,0.0009333333333333308,-2.34111952861951e-06,0.002048381695862405,0.17319811800654653,0.015845584444180452,-0.01385102685113022,-0.533799097104522,-0.14102813220504434,-0.1709151632697434,0.04928564024499001,-0.12196097218645596,-0.14894591742979818,0.03632700100815808,0.02375205727029549,0.0780484375276182,0.052044584895700845,0.04325644277382274,0.9391702569612524,11.098514,10.926278,12.457641,1.5313625,2.5184386,2.4340456,2.5210524,0.08700681,5.283528,5.2333994,5.321073,0.087673664,14.627222222222219,70.74555555555557,3.1084444444444443,68.91555555555556,5.598666666666665,30.01666666666669,9.7,LOW,93.9,0.043,0.102,0.123,0.176,predicted value approaching the safety limit (contribution 0.18); high physics-normalised drift rate (contribution 0.12); significant deviation from lot population (contribution 0.10).
IC0311,LOT2026G,109.68,0.4419826466931335,0,8.886,10.621,1.7350000000000012,19.525095656088244,0.010045833333333337,1.59143518518518e-05,0.02272902207472438,2.259,2.515,0.2560000000000002,11.33244798583445,0.0015166666666666668,1.1311026936028446e-06,0.0034315072729986197,5.171,5.349,0.17799999999999994,3.4422742216205746,0.0011375000000000094,-8.943602693602086e-07,0.002573630454748986,-0.14880469631720034,-0.0028774803653235236,0.006025408916479978,-0.4394216046885881,-0.35308829355037846,-0.3467594547218553,0.427474584899479,0.12140911258380635,0.1281988691850124,0.07245408121756428,0.04328306669803001,0.14864399187967692,0.039095047282356264,0.07393690390384533,0.8070501296985708,10.661202,10.589146,11.944683,1.3555374,2.5008144,2.4344018,2.5484974,0.11409569,5.364262,5.3069224,5.423284,0.11636162,13.908916666666668,72.18216666666666,3.017333333333333,69.82666666666667,5.739750000000005,28.253124999999933,11.6,LOW,86.3,0.074,0.077,0.126,0.229,predicted value approaching the safety limit (contribution 0.23); high physics-normalised drift rate (contribution 0.13); significant deviation from lot population (contribution 0.08).
IC0312,LOT2026G,110.94,0.47384531280536224,1,8.765,14.737,5.9719999999999995,68.1346263548203,0.03493749999999998,0.00018513257575757556,0.0737318678814303,2.268,3.368,1.1,48.50088183421518,0.006540277777777775,3.0250420875421052e-05,0.013802558769773616,5.018,5.633,0.6150000000000002,12.255878836189723,0.0036569444444444375,2.230639730639719e-05,0.007717591259463554,2.829540435719971,3.133148384269674,2.8590274720669187,2.7807384365430856,2.953039308113734,2.671134315128064,2.24790950493125,3.1246290702248083,2.8423831398905612,0.6186972141209286,0.09690108433867498,0.27425377325356964,0.3105585194810227,0.3470488828167948,0.004153574641553193,14.713653,13.873789,15.047693,1.1739044,3.3559654,2.866218,3.4017391,0.53552103,5.623481,5.4404864,5.647136,0.20664978,26.233749999999993,47.53250000000001,5.538138888888888,44.61861111111112,6.846472222222219,14.419097222222266,47.3,MEDIUM,37.2,0.347,0.696,0.628,0.345,significant deviation from lot population (contribution 0.70); high physics-normalised drift rate (contribution 0.63); abnormal multi-parameter pattern (ensemble anomaly score) (contribution 0.35).
IC0313,LOT2026G,112.45,0.5147614172549803,0,10.165,10.725,0.5600000000000005,5.509099852434831,0.0036069444444444764,-1.5782828282828157e-05,0.007007021745489181,2.258,2.385,0.12699999999999978,5.62444641275464,0.0009361111111111101,-1.1047979797980304e-06,0.0018185339454985217,5.188,5.35,0.16199999999999992,3.1225905936777165,0.0009319444444444399,-6.576178451179462e-07,0.00181043958075594,-0.07355010600333652,-0.8140936341677895,-0.8734333480743374,-0.9301845652514472,-0.7351622049398179,-0.8161219063026169,0.43388456701226336,-0.12361655099441929,-0.27449484182449185,0.20539126206221958,0.1759068478626371,0.24895806425985403,0.4453044617511802,0.24124627819521582,0.4656072335399353,10.819959,10.751673,12.344197,1.5925245,2.3934364,2.3484962,2.476132,0.12763572,5.347339,5.2937317,5.3802524,0.08652067,11.968472222222237,76.06305555555552,2.726055555555555,72.73944444444444,5.65397222222222,29.325347222222252,17.9,LOW,65.2,0.241,0.204,0.0,0.206,abnormal multi-parameter pattern (ensemble anomaly score) (contribution 0.24); predicted value approaching the safety limit (contribution 0.21); significant deviation from lot population (contribution 0.20).
IC0314,LOT2026G,110.14,0.4533828664544043,0,8.605,10.113,1.5079999999999991,17.524694944799524,0.008715277777777763,2.7725168350168075e-05,0.0192227770888961,2.212,2.561,0.34899999999999975,15.77757685352621,0.002013888888888893,3.6563552188551084e-06,0.004441916618151307,5.19,5.322,0.13199999999999967,2.5433526011560628,0.00073333333333333,-1.7361111111109625e-06,0.0016174703271612926,-0.5163944259272308,-0.17051015408033146,-0.19010725819763077,-0.2657670186432699,-0.025857527336454543,-0.05273834522465044,0.25440506785420397,-0.3603643205328225,-0.37631406882100166,0.05696285727515622,0.0234086974925071,0.1403628787140378,0.03277648181262761,0.05994865730875851,0.7949662711809786,10.094154,10.072363,11.22093,1.1485672,2.5710895,2.5174289,2.5855157,0.06808686,5.3191032,5.278615,5.3961215,0.117506504,12.962638888888883,74.07472222222223,3.218944444444447,67.81055555555552,5.556666666666666,30.54166666666668,10.5,LOW,86.2,0.06,0.097,0.092,0.215,predicted value approaching the safety limit (contribution 0.22); significant deviation from lot population (contribution 0.10); high physics-normalised drift rate (contribution 0.09).
IC0315,LOT2026G,110.5,0.46248980799775374,0,9.24,10.087,0.8469999999999995,9.166666666666663,0.004880555555555581,-1.7440025252525893e-05,0.010552785101762253,2.375,2.657,0.28200000000000003,11.873684210526317,0.0017444444444444415,-2.1043771043772097e-06,0.0037718548912388443,5.158,5.252,0.09399999999999942,1.8224117875145291,0.0005486111111111152,-2.8935185185185084e-07,0.0011862123264644562,-0.5352080735056968,-0.6536352189311933,-0.6750900985774587,0.0966425522339177,-0.2031836967372993,-0.24772099589346822,-0.194293680040953,-0.5805563019916097,-0.6038651187890479,0.11327583689156843,0.056456213280669874,0.19480321594028221,0.06022919589767682,0.10457842946895789,0.7404220706484781,10.130367,10.083585,10.93447,0.8508854,2.6559415,2.561566,2.7146714,0.15310526,5.236749,5.208691,5.3225603,0.11386919,11.68027777777779,76.63944444444442,3.247222222222221,67.52777777777779,5.432305555555558,32.09618055555552,9.9,LOW,83.5,0.105,0.102,0.006,0.176,predicted value approaching the safety limit (contribution 0.18); abnormal multi-parameter pattern (ensemble anomaly score) (contribution 0.10); significant deviation from lot population (contribution 0.10).
IC0316,LOT2026H,111.06,0.4769857732357142,0,11.106,12.652,1.5459999999999994,13.92040338555735,0.008806944444444447,-1.930765993265988e-05,0.018463746590807184,1.96,2.177,0.21700000000000008,11.071428571428575,0.001237499999999999,1.0784932659932397e-06,0.0025944170024300873,4.934,5.049,0.11500000000000021,2.330766112687479,0.0007555555555555718,2.367424242424407e-06,0.0015840211552435454,0.07160365439860414,-0.3747727219388883,-0.4404408248813897,0.2194627705098799,-0.33550249125599635,-0.4024882512011544,0.166646009043307,-0.3263993898224283,-0.38886960552958116,0.0,0.022899696319131992,0.11565972012924557,0.03792440739374794,0.035690514030650905,0.8097457076999317,12.847207,12.449249,13.39265,0.9434004,2.193715,2.124137,2.440522,0.31638503,5.080685,5.028786,5.131945,0.10315895,15.509472222222223,68.98105555555556,2.5787499999999994,74.2125,5.311777777777786,33.60277777777767,5.1,LOW,87.0,0.036,0.02,0.084,0.077,high physics-normalised drift rate (contribution 0.08); predicted value approaching the safety limit (contribution 0.08).
IC0317,LOT2026H,110.61,0.4653053401584988,0,10.696,11.742,1.0460000000000012,9.779356768885576,0.00658472222222223,4.458648989899029e-05,0.014151400497529752,1.838,2.082,0.24399999999999977,13.275299238302491,0.001251388888888891,1.920244107744116e-06,0.0026893929230698828,4.984,5.086,0.10200000000000031,2.0465489566613226,0.000554166666666656,4.8926767676770706e-06,0.0011909742245336968,-0.4799707714145728,-0.6346380491305436,-0.6743412180810677,-0.2069932949127277,-0.32442898963759875,-0.3668025257130151,0.42379670881819764,-0.595138319613186,-0.6324670186895538,0.07130774260283587,0.08186998359025767,0.13559198970339797,0.06404219783633519,0.08624343260419973,0.8955262569228065,11.747574,11.705265,12.378702,0.6734371,2.0792985,2.066159,2.250141,0.1839819,5.090354,5.079964,5.198111,0.1181469,13.988361111111114,72.02327777777776,2.4636944444444455,75.36305555555553,5.261083333333328,34.236458333333395,8.3,LOW,93.2,0.086,0.088,0.042,0.112,predicted value approaching the safety limit (contribution 0.11); significant deviation from lot population (contribution 0.09); abnormal multi-parameter pattern (ensemble anomaly score) (contribution 0.09).
IC0318,LOT2026H,111.48,0.4881263559034636,0,11.656,13.378,1.7219999999999995,14.773507206588876,0.009759722222222225,-9.706439393938875e-06,0.019994253750462102,1.956,2.2,0.24400000000000022,12.474437627811872,0.0014583333333333354,-5.813341750841676e-06,0.002987614406999463,4.926,5.025,0.0990000000000002,2.00974421437272,0.0006097222222222261,4.471801346801143e-06,0.0012491073568312104,0.5116509435638433,-0.2633554629054658,-0.35742656334141804,0.322710028454301,-0.15943381552351277,-0.2547504398949873,-0.00015444486473067617,-0.5210034424295192,-0.5964380370588217,0.07152144375192472,0.09086487809967565,0.21760896334815108,0.09363571166416601,0.10985911816233146,0.7291019248549682,13.417449,12.546974,13.587515,1.0405407,2.2085977,2.1496964,2.4362469,0.28655052,5.017524,4.9971538,5.1196413,0.122487545,16.535861111111114,66.92827777777777,2.6851666666666674,73.14833333333333,5.230861111111113,34.61423611111108,9.7,LOW,81.9,0.11,0.096,0.099,0.071,abnormal multi-parameter pattern (ensemble anomaly score) (contribution 0.11); high physics-normalised drift rate (contribution 0.10); significant deviation from lot population (contribution 0.10).
IC0319,LOT2026H,109.99,0.4496364781491935,0,10.503,12.124,1.6210000000000004,15.433685613634204,0.009752777777777782,1.6072180134680062e-05,0.021690361551452507,2.019,2.201,0.18199999999999994,9.01436354631005,0.0012166666666666695,-3.6563552188551435e-06,0.0027058895925765355,4.851,4.95,0.0990000000000002,2.0408163265306163,0.0005805555555555517,2.3148148148149753e-06,0.0012911664950878787,-0.24843073772156862,-0.2641675420529396,-0.2654301713590702,0.3271990396692753,-0.35211274368358586,-0.3606041586372628,-0.5214058633273492,-0.5599242529509444,-0.5703711822418701,0.013024412630186163,0.017801157131108997,0.09717041056115334,0.03728060307912169,0.03492506413399678,0.865295707485951,12.167787,11.649559,12.504097,0.85453796,2.2154825,2.1772132,2.5271702,0.349957,4.958058,4.9397087,5.054161,0.11445236,15.37938888888889,69.24122222222222,2.627333333333335,73.72666666666665,5.141277777777776,35.7340277777778,6.4,LOW,90.4,0.035,0.098,0.116,0.037,high physics-normalised drift rate (contribution 0.12); significant deviation from lot population (contribution 0.10).
IC0320,LOT2026H,110.14,0.4533828664544043,0,11.67,13.27,1.5999999999999996,13.710368466152525,0.008744444444444444,-8.785774410773903e-06,0.019287108295090047,1.864,2.083,0.21900000000000008,11.748927038626613,0.0012027777777777798,-2.1043771043764215e-07,0.0026528964078062277,4.905,4.964,0.05900000000000016,1.2028542303771694,0.0004319444444444482,-1.157407407407165e-06,0.0009527145298241831,0.44618936335744386,-0.38208143426615404,-0.3957819264044003,-0.20250428369775136,-0.3631862453019815,-0.38051552387295884,-0.424105598547659,-0.7582350494171913,-0.7801324518903734,0.08783987176401248,0.04959997641997725,0.2519496261680831,0.07241267014032539,0.10687577379806297,0.6059303942217648,13.319179,12.47149,13.587515,1.116025,2.0964901,2.066159,2.2492833,0.1831243,4.9771576,4.963221,5.076394,0.11317301,16.04222222222222,67.91555555555556,2.46538888888889,75.34611111111109,5.120972222222225,35.98784722222219,8.7,LOW,74.6,0.107,0.079,0.092,0.048,abnormal multi-parameter pattern (ensemble anomaly score) (contribution 0.11); high physics-normalised drift rate (contribution 0.09); significant deviation from lot population (contribution 0.08).
IC0321,LOT2026H,107.21,0.3850888737345131,0,10.932,12.569,1.6370000000000005,14.97438712038054,0.009148611111111121,1.1495159932659927e-05,0.023757142143292175,1.625,1.875,0.25,15.384615384615385,0.0014444444444444446,-1.7361111111111118e-06,0.003750937882044002,4.836,4.997,0.1609999999999996,3.329197684036385,0.0008458333333333241,-2.0780723905721933e-06,0.002196462663619973,0.02129521775850206,-0.33481842788317034,-0.15332859541126484,-1.136218616412512,-0.17050731714190928,0.03205648764616408,-0.19475497442411105,-0.2059302143990352,-0.009298731174064385,0.09345839645953256,0.09123333256458924,0.2383216782433673,0.09958421891020738,0.12268240701541774,0.7049031411815105,12.780269,12.462332,13.324595,0.8622637,1.8676462,1.8676462,2.0710506,0.20340443,4.987253,4.9454055,5.0421543,0.09674883,15.50630555555556,68.98738888888889,2.3472222222222223,76.52777777777777,5.2589166666666625,34.26354166666672,13.4,LOW,81.2,0.123,0.258,0.136,0.03,significant deviation from lot population (contribution 0.26); high physics-normalised drift rate (contribution 0.14); abnormal multi-parameter pattern (ensemble anomaly score) (contribution 0.12).
IC0322,LOT2026H,110.6,0.4650487428395264,0,11.039,13.322,2.2829999999999995,20.681221125101906,0.012909722222222173,7.654671717171734e-05,0.02775993360050198,1.79,2.089,0.29899999999999993,16.703910614525135,0.0018180555555555556,4.682239057239059e-06,0.0039093870987689325,4.844,5.005,0.1609999999999996,3.3236994219653093,0.0009458333333333303,-1.420454545454447e-06,0.0020338369856849766,0.47770790197533947,0.10500363838870029,0.0637816446961383,-0.17557021640790352,0.12736987639291728,0.09159131725104136,-0.13915482312143182,-0.07248743546846152,-0.11008871670278055,0.09916879320034211,0.02309397686235754,0.13375349324361113,0.027610812451960433,0.0725295911953433,0.7888759887786156,13.399943,12.963309,15.051123,2.0878134,2.0911515,2.029751,2.3224905,0.2927394,5.0007014,4.950662,5.0802307,0.12956858,17.493861111111087,65.01227777777783,2.699027777777778,73.00972222222222,5.316916666666666,33.538541666666674,9.2,LOW,82.8,0.073,0.087,0.176,0.05,high physics-normalised drift rate (contribution 0.18); significant deviation from lot population (contribution 0.09); abnormal multi-parameter pattern (ensemble anomaly score) (contribution 0.07).
IC0323,LOT2026H,109.14,0.4289314712447433,0,10.114,11.508,1.3939999999999984,13.782875222463895,0.00802916666666667,4.976851851851879e-05,0.01871899640137462,1.803,2.049,0.246,13.643926788685523,0.0014958333333333364,-2.3674242424242865e-06,0.0034873480581699527,4.977,5.115,0.1379999999999999,2.7727546714888467,0.0007611111111111134,1.288930976430754e-06,0.0017744352236556508,-0.6218041951951053,-0.4657255864559677,-0.4265961496710817,-0.35513066500689594,-0.12953536115384529,-0.06698329036147306,0.6253472572904091,-0.31898590210408206,-0.2708572999489624,0.02303812323720015,0.07611099680707724,0.08916599907958134,0.04160002522475779,0.054969845774773166,0.9048844297771881,11.5235815,10.966577,12.202138,1.2355614,2.0297017,1.9826708,2.2604156,0.27774477,5.1231313,5.090622,5.2007775,0.11015558,14.128583333333335,71.74283333333332,2.550916666666668,74.49083333333333,5.357555555555557,33.03055555555554,8.7,LOW,92.0,0.055,0.125,0.087,0.113,significant deviation from lot population (contribution 0.12); predicted value approaching the safety limit (contribution 0.11); high physics-normalised drift rate (contribution 0.09).
IC0324,LOT2026H,110.05,0.4511316558854168,0,10.071,11.828,1.7569999999999997,17.446132459537285,0.010384722222222219,1.33364898989904e-05,0.023019271839482353,1.719,1.98,0.2609999999999999,15.183246073298424,0.001780555555555554,-5.78703703703823e-07,0.003946864584487945,4.882,4.983,0.10099999999999998,2.0688242523555918,0.0006486111111111076,-3.2091750841749372e-06,0.0014377424032417018,-0.4278439575465151,-0.19026833963281334,-0.1933504652840316,-0.6648724388401575,0.09747142202324946,0.1056728998073882,-0.2920552392038013,-0.4691090284009759,-0.47952831013659664,0.06590974753036045,0.08717568130204212,0.10761764953334613,0.10440529031529813,0.08640543948020274,0.9597314599687775,11.783899,11.226035,12.026521,0.8004856,1.9586179,1.9223713,2.1290715,0.2067002,4.9892488,4.9687104,5.0794635,0.11075306,15.26336111111111,69.47327777777778,2.609277777777777,73.90722222222223,5.206305555555553,34.92118055555559,9.7,LOW,96.6,0.086,0.135,0.129,0.05,significant deviation from lot population (contribution 0.14); high physics-normalised drift rate (contribution 0.13); abnormal multi-parameter pattern (ensemble anomaly score) (contribution 0.09).
IC0325,LOT2026H,107.97,0.4018437362993809,0,10.926,12.236,1.3100000000000005,11.989749222039176,0.00863333333333334,-1.7176978114478412e-05,0.021484304851529027,1.835,2.041,0.20599999999999996,11.226158038147137,0.0012750000000000005,-9.706439393939363e-06,0.0031728751373397103,4.914,5.049,0.13500000000000068,2.747252747252761,0.0008000000000000068,4.208754208753165e-07,0.0019908236155857166,-0.18054465454456206,-0.3950747006257359,-0.2766066266089548,-0.3910427547266944,-0.30560403688632853,-0.1851416009164458,0.166646009043307,-0.26709148807552296,-0.13674697267376326,0.006550186377601065,0.014180466499371176,0.14343080868481298,0.03138076943262299,0.03993998233382777,0.7435139314444523,12.3817215,12.200002,13.16572,0.96571827,2.0494766,2.0349486,2.2518868,0.21693826,5.0487003,5.002187,5.108525,0.106338024,15.24266666666667,69.51466666666666,2.4725,75.275,5.314000000000003,33.57499999999997,6.5,LOW,83.2,0.04,0.065,0.114,0.065,high physics-normalised drift rate (contribution 0.11); significant deviation from lot population (contribution 0.07); predicted value approaching the safety limit (contribution 0.06).
IC0326,LOT2026H,109.1,0.42797874823525356,0,10.278,11.838,1.5599999999999987,15.178050204319893,0.009566666666666675,-2.4042508417508077e-05,0.02235313483698499,1.851,1.976,0.125,6.75310642895732,0.0006680555555555487,2.104377104377423e-07,0.0015609549733724827,4.906,5.02,0.11399999999999988,2.3236852833265367,0.000569444444444446,1.73611111111101e-06,0.001330543740296728,-0.4217827001199968,-0.2859312632052403,-0.22948154183465494,-0.6828284837000567,-0.7895160576101977,-0.7907955402795638,-0.03490453942891059,-0.5747512283876668,-0.5459664755242322,0.07930647037208022,0.034999095380300514,0.1493556743630702,0.10545213689396253,0.08394594865102666,0.8207963498629753,11.903242,11.614725,12.331693,0.7169676,1.9657611,1.9657611,2.1013803,0.13561928,5.013674,4.980995,5.0834413,0.10244608,15.061333333333337,69.87733333333333,2.1850277777777745,78.14972222222225,5.190722222222223,35.11597222222221,9.6,LOW,88.7,0.084,0.14,0.122,0.052,significant deviation from lot population (contribution 0.14); high physics-normalised drift rate (contribution 0.12); abnormal multi-parameter pattern (ensemble anomaly score) (contribution 0.08).
IC0327,LOT2026H,111.0,0.4754131951417325,0,10.924,13.002,2.078000000000001,19.022336140607848,0.01350694444444445,4.324494949494949e-05,0.02841095826214435,1.861,2.132,0.27100000000000013,14.562063406770562,0.0017236111111111128,-1.5782828282827944e-06,0.00362550120342634,4.865,5.033,0.16800000000000015,3.453237410071945,0.0010097222222222163,8.627946127946432e-06,0.0021238834608307265,0.28374766432675036,0.17484244507146418,0.09909303229052029,0.017457265836013876,0.052070065387832314,-0.015074394046160705,0.05544570643794855,0.012767673292729171,-0.054280906754835295,0.07272104666589277,0.02763045992415071,0.11032248631843573,0.035792286223713235,0.06117484450755182,0.8689089788725546,13.250362,12.70501,14.804552,2.0995417,2.1416528,2.0795949,2.339046,0.25945115,5.0435014,4.9795218,5.083779,0.10425711,17.677472222222224,64.64505555555556,2.7228055555555564,72.77194444444444,5.369861111111108,32.87673611111115,7.9,LOW,87.7,0.061,0.037,0.182,0.052,high physics-normalised drift rate (contribution 0.18); abnormal multi-parameter pattern (ensemble anomaly score) (contribution 0.06); predicted value approaching the safety limit (contribution 0.05).
IC0328,LOT2026H,110.08,0.45188093203948526,0,11.349,13.587,2.2379999999999995,19.719799101242398,0.013069444444444443,2.7251683501683153e-05,0.028922318951272848,1.859,2.077,0.21799999999999997,11.726734803657878,0.0013111111111111149,1.0337752525252535e-05,0.0029014526131776464,4.816,4.965,0.14900000000000002,3.093853820598007,0.0008791666666666719,5.155723905724011e-06,0.0019455715086244233,0.6383312237780785,0.12368145878060607,0.1268290867877396,-0.22943835098760124,-0.2768129326784988,-0.28712439427393205,-0.41715557963482797,-0.16144928808882747,-0.1647927232814609,0.08469303853268458,0.03295266418788654,0.20312845083183576,0.018005842459927795,0.08285492927816188,0.6464271536088909,13.607295,12.945645,14.829516,1.8838711,2.1047707,2.0603116,2.2849424,0.22463083,4.9589286,4.942531,5.057461,0.114929676,17.88372222222222,64.23255555555556,2.5145555555555577,74.85444444444443,5.255583333333336,34.305208333333304,10.4,LOW,75.0,0.083,0.129,0.187,0.038,high physics-normalised drift rate (contribution 0.19); significant deviation from lot population (contribution 0.13); abnormal multi-parameter pattern (ensemble anomaly score) (contribution 0.08).
IC0329,LOT2026H,110.24,0.45589613988394745,0,8.971,10.923,1.952,21.759001226173226,0.011245833333333297,1.070601851851886e-05,0.024667533566298736,1.758,2.128,0.3700000000000001,21.04664391353812,0.002002777777777781,-4.866372053872057e-06,0.004393057107892176,4.923,5.045,0.12199999999999989,2.478163721308143,0.0007333333333333446,-1.999158249157981e-06,0.0016085535041380726,-0.9763877546464335,-0.08957052534605055,-0.10394923039721717,-0.0004987790238853702,0.27464744791757373,0.273322803043934,0.1388459333919643,-0.35605334069589384,-0.3736652717400971,0.11730153508128062,0.19720692951149255,0.11276812225078339,0.10143861978325448,0.13798703354954084,0.8402667273208149,10.954415,10.604838,13.419924,2.8150854,2.1235669,2.1038485,2.4657612,0.36191273,5.0351825,5.0051126,5.1775436,0.17243099,14.593916666666647,70.81216666666671,2.7593888888888904,72.40611111111109,5.2896666666666725,33.87916666666659,14.8,LOW,83.7,0.138,0.216,0.145,0.101,significant deviation from lot population (contribution 0.22); high physics-normalised drift rate (contribution 0.14); abnormal multi-parameter pattern (ensemble anomaly score) (contribution 0.14).
IC0330,LOT2026H,110.53,0.46325614635867607,0,10.968,12.926,1.9580000000000002,17.851932895696574,0.011343055555555565,4.997895622894731e-07,0.02448549392105249,1.801,2.073,0.272,15.10272071071627,0.001638888888888886,-4.73484848484968e-07,0.003537759621261401,4.994,5.17,0.17600000000000016,3.524229074889871,0.001072222222222234,-4.89267676767664e-06,0.0023145342606896917,0.2376821078852099,-0.0782014172814103,-0.11382300761268793,-0.24739439584750048,-0.015478294484381186,-0.048041929332373896,1.0075982974963265,0.09616941012435604,0.06387811710180334,0.07241528812499694,0.05537251733891439,0.14262322342270617,0.04011417535561096,0.07649887703330611,0.8333559175451235,13.012949,12.557773,14.721975,2.1642027,2.0814047,2.0138533,2.2559507,0.24209738,5.1818247,5.0991707,5.2540045,0.1548338,16.639527777777783,66.72094444444443,2.620444444444443,73.79555555555557,5.5301111111111165,30.873611111111043,13.2,LOW,85.3,0.076,0.224,0.143,0.141,significant deviation from lot population (contribution 0.22); high physics-normalised drift rate (contribution 0.14); predicted value approaching the safety limit (contribution 0.14).
IC0331,LOT2026H,108.26,0.408409228009354,0,9.485,11.254,1.7690000000000001,18.650500790722198,0.010348611111111121,-4.8321759259259875e-05,0.025338827826079637,1.829,2.145,0.31600000000000006,17.27720065609623,0.0019638888888888935,4.629629629629725e-06,0.00480863005584172,4.84,4.974,0.13400000000000034,2.7685950413223215,0.0007819444444444471,3.682659932660245e-07,0.0019146101283160474,-0.7757601338286734,-0.1944911511996762,-0.06753842571708871,0.07581441163068592,0.24364164338606886,0.42946787687868415,-0.3546054094193115,-0.2911853231602139,-0.18398155688298862,0.12017730682974367,0.1325322212397492,0.09567807267585414,0.15445148412955076,0.12412506091693849,0.9337082655882729,11.235176,11.010168,11.869792,0.8596239,2.1430304,2.1368742,2.5144446,0.3775704,4.9745746,4.944088,5.111392,0.16730404,14.659305555555559,70.68138888888888,2.8109444444444467,71.89055555555554,5.230972222222223,34.61284722222221,12.6,LOW,94.3,0.124,0.164,0.152,0.066,significant deviation from lot population (contribution 0.16); high physics-normalised drift rate (contribution 0.15); abnormal multi-parameter pattern (ensemble anomaly score) (contribution 0.12).
IC0332,LOT2026H,112.29,0.5102793692398083,0,11.143,12.995,1.8519999999999985,16.620299739746912,0.011734722222222235,2.6015361952862543e-05,0.02299666208278047,1.8,2.137,0.33699999999999997,18.72222222222222,0.0018791666666666644,3.0776515151516004e-06,0.003682623245117991,4.765,4.95,0.1850000000000005,3.882476390346286,0.0010555555555555609,1.5519781144783067e-06,0.002068583641012336,0.2795047841281866,-0.032400153363880524,-0.19457681188709375,0.03990232191088743,0.17609328351385362,0.006388324981973441,-0.5214058633273492,0.07392894696925326,-0.08855389555961726,0.07068853596968866,0.02827252193655449,0.13361521915831723,0.03844270564179313,0.06571219384828979,0.8227609845734369,13.085102,12.681711,15.051123,2.3694115,2.1365335,2.1003718,2.3709366,0.2705648,4.957292,4.912084,5.018281,0.10619688,17.010361111111116,65.97927777777777,2.739583333333332,72.60416666666669,5.29277777777778,33.84027777777775,7.5,LOW,84.2,0.066,0.098,0.129,0.018,high physics-normalised drift rate (contribution 0.13); significant deviation from lot population (contribution 0.10); abnormal multi-parameter pattern (ensemble anomaly score) (contribution 0.07).
IC0333,LOT2026H,109.76,0.4439464478870634,0,10.431,11.792,1.3610000000000007,13.04764643850063,0.00828472222222224,-9.732744107744808e-06,0.018661535105535546,2.031,2.193,0.16199999999999992,7.976366322008858,0.0011166666666666619,-9.180345117845113e-06,0.0025153183947779515,4.838,4.956,0.11800000000000033,2.439024390243909,0.0006111111111111198,1.3678451178451554e-06,0.001376542405102387,-0.44966448428198125,-0.4358410738289256,-0.4297128335827637,0.29128694994947685,-0.43184195533603625,-0.43220832319575453,-0.47970574985033826,-0.5191500704999217,-0.5174580331984403,0.005359042781625932,0.025105602496474786,0.11672436673788673,0.05368403605582501,0.040804824478462606,0.8174974502573605,11.854925,11.442948,12.35001,0.9070616,2.2302196,2.196357,2.5271702,0.33081317,4.949068,4.9434547,5.0359573,0.092502594,14.573361111111119,70.85327777777776,2.589333333333331,74.1066666666667,5.14355555555556,35.7055555555555,5.6,LOW,87.5,0.041,0.088,0.086,0.027,significant deviation from lot population (contribution 0.09); high physics-normalised drift rate (contribution 0.09).
IC0334,LOT2026H,108.08,0.4043227515552946,0,10.828,12.835,2.0070000000000014,18.53527890653862,0.011838888888888921,2.1675084175084232e-05,0.029280788289426377,1.967,2.205,0.238,12.099644128113878,0.0014013888888888882,-5.787037037036716e-07,0.00346601541342458,4.862,4.943,0.08099999999999952,1.6659810777457738,0.00047222222222221785,1.9728535353533706e-06,0.001167933836039987,0.18252466530389252,-0.02021896615176934,0.14627235904152452,0.3451550845291746,-0.20483517215893457,-0.07499869994309277,-0.5700559957171973,-0.7044872634590577,-0.6467466850518686,0.10197360167576702,0.05844584715242674,0.15566496138894004,0.28269320462925746,0.1267614877044231,0.582594676875966,12.953507,12.61785,14.636306,2.0184555,2.232701,2.1436431,2.4743028,0.33065963,4.949585,4.9382534,5.054161,0.11590767,16.74744444444446,66.50511111111108,2.667694444444444,73.32305555555556,5.098111111111109,36.27361111111114,11.8,LOW,70.5,0.127,0.111,0.19,0.037,high physics-normalised drift rate (contribution 0.19); abnormal multi-parameter pattern (ensemble anomaly score) (contribution 0.13); significant deviation from lot population (contribution 0.11).
IC0335,LOT2026H,112.02,0.5027959459129447,0,10.223,12.135,1.911999999999999,18.702924777462574,0.010879166666666646,4.00357744107745e-05,0.021637339670495852,1.521,1.875,0.3540000000000001,23.274161735700204,0.0017986111111111093,1.6045875420874794e-06,0.003577218801645877,4.847,5.044,0.19699999999999918,4.064369713224657,0.0012541666666666695,-3.3406986531986654e-06,0.0024943850022287545,-0.2417633545523988,-0.13244830433267188,-0.26830606270352453,-1.136218616412512,0.11186697412716276,-0.0332157558170064,0.13189591447912707,0.33896113290078944,0.17534362406987686,0.17563126895669626,0.21386169293520924,0.20693573580706634,0.21334092180200073,0.1990177374471198,0.9645474213514319,12.019888,11.645819,13.873625,2.227806,1.8872327,1.8732738,2.0755723,0.2022984,5.057339,4.9886165,5.1228523,0.13423586,15.662583333333323,68.67483333333335,2.4203055555555544,75.79694444444446,5.474083333333335,31.57395833333331,16.9,LOW,93.2,0.199,0.258,0.115,0.072,significant deviation from lot population (contribution 0.26); abnormal multi-parameter pattern (ensemble anomaly score) (contribution 0.20); high physics-normalised drift rate (contribution 0.12).
IC0336,LOT2026H,112.83,0.5255494257021978,0,11.103,13.13,2.027000000000001,18.25632711879673,0.011593055555555553,-3.409090909090913e-05,0.022058925361902595,1.812,1.991,0.17900000000000005,9.878587196467993,0.0009527777777777717,2.1569865319865094e-06,0.001812917551008157,4.817,4.968,0.1509999999999998,3.1347311604733195,0.0009666666666666674,-3.367003367003545e-06,0.001839344920556394,0.36133175938618645,-0.04896656797235041,-0.24543937787479103,-0.615493315475434,-0.5625092744330987,-0.6961245192647574,-0.3963055228963225,-0.0446868565245887,-0.23062842899591224,0.09633859056933843,0.042005166498717,0.1907755649890075,0.17330161739288683,0.11047041225561807,0.7177802790752095,13.169883,12.742286,14.804552,2.0622663,2.0033677,1.928851,2.1286633,0.1998123,4.979024,4.939709,5.0379906,0.09828138,16.899527777777777,66.20094444444445,2.288388888888886,77.11611111111114,5.300333333333334,33.74583333333333,9.8,LOW,78.9,0.11,0.123,0.119,0.028,significant deviation from lot population (contribution 0.12); high physics-normalised drift rate (contribution 0.12); abnormal multi-parameter pattern (ensemble anomaly score) (contribution 0.11).
IC0337,LOT2026H,111.11,0.47829985104485007,0,8.771,10.551,1.7799999999999994,20.294151180025075,0.010055555555555568,-1.825547138047087e-05,0.021023538965335493,1.834,2.06,0.22599999999999998,12.322791712104687,0.0014138888888888855,1.4414983164983241e-05,0.0029560721915347313,4.974,5.158,0.18400000000000016,3.6992360273421823,0.0009791666666666633,5.576599326599234e-06,0.002047181625768157,-1.2018665309129193,-0.22876089122307555,-0.30159843376508144,-0.30575154164217255,-0.19486902070238118,-0.26660193693528583,0.9241980705423107,-0.028006509158273483,-0.10181815268147465,0.10033800441735584,0.2607815836480437,0.17411758289346832,0.16012352004861383,0.1721948212264734,0.7322725330949443,10.487206,10.392281,11.281222,0.88894176,2.05332,2.0514283,2.3027046,0.25127625,5.149786,5.0985374,5.233531,0.13499355,13.798777777777785,72.40244444444443,2.5409444444444427,74.59055555555557,5.4635833333333315,31.705208333333356,17.2,LOW,82.6,0.172,0.275,0.109,0.13,significant deviation from lot population (contribution 0.28); abnormal multi-parameter pattern (ensemble anomaly score) (contribution 0.17); predicted value approaching the safety limit (contribution 0.13).
IC0338,LOT2026H,109.39,0.43492964601737477,1,10.863,17.934,7.0710000000000015,65.09251587959129,0.04242777777777778,0.0002532880892255888,0.09755089855632158,1.83,2.727,0.8969999999999998,49.016393442622935,0.005408333333333331,3.516940235690237e-05,0.012434961338821398,4.802,5.418,0.6160000000000005,12.82798833819243,0.003680555555555555,1.749263468013483e-05,0.008462415908545637,3.2731598270856446,3.55682726264137,3.849223209880121,2.688418938746023,2.9898700447480335,3.2949432817255535,2.7312029878793824,3.5768018938965858,3.8741306564784006,0.6071252815317819,0.3826862059926446,0.3059661570642411,0.6103198729669832,0.4800409226918127,0.2990599801480782,17.990917,16.92057,18.095839,1.1752682,2.7307565,2.7017817,2.8514922,0.14971042,5.4164057,5.301541,5.5461507,0.24460983,32.07688888888889,35.846222222222224,4.534166666666666,54.658333333333346,6.642277777777777,16.971527777777784,58.5,MEDIUM,55.8,0.48,0.811,0.862,0.293,high physics-normalised drift rate (contribution 0.86); significant deviation from lot population (contribution 0.81); abnormal multi-parameter pattern (ensemble anomaly score) (contribution 0.48).
IC0339,LOT2026H,108.27,0.4086373479328131,0,10.285,11.673,1.388,13.495381623723867,0.008063888888888903,-1.820286195286184e-05,0.019733607145019802,1.819,2.08,0.2610000000000001,14.348543155579996,0.0015486111111111115,-2.0517676767676715e-06,0.003789695481690845,4.843,4.982,0.13900000000000023,2.870121825314892,0.0007361111111111152,-2.3937289562286918e-06,0.0018013799150638193,-0.5217934476575505,-0.46166519071859685,-0.3715639591302567,-0.2159713173426763,-0.08745605500394628,0.046619053107592415,-0.2990052581166323,-0.35234659683672104,-0.2541578765147951,0.024373915231443728,0.03144757299217971,0.08388063471084226,0.0395153678306127,0.04066857434541958,0.9228556466749814,11.681962,11.42821,12.281779,0.85356903,2.0729215,2.0288768,2.3560946,0.32721782,4.976192,4.944088,5.0434813,0.09939337,14.316944444444452,71.3661111111111,2.5933055555555558,74.06694444444443,5.211055555555558,34.86180555555553,6.1,LOW,94.0,0.041,0.098,0.097,0.031,significant deviation from lot population (contribution 0.10); high physics-normalised drift rate (contribution 0.10).
IC0340,LOT2026H,107.5,0.3914059813797046,0,10.064,10.898,0.8339999999999996,8.286963434022255,0.0053583333333333495,-2.078072390572415e-05,0.013689962821838451,1.892,2.07,0.17799999999999994,9.408033826638475,0.0010083333333333337,6.313131313132095e-07,0.002576182739412828,4.639,4.748,0.10899999999999999,2.349644319896529,0.0006277777777777818,2.7356902356904176e-06,0.0016039044052542771,-0.9915408982127297,-0.7780512265744376,-0.6993694629034383,-0.2608614294924254,-0.5182152679595134,-0.4093394920222915,-1.925309683719998,-0.49690960734483364,-0.3765466285785086,0.15548468562193773,0.12703915263171062,0.30601267076345845,0.12511589356095942,0.172501303944027,0.6356706632242721,10.99135,10.904815,11.949195,1.0443802,2.0951824,2.0594373,2.2967043,0.23726702,4.748705,4.741065,4.9838576,0.2427926,12.743166666666674,74.51366666666665,2.396166666666667,76.03833333333333,4.952888888888891,38.08888888888886,16.9,LOW,76.1,0.173,0.462,0.037,0.0,significant deviation from lot population (contribution 0.46); abnormal multi-parameter pattern (ensemble anomaly score) (contribution 0.17).
IC0341,LOT2026H,109.18,0.4298861150929771,0,9.982,11.128,1.1460000000000008,11.480665197355249,0.00703888888888891,-3.2538930976430474e-05,0.016373845634364156,1.805,1.932,0.127,7.03601108033241,0.0009013888888888897,-1.0837542087541996e-05,0.002096808566831554,4.956,5.078,0.12199999999999989,2.4616626311541543,0.000719444444444454,4.734848484850457e-07,0.0016735698576560221,-0.8521319774028053,-0.5815280728857474,-0.553796442655772,-0.8803449771589483,-0.6034812304211549,-0.5894568840265066,0.36819655751551844,-0.374587059991808,-0.3333702985635773,0.06054833675764115,0.09372624975170864,0.18521898646372711,0.044450122958944606,0.0930211085272741,0.7481201663037805,11.234535,10.935737,11.949195,1.0134583,1.922552,1.9210223,2.0909617,0.1699394,5.090282,5.030852,5.1700954,0.1392436,13.501444444444454,72.9971111111111,2.255694444444445,77.44305555555555,5.315722222222227,33.553472222222155,10.8,LOW,83.4,0.093,0.191,0.064,0.097,significant deviation from lot population (contribution 0.19); predicted value approaching the safety limit (contribution 0.10); abnormal multi-parameter pattern (ensemble anomaly score) (contribution 0.09).
IC0342,LOT2026H,110.6,0.4650487428395264,0,9.486,10.831,1.3449999999999989,14.178789795488075,0.008273611111111084,-1.633522727272733e-05,0.017790847171402946,1.795,2.027,0.2320000000000002,12.924791086350988,0.0013138888888888907,6.102693602693702e-06,0.002825271348690157,4.918,5.069,0.1509999999999998,3.070353802358678,0.0009291666666666557,8.86468855218851e-06,0.001997998448492273,-1.0321513229704034,-0.43714040046488917,-0.47693869295089497,-0.4538889117363408,-0.2745982323548214,-0.31574831993347213,0.305646387300002,-0.09472789862356633,-0.13230024990522354,0.055842305536383134,0.16418406809178637,0.11466390569451365,0.08077443788060014,0.10384897418626277,0.8256614998617913,10.912222,10.60519,11.64666,1.0414696,1.9969178,1.9826708,2.1519744,0.16930366,5.064992,5.0125303,5.1105113,0.097980976,13.622805555555543,72.75438888888891,2.4519444444444454,75.48055555555555,5.382583333333328,32.7177083333334,11.6,LOW,88.1,0.104,0.231,0.078,0.066,significant deviation from lot population (contribution 0.23); abnormal multi-parameter pattern (ensemble anomaly score) (contribution 0.10); high physics-normalised drift rate (contribution 0.08).
IC0343,LOT2026H,109.37,0.43444701094652255,0,10.155,12.02,1.8650000000000002,18.365337272279668,0.011183333333333335,1.4046717171717653e-05,0.02574153591014101,1.861,2.129,0.268,14.400859752821066,0.0015402777777777815,-6.5761784511783924e-06,0.003545375474956091,4.883,5.01,0.12699999999999978,2.60086012697112,0.0008083333333333313,-3.4722222222220886e-06,0.0018606028191383542,-0.311467814957361,-0.09687923767331141,-0.045695656799843436,0.003990232191088942,-0.09410015597498067,-0.04518039071842063,-0.10440472855725809,-0.25597125649798763,-0.21745349058733512,0.010410942878430035,0.02824351954445293,0.05752917274189277,0.007967853807549673,0.024817898490297398,0.9417950748736288,12.0822525,11.455589,13.892569,2.4369793,2.1395502,2.0795949,2.4131181,0.33352327,5.0360913,4.9708652,5.08213,0.111264706,15.746666666666666,68.50666666666666,2.6311388888888905,73.68861111111109,5.287166666666666,33.91041666666668,6.0,LOW,91.0,0.025,0.044,0.156,0.051,high physics-normalised drift rate (contribution 0.16); predicted value approaching the safety limit (contribution 0.05).
IC0344,LOT2026H,110.31,0.4576629311158039,0,10.526,11.841,1.3149999999999995,12.492874786243583,0.008602777777777779,-1.617739898989965e-05,0.01879719154182708,2.029,2.345,0.3160000000000003,15.57417447018237,0.0018236111111111124,-6.050084175084745e-07,0.0039846161598997365,4.871,4.999,0.12799999999999923,2.6277971669061633,0.000659722222222232,2.5252525252524915e-06,0.001441502418851791,-0.4199643228920412,-0.3986478488746219,-0.42235486808038397,0.9736166546256482,0.1317992770402763,0.11985746730423134,-0.1808549365984428,-0.4542820529642287,-0.47719797753635307,0.04911057679843539,0.0900183361669492,0.11358012036322843,0.09207910933332882,0.08072209320218214,0.9221444260501658,11.937359,11.4679165,12.35001,0.8820934,2.3264084,2.254113,2.599838,0.34572506,4.988216,4.963806,5.0597105,0.09590435,14.827388888888889,70.34522222222222,2.940805555555556,70.59194444444444,5.2008611111111165,34.98923611111104,10.1,LOW,93.8,0.081,0.215,0.087,0.039,significant deviation from lot population (contribution 0.21); high physics-normalised drift rate (contribution 0.09); abnormal multi-parameter pattern (ensemble anomaly score) (contribution 0.08).
IC0345,LOT2026H,113.25,0.5377107233969182,0,9.998,11.829,1.8310000000000013,18.313662732546522,0.011325000000000012,-3.3249158249158555e-05,0.021061510412988947,1.84,2.137,0.29699999999999993,16.141304347826082,0.0017138888888888943,6.392045454545556e-06,0.0031873808988997325,4.807,4.946,0.13899999999999935,2.891616392760544,0.0008541666666666552,-2.630471380469649e-07,0.001588524516064265,-0.42723783180386254,-0.08031282306484214,-0.29953887352933195,0.03990232191088743,0.04431861425495877,-0.1796912865468638,-0.5492059389786919,-0.19480998282149103,-0.38607857229476605,0.03083475653753519,0.043571095273753115,0.041549132337359684,0.0605172184216871,0.04125090260098825,0.9929243820984437,11.882991,11.12391,13.6811695,2.5572596,2.169016,2.1334374,2.4512594,0.31782198,4.9500313,4.9297533,5.076005,0.14625168,15.660500000000006,68.67899999999999,2.6969444444444473,73.03055555555552,5.234083333333328,34.5739583333334,6.9,LOW,93.7,0.041,0.106,0.11,0.048,high physics-normalised drift rate (contribution 0.11); significant deviation from lot population (contribution 0.11).
IC0346,LOT2026H,109.65,0.44124825210557894,0,10.259,11.908,1.6489999999999991,16.07369139292328,0.00962916666666667,-1.6335227272726546e-05,0.021822560476370264,1.786,1.945,0.15900000000000003,8.902575587905936,0.0009138888888888885,1.138994107744106e-05,0.0020711444963870795,4.754,4.967,0.21300000000000008,4.480437526293649,0.0012069444444444454,-3.3670033670034874e-06,0.002735295695076557,-0.37935389813436754,-0.2786225508779756,-0.25825974026425574,-0.8219878313642753,-0.5935150789646004,-0.5990997594692538,-0.4032555418091597,0.2759464872946866,0.3246520577327859,0.14377108238966935,0.14094116972041662,0.21521630685193394,0.13159865551996033,0.15538528945089009,0.8658215224730861,11.94154,11.614725,12.331693,0.7169676,1.9478632,1.9370898,2.0909617,0.1538719,4.961548,4.9358244,5.088329,0.15250444,15.073583333333335,69.85283333333334,2.2429444444444444,77.57055555555556,5.357472222222222,33.03159722222222,13.2,LOW,91.2,0.155,0.176,0.117,0.054,significant deviation from lot population (contribution 0.18); abnormal multi-parameter pattern (ensemble anomaly score) (contribution 0.15); high physics-normalised drift rate (contribution 0.12).
IC0347,LOT2026H,111.83,0.4975895356213581,1,10.47,18.65,8.179999999999998,78.12798471824257,0.048720833333333345,0.00017032302188552231,0.09791370164666721,1.86,3.141,1.281,68.87096774193547,0.007652777777777771,2.861952861952865e-05,0.015379699993532761,4.902,5.625,0.7229999999999999,14.749082007343938,0.004179166666666666,1.2152777777777687e-05,0.008398823462892942,3.7071458588243633,4.292733386082242,3.868901543587657,4.546869581745594,4.77934790628067,4.40138304623057,4.169856902836205,4.242162416619822,3.8347181740312393,0.7263918105575458,0.800960519188849,0.46972669299971204,0.728508507508605,0.6977469041780289,0.3499375665781924,18.63912,16.99731,19.50029,2.5029793,3.1380384,2.8969793,3.2590482,0.3620689,5.626489,5.4270673,5.6820664,0.25499916,34.83041666666667,30.339166666666657,5.686388888888886,43.13611111111114,6.991583333333333,12.60520833333334,72.5,HIGH,54.8,0.698,1.0,0.865,0.363,significant deviation from lot population (contribution 1.00); high physics-normalised drift rate (contribution 0.86); abnormal multi-parameter pattern (ensemble anomaly score) (contribution 0.70).
IC0348,LOT2026H,109.73,0.44320909822028426,1,9.861,14.734,4.872999999999999,49.41689483825169,0.02821249999999998,0.00010411405723905689,0.06365505607463359,1.722,2.316,0.5939999999999999,34.49477351916376,0.003598611111111111,2.3805765993266e-05,0.008119443227951348,4.854,5.255,0.4009999999999998,8.261227853316848,0.0024652777777777897,8.864688552188541e-06,0.005562335673336053,1.3335574505997434,1.8945012477622438,2.0107226088591093,0.8434353293913771,1.5469927838711617,1.6734544495438706,1.5983499050872925,1.9551014555043156,2.0767573962991217,0.5525760045156186,0.30031476521520806,0.34316913839421354,0.2226441095513968,0.3855264752565811,0.3705263886038799,14.442515,14.098197,15.786474,1.6882772,2.3125658,2.2788737,2.9047658,0.62589216,5.2809486,5.2063565,5.3176217,0.11126518,23.967249999999993,52.06550000000001,3.5213055555555552,64.78694444444444,6.086638888888895,23.917013888888818,37.0,MEDIUM,57.9,0.386,0.377,0.529,0.174,high physics-normalised drift rate (contribution 0.53); abnormal multi-parameter pattern (ensemble anomaly score) (contribution 0.39); significant deviation from lot population (contribution 0.38).
IC0349,LOT2026H,110.58,0.4645359325668315,0,10.443,12.104,1.6609999999999996,15.905391171119406,0.008644444444444442,5.176767676767636e-05,0.01860877456062194,1.782,1.98,0.19799999999999995,11.111111111111107,0.0011874999999999967,1.052188552189666e-07,0.002556314628748669,4.849,4.972,0.12300000000000022,2.5366054856671525,0.0006805555555555714,4.761153198653303e-06,0.001465022418815065,-0.2605532525746063,-0.3937753739897787,-0.4325745501365347,-0.6648724388401575,-0.3753670970822203,-0.41680462569357357,-0.3685054472449798,-0.42648147402035286,-0.46262106393921903,0.020931284867155606,0.026170074846924764,0.11850771683540398,0.022929311293695367,0.042317912218716995,0.8220513867523374,12.044196,11.457551,12.504097,1.046546,1.9653319,1.9362156,2.1099296,0.17371392,4.9630976,4.9434547,5.0518146,0.10835981,14.76522222222222,70.46955555555556,2.3757499999999983,76.2425,5.189277777777786,35.134027777777675,6.8,LOW,87.8,0.042,0.135,0.086,0.035,significant deviation from lot population (contribution 0.14); high physics-normalised drift rate (contribution 0.09).
IC0350,LOT2026H,107.21,0.3850888737345131,0,10.52,12.423,1.9030000000000005,18.089353612167304,0.01112361111111111,1.0258838383836176e-06,0.028885828362779233,1.798,1.984,0.18599999999999994,10.344827586206893,0.0010583333333333317,3.919402356902362e-06,0.002748283332805312,4.782,4.901,0.11899999999999977,2.488498536177327,0.000690277777777774,-2.0517676767677715e-06,0.0017925155070921716,-0.06719914066866763,-0.10386311834158748,0.12484984792051375,-0.6469163939802581,-0.4783506621332929,-0.34467536988714126,-0.8619567900562618,-0.41350787051324067,-0.25965174170587596,0.08142760333865445,0.048142102677125084,0.18493617293539502,0.22752552304417717,0.11405835501537215,0.6434004192556009,12.488264,12.38323,14.3843565,2.0011263,1.980012,1.9370898,2.1140313,0.17694151,4.917357,4.902417,5.0122,0.109782696,16.081805555555555,67.83638888888889,2.327166666666666,76.72833333333334,5.127138888888887,35.91076388888891,12.3,LOW,74.6,0.114,0.187,0.187,0.015,significant deviation from lot population (contribution 0.19); high physics-normalised drift rate (contribution 0.19); abnormal multi-parameter pattern (ensemble anomaly score) (contribution 0.11).
IC0351,LOT2026H,108.46,0.4129936207929477,0,10.332,11.354,1.0219999999999985,9.891598915989144,0.005766666666666657,-1.3704755892256216e-05,0.01396308895908527,1.9,1.949,0.049000000000000155,2.5789473684210606,0.0003611111111111111,6.444654882154916e-06,0.0008743745494610251,4.749,4.887,0.1379999999999999,2.9058749210360055,0.0008388888888888943,2.025462962962802e-06,0.002031239337978702,-0.7151475595634892,-0.7303009727029739,-0.6845551809526621,-0.8040317865043761,-1.0342404433767227,-1.0487674595637921,-0.959257054835952,-0.21519707404697153,-0.11169865234178068,0.22036999854863043,0.07325465308343977,0.2906412205734247,0.24920896822885877,0.19461548476606635,0.5951252757950537,11.392378,11.346426,12.281779,0.9353533,1.9583908,1.9505621,2.1192675,0.16870534,4.8919497,4.8854737,5.0021863,0.11671257,13.21533333333333,73.56933333333333,2.0805555555555553,79.19444444444444,5.168444444444447,35.39444444444442,13.0,LOW,74.5,0.195,0.212,0.04,0.01,significant deviation from lot population (contribution 0.21); abnormal multi-parameter pattern (ensemble anomaly score) (contribution 0.20).
IC0352,LOT2026H,111.3,0.4833232938944334,0,10.918,12.386,1.468,13.445686023081151,0.008940277777777776,5.944865319865053e-06,0.01849751065325334,1.886,2.088,0.20200000000000018,10.71049840933193,0.0010875000000000023,3.314393939393856e-06,0.002250046736289793,4.871,4.96,0.08899999999999952,1.827140217614443,0.0005777777777777822,-2.314814814814794e-06,0.0011954271293698072,-0.08962579314678634,-0.3591808023073894,-0.43860947199102557,-0.18005922762287782,-0.45509630873466017,-0.531880024410361,-0.45190567419900174,-0.5636309968101157,-0.6297072563956083,0.033076138951281676,0.0016802738888979391,0.13036619196090832,0.008717525818652365,0.03946159806459748,0.7647876465827037,12.425753,12.156622,13.190481,1.0338593,2.1334984,2.0726612,2.248676,0.1760149,4.9748273,4.959427,5.056641,0.09721422,15.388138888888887,69.22372222222222,2.429750000000001,75.70249999999999,5.159888888888892,35.501388888888854,5.6,LOW,84.4,0.039,0.08,0.084,0.038,high physics-normalised drift rate (contribution 0.08); significant deviation from lot population (contribution 0.08).
IC0353,LOT2026H,109.66,0.44149292740233803,0,9.504,11.454,1.950000000000001,20.51767676767678,0.011141666666666682,-4.371843434343506e-05,0.02523634236276936,2.055,2.261,0.20599999999999996,10.024330900243307,0.0012638888888888893,6.970749158249237e-06,0.002862761350052368,4.719,4.886,0.16699999999999982,3.538885357067171,0.0010680555555555573,-7.3390151515149985e-06,0.0024191906353739274,-0.654534985298304,-0.1017517125581534,-0.07309720732854003,0.5965397125677641,-0.31446283818104465,-0.3016620348187874,-0.966207073748783,0.0906092943355692,0.1287406567932801,0.12524506886150683,0.16111251235261323,0.17074620576136165,0.15924167464321642,0.15020502015606615,0.956196192487372,11.418696,11.036717,13.328721,2.2920036,2.2734566,2.2308505,2.5717068,0.3408563,4.894553,4.873431,4.9981265,0.1246953,15.074833333333341,69.85033333333331,2.686944444444445,73.13055555555556,5.253027777777779,34.33715277777776,13.4,LOW,92.2,0.15,0.214,0.151,0.007,significant deviation from lot population (contribution 0.21); high physics-normalised drift rate (contribution 0.15); abnormal multi-parameter pattern (ensemble anomaly score) (contribution 0.15).
IC0354,LOT2026H,109.38,0.4346882678066033,0,10.165,12.236,2.0710000000000015,20.37383177570095,0.0116888888888889,3.9877946127946e-05,0.02689027920599272,1.918,2.225,0.30700000000000016,16.00625651720543,0.0018097222222222221,1.0521885521885593e-06,0.0041632644730761025,4.774,4.957,0.18299999999999983,3.833263510682862,0.0010916666666666663,-7.628367003364643e-07,0.0025113782623467505,-0.18054465454456206,-0.03775987573720865,0.016611844215456584,0.4349353088286708,0.12072577542188012,0.18698179334376952,-0.4727557309375072,0.12211661713861656,0.1858754814193856,0.08035607852688036,0.03705311613975254,0.07685511771503672,0.016663410460874845,0.05711109743847245,0.9022074746456437,12.306748,11.797003,14.2843,2.487297,2.2369895,2.1741004,2.6436596,0.4695592,4.954622,4.912084,5.0844173,0.17233324,16.009444444444448,67.9811111111111,2.822861111111111,71.7713888888889,5.319833333333333,33.50208333333333,8.4,LOW,88.0,0.057,0.086,0.167,0.052,high physics-normalised drift rate (contribution 0.17); significant deviation from lot population (contribution 0.09); abnormal multi-parameter pattern (ensemble anomaly score) (contribution 0.06).
IC0355,LOT2026H,109.48,0.43710751967174943,1,11.901,16.677,4.776,40.13108142172926,0.02856805555555555,0.0002122790404040409,0.06535704436521485,1.872,2.51,0.6379999999999997,34.08119658119656,0.00382361111111111,2.854061447811453e-05,0.008747529930353272,4.851,5.261,0.41000000000000014,8.45186559472274,0.002366666666666667,1.2941919191919352e-05,0.005414381039346888,2.511259768572276,1.9360797001129106,2.1030379568801782,1.7143035050964894,1.7263835100891605,1.9094482624353692,1.6400500185643034,1.823512048503326,1.985060035783674,0.5867739422141455,0.06979363578455344,0.40821920469129,0.2661069397350373,0.34786885240883053,0.0,16.764547,16.350187,16.764547,0.41436005,2.5736094,2.4749546,2.7711627,0.29620814,5.2706037,5.2107563,5.3000636,0.08930731,26.185027777777776,47.62994444444445,3.7838055555555554,62.16194444444445,6.0343333333333335,24.57083333333333,40.4,MEDIUM,39.9,0.348,0.614,0.545,0.165,significant deviation from lot population (contribution 0.61); high physics-normalised drift rate (contribution 0.55); abnormal multi-parameter pattern (ensemble anomaly score) (contribution 0.35).
IC0356,LOT2026H,109.37,0.43444701094652255,0,11.028,12.498,1.4699999999999989,13.329706202393895,0.008640277777777787,3.180239898989913e-05,0.01988798992759406,1.7,1.938,0.238,13.999999999999998,0.001099999999999995,1.9202441077441386e-06,0.002531954351817137,4.79,4.905,0.11500000000000021,2.400835073068898,0.0006708333333333258,-3.4985269360266433e-06,0.0015441085251611981,-0.021739709969779763,-0.39426262147826174,-0.3631902820722693,-0.8534109098690995,-0.4451301572781104,-0.42595762099530543,-0.8341567144049191,-0.43945507752752233,-0.4136061259825243,0.06167513290727933,0.03421786429939363,0.23190924522489884,0.06205952927292789,0.0875424342432848,0.6145004353776125,12.636083,12.424537,13.208052,0.783515,1.9063038,1.9063038,2.0685298,0.16222608,4.906003,4.902417,5.011591,0.109173775,15.348138888888894,69.3037222222222,2.2499999999999973,77.50000000000003,5.125416666666663,35.932291666666714,9.4,LOW,76.1,0.088,0.184,0.098,0.014,significant deviation from lot population (contribution 0.18); high physics-normalised drift rate (contribution 0.10); abnormal multi-parameter pattern (ensemble anomaly score) (contribution 0.09).
IC0357,LOT2026H,110.47,0.46172461778524626,0,10.09,11.083,0.9930000000000003,9.841427155599607,0.0057999999999999875,-1.1311026936023054e-06,0.012561600089293135,2.014,2.13,0.1160000000000001,5.759682224429002,0.0006944444444444486,-5.708122895622962e-06,0.0015040229991969871,4.833,4.937,0.10400000000000009,2.1518725429339973,0.0005902777777777703,2.9724326599327685e-06,0.0012784195493174152,-0.8794076358221383,-0.7264029927950993,-0.7605715281146809,0.008479243406063255,-0.7684764045352384,-0.8121868443936857,-0.6117561091942022,-0.546950649443811,-0.5782713152101329,0.145831725042526,0.029614894648961828,0.16630540896814291,0.05699147095450207,0.10173537459637653,0.7304434342796645,11.096001,10.892325,11.949195,1.0568695,2.1319525,2.1083372,2.4094558,0.3011186,4.941432,4.9345264,5.0359573,0.10143089,12.989999999999993,74.02000000000001,2.3612222222222243,76.38777777777776,5.128138888888885,35.898263888888934,9.0,LOW,82.0,0.102,0.191,0.026,0.027,significant deviation from lot population (contribution 0.19); abnormal multi-parameter pattern (ensemble anomaly score) (contribution 0.10).
IC0358,LOT2026H,109.82,0.445424481355698,0,10.981,12.616,1.6349999999999998,14.889354339313357,0.010099999999999993,-7.181186868687126e-06,0.022674999742401992,2.064,2.238,0.17399999999999993,8.430232558139531,0.0011097222222222177,-7.049663299663351e-06,0.0024913812973293634,4.915,5.024,0.10899999999999999,2.217700915564598,0.0006930555555555574,-8.417508417508879e-07,0.0015559440142269847,0.049783127663138006,-0.2235635846792447,-0.21202368332659688,0.49329245462334287,-0.43737870614523355,-0.4412023153863945,-0.007104463777567895,-0.4098011266540508,-0.406270883560705,0.019413467446545662,0.0442038639498955,0.14752672475912257,0.07526537670358328,0.060851024248621634,0.7838501811671141,12.8570385,12.499093,13.3374405,0.83834743,2.235941,2.217968,2.4392657,0.22129774,5.0199976,4.9981704,5.1058583,0.10768795,16.030999999999995,67.93800000000002,2.6188611111111086,73.81138888888891,5.261527777777779,34.23090277777776,8.0,LOW,86.0,0.061,0.091,0.126,0.064,high physics-normalised drift rate (contribution 0.13); significant deviation from lot population (contribution 0.09); predicted value approaching the safety limit (contribution 0.06).
IC0359,LOT2026H,111.91,0.49977573067731684,0,10.676,12.215,1.5389999999999997,14.415511427500935,0.008977777777777775,-3.161826599326598e-05,0.017963612930165133,1.751,1.901,0.15000000000000013,8.566533409480305,0.0008500000000000032,5.33985690235694e-06,0.001700762857868364,4.805,4.979,0.17400000000000038,3.6212278876170734,0.0008972222222222273,6.313131313129559e-07,0.0017952496833054988,-0.19327329514025127,-0.3547955749110303,-0.4675679286310015,-1.019504324823167,-0.6444531864092147,-0.738264901423013,-0.3198553148551378,-0.1373554530041422,-0.25795719023975167,0.08905200521763934,0.05032594764242604,0.1933931939060546,0.08074175195887175,0.09705588769394327,0.7512666560119841,12.295195,12.060572,12.967119,0.90654755,1.9031123,1.8733596,2.088148,0.21478856,4.9685125,4.9308124,5.035969,0.10515642,15.164888888888889,69.67022222222222,2.1760000000000015,78.23999999999998,5.2536111111111135,34.32986111111108,10.6,LOW,83.8,0.097,0.227,0.079,0.027,significant deviation from lot population (contribution 0.23); abnormal multi-parameter pattern (ensemble anomaly score) (contribution 0.10); high physics-normalised drift rate (contribution 0.08).
IC0360,LOT2026H,110.08,0.45188093203948526,0,10.971,11.935,0.9640000000000004,8.786801567769578,0.006081944444444456,-4.04566498316496e-05,0.013459174780831461,1.824,1.943,0.119,6.524122807017544,0.0008027777777777798,-1.1311026936026171e-06,0.0017765250110346174,4.796,4.911,0.11499999999999932,2.397831526271879,0.0006569444444444446,-3.3406986531984337e-06,0.0014537998792722702,-0.36298850308276714,-0.6934325794076552,-0.7118873388738922,-0.8309658537942249,-0.6821030919117588,-0.7097984503260554,-0.7924566009279143,-0.4579887968234239,-0.46957642063612304,0.1338834182643109,0.005234463805724813,0.2538468369662674,0.012243148320376273,0.1010353751755362,0.4838459583545066,11.853805,11.79107,12.490421,0.6993513,1.9437308,1.9182537,2.0992794,0.18102574,4.9088836,4.902417,5.011591,0.109173775,14.011972222222228,71.97605555555555,2.2253888888888897,77.74611111111109,5.124472222222223,35.94409722222222,8.6,LOW,68.4,0.101,0.179,0.035,0.014,significant deviation from lot population (contribution 0.18); abnormal multi-parameter pattern (ensemble anomaly score) (contribution 0.10).
