dut_id,lot_id,temperature_c,arrhenius_accel_factor,true_latent_defect,iddq_uA_0h,iddq_uA_last,iddq_uA_abs_change,iddq_uA_pct_change,iddq_uA_slope,iddq_uA_curvature,iddq_uA_physics_norm_slope,leakage_uA_0h,leakage_uA_last,leakage_uA_abs_change,leakage_uA_pct_change,leakage_uA_slope,leakage_uA_curvature,leakage_uA_physics_norm_slope,delay_ns_0h,delay_ns_last,delay_ns_abs_change,delay_ns_pct_change,delay_ns_slope,delay_ns_curvature,delay_ns_physics_norm_slope,iddq_uA_last_lot_zscore,iddq_uA_slope_lot_zscore,iddq_uA_physics_norm_slope_lot_zscore,leakage_uA_last_lot_zscore,leakage_uA_slope_lot_zscore,leakage_uA_physics_norm_slope_lot_zscore,delay_ns_last_lot_zscore,delay_ns_slope_lot_zscore,delay_ns_physics_norm_slope_lot_zscore,anomaly_xgboost,anomaly_random_forest,anomaly_pca_spc,anomaly_ensemble_score,anomaly_ensemble_confidence,iddq_uA_pred_168h,iddq_uA_pred_168h_lo,iddq_uA_pred_168h_hi,iddq_uA_pred_interval_width,leakage_uA_pred_168h,leakage_uA_pred_168h_lo,leakage_uA_pred_168h_hi,leakage_uA_pred_interval_width,delay_ns_pred_168h,delay_ns_pred_168h_lo,delay_ns_pred_168h_hi,delay_ns_pred_interval_width,iddq_uA_projected_500h,iddq_uA_margin_pct_500h,leakage_uA_projected_500h,leakage_uA_margin_pct_500h,delay_ns_projected_500h,delay_ns_margin_pct_500h,risk_score,risk_band,risk_confidence_pct,_component_anomaly,_component_lot_deviation,_component_drift_rate,_component_future_margin,explanation
IC0001,LOT2026A,108.76,0.4199576713593804,0,10.731,12.315,1.5839999999999996,14.760972882303601,0.009352777777777804,7.2601010100997705e-06,0.022270763021195364,1.893,2.115,0.2220000000000002,11.727416798732182,0.0013097222222222236,3.919402356902143e-06,0.003118700553755152,5.161,5.321,0.16000000000000014,3.1001743848091485,0.0010819444444444587,-1.3152356902362136e-06,0.0025763178487542867,-0.10243218748485931,-0.28466993571801674,-0.24238886983625454,0.18411438928048682,-0.24436428388767628,-0.195048152006395,0.18199170459736913,-0.0005727966973833575,0.07536849152196386,0.0,0.0,0.0,0.0,1.0,12.4638815,12.270038,13.209768,0.93973064,2.1391613,2.0795949,2.4356506,0.35605574,5.318633,5.246568,5.335628,0.08905983,15.407388888888901,69.1852222222222,2.5478611111111116,74.52138888888888,5.701972222222229,28.72534722222214,6.3,LOW,98.4,0.0,0.011,0.122,0.183,predicted value approaching the safety limit (contribution 0.18); high physics-normalised drift rate (contribution 0.12).
IC0002,LOT2026A,111.07,0.47724832699493536,0,10.572,12.124,1.5520000000000014,14.680287552024229,0.008891666666666714,-8.36489898990004e-06,0.01863111123438485,1.722,1.94,0.21799999999999997,12.659698025551682,0.0011958333333333382,-1.6045875420877397e-06,0.0025056836571079872,5.082,5.204,0.12199999999999989,2.400629673356944,0.0006833333333333439,1.8676346801341024e-06,0.001431819232633152,-0.19386480265074985,-0.32727332798290465,-0.4018610047927018,-0.5132886004183244,-0.32724912693809344,-0.40343337092433756,-0.4676261426603627,-0.4115544270699807,-0.4792996493147428,0.0,0.0,0.0,0.0,1.0,12.187477,11.798964,13.024097,1.2251339,1.9337347,1.9292141,2.1059449,0.17673075,5.191879,5.14284,5.2535152,0.110675335,15.017833333333357,69.96433333333329,2.319916666666669,76.8008333333333,5.423666666666672,32.2041666666666,6.4,LOW,98.0,0.0,0.096,0.086,0.14,predicted value approaching the safety limit (contribution 0.14); significant deviation from lot population (contribution 0.10); high physics-normalised drift rate (contribution 0.09).
IC0003,LOT2026A,111.0,0.4754131951417325,0,10.056,11.649,1.593,15.841288782816228,0.009062500000000044,-1.6519360269362004e-05,0.01906236531213293,1.754,1.907,0.15300000000000002,8.722919042189282,0.0008722222222222284,-7.102272727272812e-06,0.001834661366439771,5.084,5.241,0.15700000000000003,3.088119590873329,0.0008805555555555716,3.2091750841744273e-06,0.0018521899782210631,-0.42124957858686696,-0.3114895410895873,-0.38296551354368136,-0.6447988784758139,-0.5627633760935533,-0.6315365891300806,-0.2621914388267214,-0.20821159949886608,-0.27557178400056725,0.0,0.0,0.0,0.0,1.0,11.611166,10.970792,12.026521,1.0557289,1.9165301,1.908294,2.088961,0.18066692,5.2288046,5.155048,5.2561817,0.10113382,14.587250000000022,70.82549999999995,2.190111111111114,78.09888888888887,5.524277777777786,30.94652777777768,7.2,LOW,98.5,0.0,0.13,0.09,0.142,predicted value approaching the safety limit (contribution 0.14); significant deviation from lot population (contribution 0.13); high physics-normalised drift rate (contribution 0.09).
IC0004,LOT2026A,110.35,0.4586753078127318,0,10.528,11.792,1.2639999999999993,12.006079027355616,0.008118055555555575,4.7769360269359155e-05,0.01769891558860635,1.979,2.216,0.2370000000000001,11.975745325922189,0.0014638888888888917,1.5756523569023395e-05,0.0031915580890318367,5.101,5.206,0.10500000000000043,2.0584199176632114,0.0006416666666666843,4.208754208753593e-06,0.0013989562022132314,-0.35279479341030945,-0.3987495011502075,-0.4427053598401043,0.5866155433352286,-0.13216650853893636,-0.1702814065520812,-0.4565215640747567,-0.45451417937372895,-0.49522634046886144,0.0,0.0,0.0,0.0,1.0,12.001685,11.4679165,12.50967,1.0417538,2.230534,2.156306,2.5333107,0.37700462,5.191224,5.1766706,5.2569175,0.080246925,14.587027777777788,70.82594444444442,2.710944444444446,72.89055555555554,5.421833333333342,32.227083333333226,6.7,LOW,98.1,0.0,0.115,0.077,0.142,predicted value approaching the safety limit (contribution 0.14); significant deviation from lot population (contribution 0.12); high physics-normalised drift rate (contribution 0.08).
IC0005,LOT2026A,106.8,0.3763154194032035,0,10.521,11.836,1.3149999999999995,12.4988119000095,0.007633333333333376,3.222327441077301e-05,0.0202844022321462,1.712,1.842,0.13000000000000012,7.59345794392524,0.0005986111111111156,-3.1565656565687573e-07,0.0015907164050318469,5.062,5.206,0.14400000000000013,2.8447254049782718,0.0007916666666666848,1.4467592592589138e-06,0.0021037316725479502,-0.3317317825867532,-0.4435343924166107,-0.3294217000018658,-0.9038342746496574,-0.7618891575683435,-0.7144617490481084,-0.4565215640747567,-0.29985907108020887,-0.1536649839660948,0.0,0.0,0.0,0.0,1.0,11.899113,11.487438,12.50967,1.022232,1.8406461,1.8406461,2.04883,0.20818388,5.19989,5.1355643,5.2497425,0.11417818,14.337666666666689,71.32466666666662,2.0113055555555577,79.88694444444442,5.457833333333342,31.777083333333223,8.8,LOW,98.5,0.0,0.197,0.102,0.138,significant deviation from lot population (contribution 0.20); predicted value approaching the safety limit (contribution 0.14); high physics-normalised drift rate (contribution 0.10).
IC0006,LOT2026A,109.77,0.44419247789836264,0,10.268,11.657,1.3889999999999993,13.52746396571873,0.007895833333333354,-1.3546927609428594e-05,0.017775702485308697,1.766,1.872,0.1060000000000001,6.00226500566252,0.0006875000000000047,2.209595959595776e-06,0.0015477524591429805,5.148,5.241,0.09299999999999997,1.806526806526806,0.0005430555555555659,3.103956228955287e-06,0.0012225681040907328,-0.4174199402553109,-0.41928125645858805,-0.43934092525375773,-0.7842794764155756,-0.6971985483582596,-0.7290666503462585,-0.2621914388267214,-0.5561855931592908,-0.5807108111997319,0.0,0.0,0.0,0.0,1.0,11.773502,11.398323,12.331693,0.93336964,1.8850844,1.872536,2.088961,0.21642494,5.2395663,5.1997433,5.319332,0.11958885,14.215916666666677,71.56816666666664,2.1097500000000022,78.90249999999999,5.419527777777783,32.25590277777771,8.4,LOW,98.7,0.0,0.166,0.077,0.175,predicted value approaching the safety limit (contribution 0.17); significant deviation from lot population (contribution 0.17); high physics-normalised drift rate (contribution 0.08).
IC0007,LOT2026A,108.34,0.41023742282128733,0,9.989,11.226,1.237,12.3836219841826,0.007798611111111148,4.779566498316374e-05,0.019009994401482173,1.861,2.104,0.2430000000000001,13.057495969908656,0.001543055555555563,3.4985269360267297e-06,0.0037613720000083165,5.095,5.206,0.11100000000000065,2.1786064769381874,0.0007208333333333487,2.0780723905715364e-06,0.0017571125724611598,-0.6237417053678709,-0.4282638994060031,-0.3852601563887344,0.1402776299279897,-0.0745514347112023,0.023417653344577183,-0.4565215640747567,-0.3728906499965959,-0.32164995932169943,0.0,0.0,0.0,0.0,1.0,11.274281,10.966577,11.976607,1.0100307,2.1199176,2.0787206,2.5561128,0.4773922,5.2052727,5.171841,5.254124,0.08228302,13.888305555555574,72.22338888888885,2.6325277777777814,73.67472222222219,5.455416666666674,31.807291666666572,7.1,LOW,97.9,0.0,0.125,0.089,0.141,predicted value approaching the safety limit (contribution 0.14); significant deviation from lot population (contribution 0.12); high physics-normalised drift rate (contribution 0.09).
IC0008,LOT2026A,109.66,0.441492927402338,1,10.807,15.341,4.533999999999999,41.9542888868326,0.02770138888888892,0.00016356271043770947,0.06274480783164235,1.799,2.467,0.6680000000000001,37.131739855475274,0.0038472222222222297,2.0438762626262457e-05,0.008714119713895685,5.028,5.511,0.48300000000000054,9.606205250596672,0.002897222222222231,1.872895622895526e-05,0.006562329863966216,1.3461285114260633,1.4106114354008406,1.530990209897377,1.5868906885603786,1.6023504509064352,1.7070244548024416,1.2369266702295854,1.8710404120028892,2.0071435436609266,1.0,1.0,0.0,0.7,0.0,15.286834,15.048879,16.154427,1.1055479,2.446619,2.4328802,2.6480734,0.21519327,5.483497,5.3502,5.5293975,0.17919731,24.657694444444463,50.684611111111074,3.7226111111111146,62.77388888888885,6.476611111111115,19.042361111111063,51.6,MEDIUM,38.1,0.7,0.374,0.52,0.284,abnormal multi-parameter pattern (ensemble anomaly score) (contribution 0.70); high physics-normalised drift rate (contribution 0.52); significant deviation from lot population (contribution 0.37).
IC0009,LOT2026A,108.35,0.4104664677770522,0,11.311,13.098,1.7870000000000008,15.79877994872249,0.010400000000000029,-6.313131313147394e-07,0.02533702705685782,2.086,2.325,0.23900000000000032,11.457334611697044,0.001563888888888895,-1.18371212121241e-06,0.003810028374201647,5.04,5.137,0.09699999999999953,1.9246031746031653,0.0006638888888889037,-2.4463383838390532e-06,0.001617401032742825,0.2723936642161501,-0.18791403882727253,-0.10803984395436707,1.0209979769190587,-0.05938957317758983,0.039957603945427286,-0.8396295252780391,-0.4316023114783955,-0.3893595562556292,0.0,0.005,0.0,0.0017499999999999998,0.995,13.150914,12.700115,13.467486,0.7673712,2.3365695,2.2923627,2.5140069,0.22164416,5.1445065,5.12436,5.245797,0.12143707,16.511000000000013,66.97799999999998,2.8679444444444475,71.32055555555553,5.371944444444452,32.85069444444435,10.4,LOW,98.8,0.002,0.228,0.152,0.136,significant deviation from lot population (contribution 0.23); high physics-normalised drift rate (contribution 0.15); predicted value approaching the safety limit (contribution 0.14).
IC0010,LOT2026A,109.85,0.4461651681395295,0,11.402,12.998,1.596,13.997544290475355,0.00890555555555561,4.4718013467886384e-07,0.019960221441514613,1.987,2.034,0.04699999999999971,2.3653749370910773,0.00035694444444445155,-2.1832912457916067e-06,0.0008000275905285912,5.149,5.235,0.0860000000000003,1.6702272285880813,0.0005972222222222409,9.73274410773488e-07,0.001338567563919448,0.22452318507170382,-0.3259900932761303,-0.34362575187881533,-0.13868356595153544,-0.9377667513582565,-0.9832436743219646,-0.2955051745835245,-0.5003379151644002,-0.5244930020954125,0.0,0.0,0.0,0.0,1.0,12.99279,12.5211525,13.430278,0.9091253,2.0754948,2.0425491,2.2732058,0.23065662,5.235192,5.197435,5.3225603,0.12512541,15.854777777777805,68.29044444444439,2.165472222222226,78.34527777777774,5.4476111111111205,31.904861111110993,6.3,LOW,98.7,0.0,0.04,0.099,0.176,predicted value approaching the safety limit (contribution 0.18); high physics-normalised drift rate (contribution 0.10).
IC0011,LOT2026A,110.44,0.46096057418949093,0,10.058,11.492,1.434000000000001,14.257307615828207,0.008252777777777814,-1.1153198653200086e-05,0.01790343521740164,1.62,1.738,0.11799999999999988,7.283950617283944,0.0006055555555555601,-9.101430976431122e-06,0.0013136818840099528,5.12,5.269,0.14900000000000002,2.9101562500000004,0.0007708333333333504,-1.078493265993847e-06,0.0016722326734530607,-0.49640623084364566,-0.3863021244945002,-0.43374428780495056,-1.3182909085278078,-0.7568352037238055,-0.8086351717167539,-0.10672733862828725,-0.3213389472320877,-0.36278602983683117,0.0,0.0,0.0,0.0,1.0,11.373397,10.970792,12.026521,1.0557289,1.7438154,1.7438154,2.0443933,0.30057788,5.270095,5.229729,5.307619,0.07788992,14.184388888888908,71.63122222222219,1.9227777777777801,80.7722222222222,5.505416666666675,31.18229166666656,11.0,LOW,98.2,0.0,0.305,0.079,0.169,significant deviation from lot population (contribution 0.30); predicted value approaching the safety limit (contribution 0.17); high physics-normalised drift rate (contribution 0.08).
IC0012,LOT2026A,111.76,0.49568372019413265,0,10.642,13.322,2.6799999999999997,25.18323623379064,0.015837500000000004,-1.231060606060655e-05,0.03195081733529055,2.012,2.248,0.2360000000000002,11.729622266401602,0.0015194444444444517,6.4183501683498245e-06,0.0030653507116379917,5.18,5.359,0.17900000000000027,3.455598455598461,0.00113888888888889,-1.5782828282832819e-06,0.002297612050770698,0.37962353749970734,0.3144723488746648,0.18174481612712057,0.7141406614515825,-0.09173487778263084,-0.21318357142081434,0.39297869772381333,0.05813886478440218,-0.05970308010814638,0.0,0.0,0.0,0.0,1.0,13.447299,13.082806,15.035241,1.9524355,2.2686512,2.2150426,2.4776175,0.2625749,5.3602767,5.3274727,5.4324493,0.104976654,18.560750000000002,62.878499999999995,2.771722222222226,72.28277777777774,5.749444444444444,28.131944444444446,12.0,LOW,95.9,0.0,0.148,0.217,0.234,predicted value approaching the safety limit (contribution 0.23); high physics-normalised drift rate (contribution 0.22); significant deviation from lot population (contribution 0.15).
IC0013,LOT2026A,107.63,0.39426815434538015,0,11.257,12.971,1.7140000000000004,15.226081549258245,0.01072500000000005,-1.4809553872055355e-05,0.027202298440276555,1.842,2.099,0.2570000000000001,13.952225841476661,0.001477777777777784,8.022937710437558e-06,0.0037481540456428698,5.189,5.345,0.1559999999999997,3.0063596068606606,0.0008611111111111313,4.445496632996113e-06,0.0021840747258445713,0.21159815570270388,-0.15788634668876383,-0.02631257244314929,0.12035183022230984,-0.12205860084985833,0.018924422686244505,0.31524664762459625,-0.22825948390728104,-0.11472764374264047,0.0,0.0,0.0,0.0,1.0,13.035544,12.689912,13.417614,0.72770214,2.1080315,2.0795949,2.4338894,0.35429454,5.3480334,5.3031354,5.4100575,0.10692215,16.619500000000023,66.76099999999995,2.580888888888892,74.19111111111107,5.619555555555566,29.755555555555425,8.7,LOW,98.9,0.0,0.045,0.17,0.222,predicted value approaching the safety limit (contribution 0.22); high physics-normalised drift rate (contribution 0.17).
IC0014,LOT2026A,110.83,0.47098301636856343,0,11.901,13.78,1.8789999999999996,15.78858919418536,0.011333333333333381,3.8694234006732034e-05,0.02406314652429969,1.724,2.012,0.28800000000000003,16.705336426914155,0.0015638888888888972,9.732744107742129e-07,0.0033204783071521422,4.928,5.111,0.18299999999999983,3.7134740259740227,0.0010388888888889095,-9.73274410775066e-07,0.0022057884313941727,0.5988703319812682,-0.10168066653207199,-0.1638551966599958,-0.2263570846565279,-0.05938957317758825,-0.12645705517957484,-0.9839890468908673,-0.04496454074459077,-0.10420434513989374,0.0,0.0,0.0,0.0,1.0,13.7180605,12.768924,14.951314,2.1823902,2.0325527,2.0104725,2.2240076,0.21353507,5.0911446,5.0206347,5.130695,0.110060215,17.56766666666669,64.86466666666662,2.5059444444444487,74.9405555555555,5.4474444444444545,31.906944444444317,8.7,LOW,95.4,0.0,0.218,0.139,0.076,significant deviation from lot population (contribution 0.22); high physics-normalised drift rate (contribution 0.14); predicted value approaching the safety limit (contribution 0.08).
IC0015,LOT2026A,109.73,0.44320909822028426,0,10.544,12.022,1.4779999999999998,14.017450682852806,0.009798611111111133,-3.3406986531987596e-05,0.02210832573261169,1.814,2.067,0.2530000000000001,13.947078280044106,0.0013916666666666706,-1.0548190235690439e-05,0.003139977658976177,5.055,5.21,0.15500000000000025,3.066271018793279,0.0009555555555555718,-7.996632996633587e-06,0.0021559926440874655,-0.24269269137808447,-0.2434781016305784,-0.24950609497873857,-0.0071732878940441135,-0.18472762852212857,-0.18781534283967571,-0.4343124069035546,-0.13088404535210613,-0.1283373029066055,0.0,0.0,0.0,0.0,1.0,12.167313,11.673953,12.561075,0.88712215,2.0666761,2.046881,2.311837,0.264956,5.2042418,5.136513,5.2497425,0.113229275,15.443305555555566,69.11338888888886,2.5098333333333356,74.90166666666664,5.532777777777786,30.84027777777768,6.7,LOW,98.7,0.0,0.076,0.12,0.138,predicted value approaching the safety limit (contribution 0.14); high physics-normalised drift rate (contribution 0.12); significant deviation from lot population (contribution 0.08).
IC0016,LOT2026A,111.21,0.4809378446020374,0,11.059,13.468,2.4090000000000007,21.783163034632434,0.014365277777777836,-4.263994107744188e-05,0.02986930211255199,1.681,1.889,0.20799999999999996,12.37358715050565,0.0012458333333333366,2.6567760942759104e-06,0.0025904248278989747,5.132,5.3,0.16800000000000015,3.273577552611071,0.0009555555555555672,1.893939393938894e-06,0.001986858730874595,0.4495144370505983,0.17844946995664782,0.09054277374565661,-0.716531757416263,-0.29086065925742255,-0.3746269750105777,0.06539362944854597,-0.13088404535211082,-0.2103061160382157,0.0,0.0,0.0,0.0,1.0,13.394229,12.970793,14.86153,1.8907375,1.9090061,1.905861,2.086868,0.18100703,5.293695,5.240233,5.346266,0.10603285,18.241638888888918,63.516722222222164,2.3039166666666686,76.96083333333331,5.609777777777783,29.877777777777716,10.7,LOW,96.3,0.0,0.149,0.196,0.189,high physics-normalised drift rate (contribution 0.20); predicted value approaching the safety limit (contribution 0.19); significant deviation from lot population (contribution 0.15).
IC0017,LOT2026A,112.93,0.5284221746774352,1,11.557,19.452,7.895000000000001,68.31357618759193,0.047711111111111135,0.00025063131313131126,0.09028975958519422,1.81,2.745,0.935,51.65745856353592,0.00571666666666667,2.5778619528619218e-05,0.010818370122632147,5.11,5.765,0.6549999999999994,12.81800391389431,0.003911111111111124,1.8965698653197875e-05,0.0074014893744733246,3.314083909054222,3.259367677449842,2.737878264224301,2.6947651521962026,2.962874825856005,2.422330483854856,2.647208150601069,2.916394384727609,2.413832585484245,1.0,1.0,0.0,0.7,0.0,19.480246,16.98956,19.480246,2.4906864,2.7743235,2.6995525,2.8462262,0.14667368,5.7717466,5.479656,5.7781205,0.2984643,35.41255555555557,29.174888888888862,4.668333333333335,53.316666666666656,7.065555555555562,11.680555555555472,68.5,HIGH,34.3,0.7,0.822,0.79,0.413,significant deviation from lot population (contribution 0.82); high physics-normalised drift rate (contribution 0.79); abnormal multi-parameter pattern (ensemble anomaly score) (contribution 0.70).
IC0018,LOT2026A,110.01,0.4501343713116268,0,11.836,14.279,2.4429999999999996,20.640419060493407,0.014179166666666717,2.2095959595941723e-06,0.03149985331124718,1.791,2.103,0.3120000000000003,17.42043551088779,0.001698611111111117,8.23337542087526e-06,0.0037735645606479873,5.236,5.386,0.15000000000000036,2.8647822765469892,0.0009222222222222358,1.3941498316491383e-06,0.0020487709470730104,0.8377440229120517,0.16125412488587823,0.16198572929267147,0.1362924699868541,0.03865713140644312,0.02756231792391337,0.5428905086294445,-0.16525184719511316,-0.1803010698370758,0.0,0.0,0.0,0.0,1.0,14.255563,13.37063,14.980005,1.609375,2.1065035,2.046881,2.5107014,0.46382046,5.3780107,5.3425264,5.4100575,0.06753111,18.925583333333357,62.148833333333286,2.6403055555555586,73.59694444444442,5.697111111111118,28.786111111111023,12.3,LOW,96.4,0.0,0.18,0.212,0.222,predicted value approaching the safety limit (contribution 0.22); high physics-normalised drift rate (contribution 0.21); significant deviation from lot population (contribution 0.18).
IC0019,LOT2026A,105.55,0.3506736552161286,0,9.887,11.211,1.3239999999999998,13.391321937898248,0.007123611111111146,3.0960648148147195e-05,0.020314075509096037,2.028,2.2,0.17200000000000015,8.48126232741618,0.001115277777777781,-3.866792929293221e-06,0.003180386553675977,5.141,5.246,0.10500000000000043,2.042404201517223,0.000552777777777793,4.734848484842841e-07,0.0015763310689452927,-0.630922277239538,-0.4906291061552096,-0.3281215589159816,0.5228529842770515,-0.385874991534733,-0.1740789900338956,-0.23442999236271142,-0.5461616509550763,-0.4092636436375898,0.0,0.0,0.0,0.0,1.0,11.272302,11.019024,11.820675,0.801651,2.2090087,2.1800623,2.5742762,0.3942139,5.240519,5.200721,5.3225603,0.12183952,13.448805555555573,73.10238888888885,2.5856388888888904,74.1436111111111,5.417388888888897,32.28263888888879,8.1,LOW,98.5,0.0,0.127,0.102,0.176,predicted value approaching the safety limit (contribution 0.18); significant deviation from lot population (contribution 0.13); high physics-normalised drift rate (contribution 0.10).
IC0020,LOT2026A,109.46,0.4366226958810117,0,9.896,10.975,1.0789999999999988,10.903395311236851,0.006430555555555583,3.4301346801345456e-05,0.01472794615630342,1.672,1.977,0.30500000000000016,18.241626794258384,0.0017138888888888933,-3.814183501683747e-06,0.003925331653753431,5.131,5.26,0.12899999999999956,2.5141297992593947,0.00077500000000001,-3.156565656566525e-06,0.00177498789529533,-0.7438966080204298,-0.5546625180232224,-0.5728790319415444,-0.3658376825962896,0.049775829864425074,0.0791530964070076,-0.15669794226349928,-0.31704297200171944,-0.3129868889224638,0.0,0.0,0.0,0.0,1.0,11.076294,10.933112,11.820675,0.88756275,1.9814029,1.9792901,2.2673702,0.2880801,5.2639093,5.2231555,5.307619,0.0844636,13.111277777777794,73.77744444444441,2.5289444444444467,74.71055555555553,5.518500000000005,31.01874999999994,7.4,LOW,98.7,0.0,0.156,0.047,0.169,predicted value approaching the safety limit (contribution 0.17); significant deviation from lot population (contribution 0.16).
IC0021,LOT2026A,108.87,0.4225376949052926,0,9.572,10.967,1.3950000000000014,14.573756790639381,0.0077944444444444745,1.3862584175082963e-05,0.018446743422954295,1.695,1.859,0.16399999999999992,9.675516224188787,0.0010277777777777791,3.630050505050341e-06,0.0024323931099405104,5.056,5.116,0.05999999999999961,1.186708860759486,0.0004500000000000059,2.946127946127103e-06,0.0010649937400280197,-0.747726246351985,-0.42864886981803585,-0.4099391205653767,-0.8360865556503448,-0.44955480997591046,-0.42834731179553187,-0.9562276004268623,-0.6521290399710159,-0.6570774212830252,0.0,0.0,0.0,0.0,1.0,10.976922,10.61646,11.674072,1.0576124,1.8750275,1.8721895,2.0607746,0.18858504,5.122488,5.1188707,5.245797,0.12692642,13.469222222222236,73.06155555555553,2.2088888888888896,77.91111111111111,5.281000000000003,33.98749999999996,8.6,LOW,98.4,0.0,0.211,0.084,0.136,significant deviation from lot population (contribution 0.21); predicted value approaching the safety limit (contribution 0.14); high physics-normalised drift rate (contribution 0.08).
IC0022,LOT2026A,109.56,0.4390516950127132,0,9.91,10.915,1.004999999999999,10.141271442986872,0.0068,5.3503787878786334e-05,0.01548792562981245,1.828,2.083,0.2550000000000001,13.94967177242889,0.001538888888888893,-3.0250420875423752e-06,0.0035050289211258664,5.278,5.419,0.14100000000000001,2.6714664645699133,0.0008722222222222387,3.5774410774401358e-06,0.0019866048397717325,-0.7726188955070974,-0.5205284748230422,-0.5395803659530138,0.056589271164132864,-0.07758380701792733,-0.06372204688747818,0.7261160552918787,-0.21680354995961668,-0.21042916145217783,0.0,0.0,0.0,0.0,1.0,11.111883,10.921843,11.977887,1.0560446,2.0882404,2.0771425,2.4378579,0.3607154,5.406088,5.3550706,5.435431,0.08036041,13.31,73.38,2.5974444444444464,74.02555555555553,5.714111111111119,28.573611111111006,9.1,LOW,98.1,0.0,0.163,0.055,0.235,predicted value approaching the safety limit (contribution 0.23); significant deviation from lot population (contribution 0.16); high physics-normalised drift rate (contribution 0.06).
IC0023,LOT2026A,107.47,0.39074815995527057,0,10.411,12.391,1.9800000000000004,19.01834598021324,0.011343055555555585,1.2652567340066557e-05,0.029029069661784306,1.705,1.95,0.24499999999999988,14.369501466275652,0.001427777777777779,8.101851851851637e-06,0.0036539590562402607,5.134,5.253,0.11899999999999977,2.317880794701982,0.0007375000000000098,-4.4981060606065685e-06,0.0018874049210735437,-0.06605062333508044,-0.10078240223733198,0.05372780609705326,-0.4734370010069637,-0.1584470685305341,-0.013095646572847675,-0.19556396731310535,-0.3557067490750994,-0.2585052654338127,0.0,0.0,0.0,0.0,1.0,12.475177,12.37401,14.4230175,2.0490074,1.9454851,1.9432001,2.1284747,0.1852746,5.2607346,5.220088,5.325442,0.10535383,16.08252777777779,67.83494444444442,2.4188888888888895,75.8111111111111,5.502750000000005,31.215624999999935,9.0,LOW,95.9,0.0,0.086,0.188,0.178,high physics-normalised drift rate (contribution 0.19); predicted value approaching the safety limit (contribution 0.18); significant deviation from lot population (contribution 0.09).
IC0024,LOT2026A,109.53,0.4383217132706402,0,10.193,11.092,0.8990000000000009,8.819778279211231,0.005295833333333367,-1.1705597643098014e-05,0.012082069340843887,1.826,1.929,0.10299999999999998,5.640744797371302,0.0009361111111111144,-2.0254629629631337e-06,0.0021356713180510772,5.022,5.144,0.12199999999999989,2.4293110314615665,0.0006833333333333485,3.893097643097069e-06,0.0015589766891411715,-0.6878881474214281,-0.6595027935666408,-0.6888087003021689,-0.5571253597708206,-0.5162670007238078,-0.5292131050530915,-0.8007635002284281,-0.411554427069976,-0.41767424496618694,0.0,0.0,0.0,0.0,1.0,11.223689,10.938577,12.173448,1.2348709,1.9578984,1.9362156,2.1307378,0.19452214,5.1423664,5.1279397,5.2334056,0.10546589,12.840916666666683,74.31816666666663,2.2940555555555573,77.05944444444442,5.363666666666674,32.95416666666657,6.4,LOW,98.0,0.0,0.171,0.021,0.13,significant deviation from lot population (contribution 0.17); predicted value approaching the safety limit (contribution 0.13).
IC0025,LOT2026A,107.46,0.3905291089103052,0,10.318,12.209,1.891,18.327195192866835,0.011652777777777809,-4.997895622912694e-07,0.02983843588584881,1.676,1.912,0.236,14.081145584725538,0.0015013888888888963,-5.760732323232563e-06,0.0038444993078191464,5.029,5.229,0.20000000000000018,3.976933784052499,0.0010472222222222378,-6.234217171717842e-06,0.002681547158275361,-0.15317489537797155,-0.07216626827627631,0.08919036330676708,-0.624873078770134,-0.10487515777842901,0.05167544253597256,-0.3288189103403325,-0.036372590283844874,0.12636667068219706,0.0,0.0,0.0,0.0,1.0,12.317838,12.155982,14.341278,2.185296,1.9278435,1.905861,2.1411088,0.23524773,5.225991,5.151209,5.2501297,0.09892082,16.144388888888905,67.71122222222219,2.426694444444448,75.73305555555552,5.552611111111119,30.59236111111101,9.2,LOW,95.4,0.0,0.125,0.196,0.139,high physics-normalised drift rate (contribution 0.20); predicted value approaching the safety limit (contribution 0.14); significant deviation from lot population (contribution 0.12).
IC0026,LOT2026A,111.19,0.48040919449337494,0,10.895,13.011,2.1159999999999997,19.42175309775126,0.012461111111111145,-1.5283038720540215e-05,0.025938535843911682,1.727,1.992,0.2649999999999999,15.344528083381581,0.0016013888888888952,-2.604166666666892e-06,0.00333338517922762,5.066,5.228,0.16199999999999992,3.197789182787207,0.0008555555555555593,1.6571969696962322e-06,0.0017808892197781567,0.2307463473604817,0.00251799165795866,-0.08168460557300468,-0.30606028347924913,-0.03209822241708563,-0.12206957193448838,-0.3343711996331355,-0.23398745088113204,-0.31012687962821295,0.0,0.0,0.0,0.0,1.0,13.072245,12.614976,14.693284,2.078308,2.0142145,1.9928887,2.233467,0.24057841,5.2171893,5.1384306,5.2561817,0.11775112,17.12555555555557,65.74888888888886,2.527694444444448,74.72305555555552,5.49377777777778,31.327777777777754,7.0,LOW,95.6,0.0,0.05,0.158,0.142,high physics-normalised drift rate (contribution 0.16); predicted value approaching the safety limit (contribution 0.14).
IC0027,LOT2026A,108.45,0.41276329846110593,0,10.134,11.603,1.4689999999999994,14.495756858101435,0.008668055555555571,2.191182659932453e-05,0.021000063687523683,1.766,1.946,0.17999999999999994,10.1925254813137,0.0009736111111111168,-1.8150252525253342e-06,0.0023587637630114026,5.037,5.141,0.10400000000000009,2.0647210641254734,0.0006458333333333438,3.209175084174453e-06,0.00156465784564952,-0.4432699989933116,-0.34793340676196566,-0.2980648376205067,-0.4893776407715079,-0.48897564996330206,-0.4533764221879627,-0.817420368106832,-0.45021820414336067,-0.41492093755812065,0.0,0.0,0.0,0.0,1.0,11.611617,11.023239,12.223361,1.2001219,1.9567829,1.9346311,2.1362696,0.20163846,5.1442714,5.123727,5.245797,0.12207031,14.468027777777786,71.06394444444443,2.2528055555555584,77.47194444444442,5.359916666666672,33.001041666666595,8.4,LOW,98.0,0.0,0.175,0.109,0.136,significant deviation from lot population (contribution 0.17); predicted value approaching the safety limit (contribution 0.14); high physics-normalised drift rate (contribution 0.11).
IC0028,LOT2026A,107.57,0.39294480287222966,0,9.099,10.411,1.3119999999999994,14.419166941422127,0.008402777777777804,4.997895622894374e-06,0.021384117352762293,1.947,2.122,0.17499999999999982,8.98818695428864,0.0011527777777777823,9.73274410774397e-06,0.002933688826907887,5.218,5.354,0.13600000000000012,2.606362591031049,0.0009194444444444703,4.208754208748422e-07,0.0023398819318229736,-1.013886110395103,-0.3724431896613441,-0.28123744271547907,0.21201050886843792,-0.358583640774228,-0.2579399081917784,0.3652172512598083,-0.16811583068201755,-0.03921746657711796,0.0,0.0,0.0,0.0,1.0,10.604672,10.3993845,11.331482,0.93209743,2.1826375,2.1231892,2.5584702,0.43528104,5.3512483,5.3088584,5.4054976,0.09663916,13.300388888888902,73.39922222222219,2.523388888888891,74.76611111111109,5.677722222222235,29.028472222222057,11.2,LOW,98.1,0.0,0.226,0.113,0.22,significant deviation from lot population (contribution 0.23); predicted value approaching the safety limit (contribution 0.22); high physics-normalised drift rate (contribution 0.11).
IC0029,LOT2026A,110.51,0.46274512647032634,0,9.49,10.9,1.4100000000000001,14.857744994731299,0.009298611111111143,3.327546296296215e-05,0.02009445498008377,1.818,2.049,0.23099999999999987,12.706270627062699,0.001450000000000005,-5.366161616161609e-06,0.0031334743837501803,5.1,5.209,0.10899999999999999,2.1372549019607843,0.0007361111111111293,-8.680555555562207e-07,0.0015907484898348954,-0.7797994673787636,-0.289674551074434,-0.337744280179804,-0.0789061668344941,-0.1422744162280103,-0.190026026491407,-0.4398646961963576,-0.35713874081854935,-0.40227640579574886,0.0,0.0,0.0,0.0,1.0,11.0466585,10.668907,11.64666,0.9777527,2.0668597,2.0422235,2.3528664,0.31064296,5.202623,5.1763706,5.2535152,0.07714462,14.139305555555572,71.72138888888885,2.543000000000003,74.56999999999996,5.468055555555564,31.64930555555545,8.1,LOW,98.4,0.0,0.165,0.1,0.14,significant deviation from lot population (contribution 0.17); predicted value approaching the safety limit (contribution 0.14); high physics-normalised drift rate (contribution 0.10).
IC0030,LOT2026A,108.88,0.4227729530734688,0,9.743,11.237,1.4939999999999998,15.334086010469052,0.008838888888888901,3.3012415824914264e-05,0.020906940296516303,1.88,2.076,0.19600000000000017,10.425531914893627,0.0012041666666666746,1.3678451178449115e-06,0.002848258522482673,5.148,5.289,0.14100000000000001,2.7389277389277393,0.0007888888888888919,-2.7093855218866353e-06,0.001865987128915979,-0.6184759526619822,-0.3321496198686483,-0.3021450592593313,0.028693151576179993,-0.3211843823246459,-0.28698056398323096,0.004318447227732912,-0.30272305456714144,-0.26888515300163307,0.0,0.0,0.0,0.0,1.0,11.333836,11.019024,11.820675,0.801651,2.1301954,2.0787206,2.436211,0.35749054,5.2705903,5.232766,5.3262825,0.09351635,14.16244444444445,71.67511111111111,2.482083333333337,75.17916666666663,5.542444444444445,30.719444444444434,8.2,LOW,98.7,0.0,0.123,0.108,0.178,predicted value approaching the safety limit (contribution 0.18); significant deviation from lot population (contribution 0.12); high physics-normalised drift rate (contribution 0.11).
IC0031,LOT2026A,109.4,0.4351711456331991,0,10.099,11.97,1.8710000000000004,18.52658679077137,0.009737500000000019,1.5256734006721593e-06,0.022376253797414338,1.756,1.982,0.22599999999999998,12.870159453302959,0.0014138888888888912,5.260942760942135e-07,0.0032490409878430737,5.019,5.167,0.1479999999999997,2.9487945805937374,0.0008083333333333505,5.471380471380018e-06,0.0018575067337177856,-0.267585340533196,-0.2491243343403834,-0.23776676852348175,-0.34591188289060976,-0.16855497621960883,-0.15074102109397514,-0.6730608464940039,-0.2826751701587077,-0.2729950793675419,0.0,0.0,0.0,0.0,1.0,11.871865,11.226035,12.248431,1.0223961,2.0180085,1.9801643,2.2571292,0.2769649,5.168933,5.133978,5.236072,0.10209417,14.96775000000001,70.06449999999998,2.4629444444444455,75.37055555555554,5.423166666666676,32.21041666666655,7.8,LOW,98.3,0.0,0.138,0.123,0.131,significant deviation from lot population (contribution 0.14); predicted value approaching the safety limit (contribution 0.13); high physics-normalised drift rate (contribution 0.12).
IC0032,LOT2026A,112.63,0.5198462881922439,0,10.373,12.067,1.6940000000000008,16.330858960763532,0.010309722222222265,-6.050084175095118e-07,0.019832251295039807,1.79,2.096,0.30600000000000005,17.09497206703911,0.0017305555555555635,6.786616161615776e-06,0.0033289754969176356,5.13,5.287,0.15700000000000003,3.0604288499025345,0.0008597222222222371,1.709806397305456e-06,0.0016538008287255558,-0.22115097576308398,-0.1962550644213009,-0.34923279169042054,0.10839635039890122,0.06190531909131838,-0.1235685724001372,-0.006786131357868118,-0.22969147565074502,-0.37171881219514025,0.0,0.0,0.0,0.0,1.0,12.086949,11.472836,12.589955,1.1171198,2.14222,2.0948699,2.4943433,0.39947343,5.2781196,5.2317767,5.309774,0.07799721,15.527861111111132,68.94427777777773,2.6552777777777816,73.44722222222218,5.559861111111118,30.501736111111022,5.8,LOW,97.8,0.0,0.021,0.098,0.17,predicted value approaching the safety limit (contribution 0.17); high physics-normalised drift rate (contribution 0.10).
IC0033,LOT2026A,109.12,0.42845486985048586,1,9.926,18.557,8.630999999999998,86.95345557122707,0.05083333333333336,0.00023879419191919063,0.11864337859217758,1.808,2.969,1.1609999999999998,64.2146017699115,0.006877777777777786,3.1434132996632754e-05,0.016052513955968954,5.022,5.758,0.7359999999999998,14.655515730784543,0.0044222222222222345,2.5068392255891425e-05,0.01032132561304629,2.8856431207114324,3.547838839532591,3.9801982502105706,3.5874409790106787,3.807895908662726,4.201593363105763,2.608342125551463,3.4433673463203416,3.8288977635320407,1.0,1.0,0.0,0.7,0.0,18.453934,15.946964,18.586706,2.639742,2.9618192,2.7827342,3.0626035,0.27986932,5.7532215,5.4404864,5.7616706,0.32118416,35.34266666666668,29.31466666666664,5.246888888888893,47.531111111111066,7.233111111111118,9.586111111111029,74.0,HIGH,33.5,0.7,0.893,1.0,0.405,high physics-normalised drift rate (contribution 1.00); significant deviation from lot population (contribution 0.89); abnormal multi-parameter pattern (ensemble anomaly score) (contribution 0.70).
IC0034,LOT2026A,109.53,0.4383217132706402,0,10.961,12.576,1.6150000000000002,14.734057111577412,0.009531944444444482,1.570391414141349e-05,0.021746457352796063,1.722,1.92,0.19799999999999995,11.498257839721251,0.0012541666666666695,7.365319865317822e-07,0.002861292581899288,5.077,5.189,0.1120000000000001,2.2060271814063444,0.0006722222222222366,6.707702020201433e-06,0.0015336274746835903,0.022509763082144092,-0.2681162080006338,-0.2653614367758722,-0.5929917992410455,-0.2847959146439776,-0.28254984545038747,-0.5509104820523778,-0.42301036101764494,-0.4299594513061563,0.0,0.0,0.0,0.0,1.0,12.740418,12.44472,13.381574,0.9368534,1.9445335,1.9214971,2.0871048,0.16560769,5.182996,5.1425376,5.2535152,0.11097765,15.72697222222224,68.54605555555551,2.3490833333333345,76.50916666666664,5.413111111111118,32.33611111111102,7.5,LOW,98.8,0.0,0.117,0.116,0.14,predicted value approaching the safety limit (contribution 0.14); significant deviation from lot population (contribution 0.12); high physics-normalised drift rate (contribution 0.12).
IC0035,LOT2026A,109.52,0.43807863043280776,0,9.841,11.342,1.5010000000000012,15.252514988314209,0.0084166666666667,1.5309343434342876e-05,0.019212684851464455,1.796,2.056,0.26,14.476614699331849,0.0014027777777777814,-1.28893097643114e-06,0.0032021141419107378,5.068,5.21,0.14200000000000035,2.801894238358334,0.0008430555555555714,-1.1574074074082345e-06,0.0019244388951879696,-0.5682119495603142,-0.3711599549545696,-0.3763792302212663,-0.05101004724654123,-0.1766413023708683,-0.16669304642349364,-0.4343124069035546,-0.2468753765722462,-0.24055717420810058,0.0,0.0,0.0,0.0,1.0,11.30444,10.966577,11.820675,0.8540983,2.0544672,2.0460067,2.4003217,0.35431504,5.2080765,5.1377974,5.2561817,0.11838436,14.049333333333351,71.9013333333333,2.497388888888891,75.02611111111109,5.489527777777785,31.380902777777685,6.9,LOW,98.5,0.0,0.11,0.091,0.142,predicted value approaching the safety limit (contribution 0.14); significant deviation from lot population (contribution 0.11); high physics-normalised drift rate (contribution 0.09).
IC0036,LOT2026A,110.5,0.46248980799775374,0,8.386,9.963,1.577,18.805151442880994,0.008773611111111133,-3.182870370371278e-06,0.01897038801588844,1.812,2.046,0.23399999999999976,12.913907284768197,0.0012763888888888911,-2.1569865319868537e-06,0.002759820577267922,4.85,4.944,0.0940000000000003,1.9381443298969137,0.000461111111111127,4.2350589225581525e-06,0.0009970189680663548,-1.2283458569622192,-0.33818082299048424,-0.38699551879110194,-0.09086164665790272,-0.26862326234145706,-0.31704361881096144,-1.9112213587886544,-0.6406731060233376,-0.6900206156711127,0.0,0.0,0.0,0.0,1.0,10.008302,10.008302,11.281222,1.2729206,2.0542686,2.0422235,2.3459089,0.30368543,4.9401164,4.9317875,5.048745,0.116957664,12.772805555555566,74.45438888888887,2.4501944444444455,75.49805555555554,5.080555555555563,36.493055555555465,11.6,LOW,97.6,0.0,0.458,0.089,0.034,significant deviation from lot population (contribution 0.46); high physics-normalised drift rate (contribution 0.09).
IC0037,LOT2026A,110.33,0.45816886624374475,0,10.699,12.299,1.5999999999999996,14.954668660622486,0.009256944444444493,1.733480639730469e-05,0.020204219724349014,1.697,1.91,0.21299999999999986,12.551561579257504,0.001240277777777784,-1.3152356902359635e-06,0.0027070319900740682,4.994,5.183,0.18900000000000006,3.784541449739689,0.001169444444444465,-3.919402356902849e-06,0.0025524310589500492,-0.11009146414797061,-0.29352425519475384,-0.3329349140271517,-0.6328433986524061,-0.2949038223330507,-0.3349882486554657,-0.5842242178091858,0.08964268314050942,0.06379203253402978,0.0,0.0,0.0,0.0,1.0,12.423924,12.1469755,13.107048,0.9600725,1.9219128,1.9049869,2.066194,0.1612072,5.1842117,5.091351,5.2187076,0.12735653,15.327472222222246,69.3450555555555,2.317138888888892,76.82861111111107,5.578722222222233,30.265972222222093,7.0,LOW,98.7,0.0,0.127,0.101,0.122,significant deviation from lot population (contribution 0.13); predicted value approaching the safety limit (contribution 0.12); high physics-normalised drift rate (contribution 0.10).
IC0038,LOT2026A,110.2,0.4548893204119686,0,10.85,12.418,1.5679999999999996,14.451612903225802,0.009629166666666678,3.911510942760821e-05,0.02116815285517379,1.806,2.001,0.19499999999999984,10.797342192691021,0.001058333333333336,2.130681818181607e-06,0.0023265732692402206,5.047,5.194,0.14700000000000024,2.912621359223306,0.0008722222222222295,1.7098063973058794e-06,0.0019174383373790906,-0.0531255939660805,-0.2591335650532196,-0.29069997416698806,-0.270193844009025,-0.42731741305994325,-0.46431906198838796,-0.5231490355883728,-0.2168035499596262,-0.24394991433899807,0.0,0.0,0.0,0.0,1.0,12.58013,12.358578,13.26503,0.9064522,2.0471845,2.0039794,2.2363946,0.2324152,5.197305,5.136513,5.2484636,0.1119504,15.66458333333334,68.67083333333332,2.335166666666668,76.64833333333331,5.483111111111114,31.461111111111073,6.9,LOW,98.7,0.0,0.099,0.111,0.138,predicted value approaching the safety limit (contribution 0.14); high physics-normalised drift rate (contribution 0.11); significant deviation from lot population (contribution 0.10).
IC0039,LOT2026A,106.84,0.3771633184450973,0,10.152,11.365,1.213000000000001,11.948384554767543,0.007122222222222215,-2.3910984848485654e-05,0.01888365563115857,1.566,1.755,0.18899999999999983,12.068965517241368,0.0011736111111111155,-1.4204545454548666e-06,0.003111678823777119,5.129,5.219,0.09000000000000075,1.7547280171573552,0.0005222222222222452,-1.078493265993847e-06,0.0013846050150772117,-0.5572017393570918,-0.49075742962589086,-0.39079571709931904,-1.250543189528495,-0.34342177924061473,-0.19743507599928653,-0.3843418032683426,-0.5776654693111556,-0.5021814788809232,0.0,0.0,0.0,0.0,1.0,11.422378,10.970792,12.260077,1.2892857,1.8030256,1.7765611,2.0702353,0.2936741,5.230018,5.197435,5.3055615,0.10812664,13.713111111111107,72.57377777777779,2.152805555555558,78.47194444444442,5.390111111111122,32.623611111110975,10.9,LOW,97.6,0.0,0.287,0.088,0.167,significant deviation from lot population (contribution 0.29); predicted value approaching the safety limit (contribution 0.17); high physics-normalised drift rate (contribution 0.09).
IC0040,LOT2026A,108.14,0.4056807748514764,0,10.248,11.462,1.2140000000000004,11.846213895394229,0.007472222222222268,-6.9707491582508884e-06,0.01841897049461592,1.807,1.936,0.129,7.13890426120642,0.0007250000000000026,-1.0285143097643346e-05,0.0017871194420426553,5.318,5.412,0.0940000000000003,1.7675817976683024,0.0006013888888889005,-3.6826599326637537e-07,0.0014824190007748698,-0.5107673745869798,-0.45841991501518636,-0.41115599746337084,-0.5292292401828685,-0.6699071975977571,-0.6476977004753938,0.6872500302422727,-0.49604193993403195,-0.45477705144821606,0.0,0.0,0.0,0.0,1.0,11.513481,11.398323,12.202138,0.8038149,1.9465551,1.9327312,2.12242,0.18968892,5.40697,5.3496146,5.428696,0.079081535,13.984111111111133,72.03177777777773,2.169500000000001,78.30499999999999,5.61869444444445,29.766319444444377,9.1,LOW,99.2,0.0,0.141,0.084,0.232,predicted value approaching the safety limit (contribution 0.23); significant deviation from lot population (contribution 0.14); high physics-normalised drift rate (contribution 0.08).
IC0041,LOT2026A,111.98,0.5016957796335964,0,12.013,13.592,1.5790000000000006,13.144093898276871,0.009266666666666742,1.6835016835010625e-06,0.01847068889723264,1.739,1.937,0.19799999999999995,11.385853939045425,0.0011972222222222302,5.550294612794444e-06,0.0023863509936172833,5.221,5.364,0.1429999999999998,2.738938900593752,0.0009111111111111238,-2.0780723905728705e-06,0.001816062937137992,0.5088738311897111,-0.2926259909000097,-0.4088899443998021,-0.5252440802417321,-0.3262383361691837,-0.44399858754655475,0.4207401441878184,-0.1767077811427822,-0.2930803405241144,0.0,0.0,0.0,0.0,1.0,13.563832,12.47149,13.616206,1.1447163,1.9566855,1.9333658,2.1215687,0.18820286,5.3628244,5.2994547,5.3889375,0.089482784,16.64633333333337,66.70733333333325,2.3376111111111153,76.62388888888884,5.676555555555562,29.043055555555476,7.9,LOW,98.3,0.0,0.099,0.084,0.211,predicted value approaching the safety limit (contribution 0.21); significant deviation from lot population (contribution 0.10); high physics-normalised drift rate (contribution 0.08).
IC0042,LOT2026A,110.9,0.47280266050218905,1,10.782,19.593,8.811,81.71953255425709,0.052468055555555566,0.0003601378367003355,0.11097242029016172,1.735,2.795,1.0599999999999998,61.095100864553295,0.006416666666666672,4.263994107744069e-05,0.013571553636883487,5.167,5.987,0.8200000000000003,15.869943874588744,0.004798611111111129,3.069760101010024e-05,0.010149289570439953,3.381581284647889,3.6988755645198648,3.644093543156615,2.894023149253005,3.4723133733854152,3.358230868455111,3.8798163736029214,3.831437108797605,3.7455224666419817,1.0,1.0,0.0,0.7,0.0,19.58553,16.988298,19.927101,2.9388027,2.7924643,2.7571416,2.9138064,0.15666485,5.9829698,5.452752,5.985942,0.5331898,37.01602777777778,25.96794444444444,4.943333333333336,50.566666666666634,7.566305555555564,5.421180555555449,77.7,HIGH,32.5,0.7,0.968,0.994,0.522,high physics-normalised drift rate (contribution 0.99); significant deviation from lot population (contribution 0.97); abnormal multi-parameter pattern (ensemble anomaly score) (contribution 0.70).
IC0043,LOT2026A,109.63,0.44075926993467796,0,9.235,10.73,1.495000000000001,16.188413643746628,0.00859305555555557,-7.339015151517251e-06,0.019496029106385197,1.703,1.978,0.2749999999999999,16.147974163241333,0.0018291666666666693,1.8413299663297342e-06,0.0041500356122691606,5.092,5.263,0.17100000000000026,3.358208955223886,0.0011097222222222272,2.1306818181808886e-06,0.002517751294003849,-0.861179281924321,-0.3548628741785442,-0.3639644400417224,-0.361852522655154,0.13367146368375105,0.15553758734540282,-0.14004107438509528,0.028067038171777362,0.046984881807578434,0.0,0.0,0.0,0.0,1.0,10.81135,10.370478,11.401794,1.0313168,2.0079613,1.9792901,2.2833161,0.304026,5.2610064,5.1749034,5.3284836,0.15358019,13.531527777777786,72.93694444444444,2.617583333333335,73.82416666666664,5.6468611111111136,29.41423611111108,9.2,LOW,98.1,0.0,0.186,0.094,0.179,significant deviation from lot population (contribution 0.19); predicted value approaching the safety limit (contribution 0.18); high physics-normalised drift rate (contribution 0.09).
IC0044,LOT2026A,111.05,0.4767233502617416,0,10.281,12.283,2.001999999999999,19.472813928606154,0.010381944444444478,7.891414141413227e-06,0.02177771329796274,1.777,2.069,0.29200000000000004,16.432189082723696,0.0015555555555555598,-2.1832912457915237e-06,0.0032630152366178266,5.197,5.42,0.22299999999999986,4.290937079084085,0.0012611111111111356,4.4718013467953104e-07,0.0026453730668294963,-0.1177507408110819,-0.18958224394607803,-0.26399195073770937,0.0007970319882271237,-0.06545431779103655,-0.14599070033435543,0.7316683445846818,0.1841541382087755,0.10883531173941689,0.0,0.0,0.0,0.0,1.0,12.216196,11.931746,13.199912,1.2681665,2.07604,2.046881,2.3817756,0.33489466,5.4131203,5.332085,5.4671016,0.13501644,15.47197222222224,69.05605555555552,2.5547777777777796,74.4522222222222,5.827555555555568,27.1555555555554,10.4,LOW,97.4,0.0,0.153,0.117,0.252,predicted value approaching the safety limit (contribution 0.25); significant deviation from lot population (contribution 0.15); high physics-normalised drift rate (contribution 0.12).
IC0045,LOT2026A,108.02,0.4029688488774823,0,10.863,11.843,0.9800000000000004,9.021448955168927,0.005658333333333357,2.843539562289383e-05,0.014041614752840867,1.728,1.828,0.10000000000000009,5.787037037037042,0.0005944444444444504,-5.050505050505169e-06,0.0014751622764398442,5.159,5.232,0.0730000000000004,1.4150029075402286,0.0002805555555555743,5.260942760932384e-07,0.0006962214482263212,-0.32838084904664216,-0.6260103677198456,-0.6029507917166029,-0.9596265138255623,-0.764921529875065,-0.7537425135999805,-0.3121620424619285,-0.8268320326729415,-0.8357986871758363,0.0,0.0,0.0,0.0,1.0,11.929995,11.801315,12.650082,0.8487663,1.8303926,1.8153286,2.0614722,0.24614358,5.2205772,5.196367,5.323777,0.12741041,13.692166666666678,72.61566666666664,2.0252222222222254,79.74777777777774,5.299277777777787,33.75902777777766,8.6,LOW,98.8,0.0,0.212,0.041,0.177,significant deviation from lot population (contribution 0.21); predicted value approaching the safety limit (contribution 0.18).
IC0046,LOT2026B,126.92,1.102871832434286,0,8.403,11.881,3.4779999999999998,41.38997976913007,0.020427777777777822,-4.419191919192784e-06,0.01852234972099081,1.985,2.533,0.5479999999999998,27.60705289672543,0.0032916666666666715,-7.944023569023773e-06,0.002984632094013339,5.267,5.634,0.367,6.967913423201062,0.0021513888888889023,-4.99789562290397e-07,0.0019507152378171661,-0.41452835799942706,-0.1943047837573757,-0.2840262847974201,0.0985081484451104,-0.17467702289674325,-0.27210483841152167,-0.24959595423636374,-0.17069972565722666,-0.26726547362757685,0.0,0.0,0.0,0.0,1.0,11.827834,11.34473,12.466182,1.1214514,2.5388842,2.184093,2.5651307,0.3810377,5.6336164,5.5872126,5.674764,0.087551594,18.616888888888912,62.766222222222176,3.630833333333336,63.691666666666634,6.342694444444452,20.716319444444352,10.3,LOW,97.8,0.0,0.071,0.085,0.36,predicted value approaching the safety limit (contribution 0.36); high physics-normalised drift rate (contribution 0.09); significant deviation from lot population (contribution 0.07).
IC0047,LOT2026B,123.75,0.937763450464518,0,9.73,12.126,2.395999999999999,24.62487153134634,0.014090277777777802,3.051346801346705e-05,0.01502540728239966,1.868,2.242,0.3739999999999999,20.021413276231257,0.002168055555555561,3.6037457912456265e-06,0.002311942904664947,5.389,5.606,0.21699999999999964,4.026721098534044,0.0012138888888889039,9.995791245786514e-07,0.001294451056167318,-0.3491504805254103,-0.4959603822877243,-0.44626234925095526,-0.4396496337362507,-0.5323930052647428,-0.4816628303325738,-0.3275173869266086,-0.629509049331082,-0.5808655081104563,0.0,0.0,0.0,0.0,1.0,12.199513,11.439384,12.362337,0.92295265,2.2775173,2.1177118,2.2894936,0.17178178,5.6047106,5.535441,5.6406198,0.10517883,16.7751388888889,66.44972222222219,2.9520277777777806,70.47972222222218,5.9959444444444525,25.050694444444343,9.4,LOW,98.8,0.0,0.077,0.05,0.342,predicted value approaching the safety limit (contribution 0.34); significant deviation from lot population (contribution 0.08).
IC0048,LOT2026B,124.41,0.9701746121445793,0,7.831,11.525,3.694,47.1714978929894,0.021586111111111146,3.0171506734005247e-05,0.022249717567227267,1.845,2.528,0.683,37.018970189701896,0.004173611111111116,1.625631313131294e-05,0.004301917468119798,5.365,5.819,0.45399999999999974,8.462255358807077,0.002697222222222247,-2.1569865319873603e-06,0.0027801410060195393,-0.509526416696366,-0.13916983543953484,-0.11109993534693265,0.08926145115677105,0.1061012821757905,0.13825953514429282,0.2652420831813156,0.09642925834844625,0.12908093195461054,0.0,0.0,0.0,0.0,1.0,11.571236,11.071515,12.009396,0.9378805,2.5410385,2.2296844,2.6066115,0.37692714,5.814594,5.7005515,5.849246,0.14869452,18.624055555555575,62.75188888888885,3.9318055555555578,60.681944444444426,6.713611111111124,16.07986111111095,13.3,LOW,98.2,0.0,0.095,0.121,0.451,predicted value approaching the safety limit (contribution 0.45); high physics-normalised drift rate (contribution 0.12); significant deviation from lot population (contribution 0.10).
IC0049,LOT2026B,122.77,0.8914381561744962,1,10.154,21.907,11.753,115.74748867441403,0.07158055555555562,0.00036403093434343297,0.0802978367705678,1.758,3.412,1.654,94.08418657565414,0.009981944444444451,5.426662457912431e-05,0.011197573690676213,5.266,6.443,1.1769999999999996,22.350930497531326,0.006927777777777794,3.290719696969608e-05,0.007771462024362466,2.2608944973250393,2.240491555026913,2.581966528816481,1.7240775317352015,1.95525856062199,2.2864133836944456,2.001776868849599,2.1668488137715016,2.5142155884466852,1.0,1.0,0.0,0.7,0.0,21.59258,16.070545,22.072374,6.001829,3.4124043,2.8201013,3.453265,0.6331637,6.4324026,5.7244086,6.4451847,0.7207761,45.94427777777781,8.111444444444373,6.748972222222226,32.51027777777774,8.729888888888897,-9.123611111111218,68.0,HIGH,22.8,0.7,0.549,0.692,0.761,predicted value approaching the safety limit (contribution 0.76); abnormal multi-parameter pattern (ensemble anomaly score) (contribution 0.70); high physics-normalised drift rate (contribution 0.69).
IC0050,LOT2026B,123.45,0.9233567296272778,0,10.75,13.39,2.6400000000000006,24.55813953488373,0.016297222222222265,-4.813762626264349e-06,0.017649973947556328,1.817,2.292,0.47499999999999987,26.141992294991738,0.002712500000000004,9.969486531986232e-06,0.002937651194782467,5.29,5.564,0.274,5.179584120982987,0.001681944444444456,2.1569865319859364e-06,0.0018215543250801776,-0.011854002455379507,-0.39091310066056534,-0.324499016245536,-0.3471826608528556,-0.3590621460703602,-0.28674045773967455,-0.44439953596197335,-0.4004442462524325,-0.3289858414622659,0.0,0.0,0.0,0.0,1.0,13.415941,12.627333,14.313075,1.6857424,2.2792475,2.0401483,2.2996879,0.2595396,5.5569267,5.5002947,5.6436276,0.14333296,18.89861111111113,62.20277777777774,3.173250000000002,68.26749999999998,6.130972222222228,23.36284722222215,10.0,LOW,96.5,0.0,0.078,0.076,0.343,predicted value approaching the safety limit (contribution 0.34); significant deviation from lot population (contribution 0.08); high physics-normalised drift rate (contribution 0.08).
IC0051,LOT2026B,122.73,0.88959198462494,0,9.828,11.945,2.117000000000001,21.54049654049655,0.012948611111111133,3.088173400673233e-05,0.014555674213465833,1.877,2.216,0.3390000000000002,18.060735215769856,0.002126388888888899,2.5778619528617344e-06,0.0023902968165629367,5.245,5.39,0.14499999999999957,2.764537654909429,0.0010375000000000106,3.945707070706075e-06,0.0011662650045542282,-0.3974500553123369,-0.550302021996676,-0.46805499976944875,-0.48773245963561596,-0.5456581220398217,-0.45725380355394096,-0.9286255819656306,-0.7158331739334244,-0.6421200323251232,0.0,0.0,0.0,0.0,1.0,11.946351,11.297026,12.147722,0.85069656,2.2118387,2.0636945,2.2306995,0.16700506,5.400568,5.3762035,5.4628043,0.08660078,16.302305555555566,67.39538888888887,2.940194444444449,70.5980555555555,5.763750000000005,27.953124999999936,10.0,LOW,99.1,0.0,0.204,0.046,0.249,predicted value approaching the safety limit (contribution 0.25); significant deviation from lot population (contribution 0.20).
IC0052,LOT2026B,125.9,1.0470913370164816,0,9.098,12.016,2.9179999999999993,32.07298307320289,0.017213888888888928,-2.3542718855220215e-05,0.01643972047169938,1.863,2.317,0.4540000000000002,24.36929683306496,0.002641666666666678,-7.602062289562472e-06,0.0025228617344821916,5.243,5.499,0.25599999999999934,4.882700743848929,0.0015263888888889018,2.8146043771035686e-06,0.0014577418749715774,-0.37850381326884636,-0.34728112717162635,-0.38064714117530957,-0.30094917441115726,-0.38161284458799444,-0.41595681463510964,-0.6252885761357541,-0.4765726081064643,-0.5028359464802353,0.0,0.0,0.0,0.0,1.0,11.938322,11.212711,12.213724,1.0010128,2.3343391,2.1235447,2.3364356,0.21289086,5.5061736,5.474362,5.6336155,0.1592536,17.704944444444465,64.59011111111107,3.183833333333339,68.1616666666666,6.006194444444451,24.922569444444363,10.6,LOW,98.4,0.0,0.125,0.064,0.338,predicted value approaching the safety limit (contribution 0.34); significant deviation from lot population (contribution 0.12); high physics-normalised drift rate (contribution 0.06).
IC0053,LOT2026B,125.59,1.0306499320494094,0,10.26,13.504,3.2439999999999998,31.617933723196877,0.01970277777777781,-1.194234006734137e-05,0.019116847694929318,1.838,2.339,0.5009999999999999,27.257889009793246,0.002956944444444454,3.9983164983161904e-06,0.002869009498273268,5.253,5.632,0.37899999999999956,7.214924804873397,0.002244444444444453,1.9991582491575336e-06,0.0021776981442976065,0.018566724205999557,-0.22881370824408281,-0.2564453299172358,-0.26026370634246365,-0.2812401276565538,-0.3081239083886372,-0.2551617708570973,-0.12515865204812038,-0.15880024073868276,0.0,0.0,0.0,0.0,1.0,13.597584,12.418635,14.205726,1.7870903,2.325992,2.1343968,2.3462942,0.21189737,5.631037,5.571981,5.690169,0.118187904,20.111388888888904,59.77722222222219,3.316472222222227,66.83527777777772,6.375222222222226,20.30972222222217,9.8,LOW,96.5,0.0,0.031,0.091,0.368,predicted value approaching the safety limit (contribution 0.37); high physics-normalised drift rate (contribution 0.09).
IC0054,LOT2026B,124.54,0.9766764940141072,0,8.959,12.116,3.157,35.23830784685791,0.0185569444444445,5.155723905722686e-06,0.01900009323268966,1.869,2.322,0.45300000000000007,24.237560192616375,0.0028486111111111177,1.5019991582491402e-05,0.002916637319081391,5.389,5.724,0.33499999999999996,6.216366672852105,0.002027777777777799,5.1557239057229175e-06,0.0020762020896435227,-0.3518189653202681,-0.28335367510525555,-0.2618620002782105,-0.29170247712281794,-0.31572943127176356,-0.29328675826616546,0.0008657936965614616,-0.2311945846305165,-0.20730077928609877,0.0,0.0,0.0,0.0,1.0,12.087113,11.212711,12.303846,1.091135,2.3467698,2.135067,2.3566265,0.22155952,5.709668,5.6153517,5.788598,0.17324638,18.23747222222225,63.5250555555555,3.293305555555559,67.0669444444444,6.402888888888899,19.96388888888876,11.3,LOW,98.1,0.0,0.054,0.089,0.419,predicted value approaching the safety limit (contribution 0.42); high physics-normalised drift rate (contribution 0.09); significant deviation from lot population (contribution 0.05).
IC0055,LOT2026B,124.71,0.9852382589441192,0,9.288,11.547,2.2590000000000003,24.321705426356594,0.013243055555555584,2.9724326599317406e-06,0.013441475130846198,2.04,2.4,0.3599999999999999,17.647058823529406,0.002259722222222226,3.419612794610707e-07,0.00229357944812656,5.234,5.474,0.2400000000000002,4.5854031333588114,0.0013916666666666775,3.866792929292419e-06,0.0014125178899955916,-0.5036557501476787,-0.5362869032396225,-0.519746806928498,-0.14745399942472137,-0.5032097483595667,-0.48738346497015655,-0.6948612838948985,-0.5425052072121898,-0.5244465168031017,0.0,0.0,0.0,0.0,1.0,11.694243,11.245283,12.157884,0.9126005,2.383288,2.2431242,2.4226453,0.17952108,5.491882,5.450875,5.5977154,0.14684057,15.909527777777793,68.1809444444444,3.1698611111111132,68.30138888888887,5.929833333333339,25.87708333333326,10.0,LOW,98.7,0.0,0.143,0.035,0.32,predicted value approaching the safety limit (contribution 0.32); significant deviation from lot population (contribution 0.14).
IC0056,LOT2026B,124.15,0.9572878589224102,0,8.843,11.6,2.7569999999999997,31.177202306909418,0.016155555555555593,-4.214015151515287e-05,0.01687638196283134,2.004,2.418,0.41400000000000015,20.658682634730546,0.0026972222222222324,5.182028619528229e-06,0.002817566520961013,5.365,5.654,0.2889999999999997,5.386766076421242,0.001751388888888907,4.655934343433778e-06,0.0018295321230339138,-0.48951278073493243,-0.3976562238361289,-0.3603888031947158,-0.1141658891866986,-0.363926022221221,-0.32414956658962424,-0.19393778802904812,-0.36645837042473633,-0.32517359971062937,0.0,0.0,0.0,0.0,1.0,11.715572,11.0445595,12.041927,0.99736786,2.4066377,2.2248585,2.4231422,0.19828367,5.6557465,5.580574,5.686658,0.10608387,16.920777777777797,66.1584444444444,3.3526111111111163,66.47388888888884,6.240694444444454,21.991319444444322,10.5,LOW,98.6,0.0,0.09,0.069,0.366,predicted value approaching the safety limit (contribution 0.37); significant deviation from lot population (contribution 0.09); high physics-normalised drift rate (contribution 0.07).
IC0057,LOT2026B,126.8,1.0961732285724661,0,9.04,12.418,3.378,37.36725663716815,0.020380555555555603,5.8133417508403955e-06,0.018592458768671962,1.677,2.055,0.3780000000000001,22.540250447227198,0.0023305555555555605,1.8413299663260392e-07,0.0021260832638565863,5.375,5.691,0.31599999999999984,5.879069767441857,0.0018916666666666804,-2.4200336700345827e-06,0.001725700479959884,-0.2712307245155615,-0.19655249148256335,-0.2807736673528624,-0.7854761123201491,-0.48065904984192964,-0.5395623383426489,-0.09097018054551227,-0.2978069012527985,-0.3747902141151667,0.0,0.0,0.0,0.0,1.0,12.156051,11.212711,12.892613,1.6799021,2.0785286,1.9221367,2.1236198,0.20148313,5.6894546,5.6125584,5.7278743,0.115315914,19.2302777777778,61.5394444444444,2.84227777777778,71.5772222222222,6.32083333333334,20.98958333333325,12.8,LOW,96.8,0.0,0.167,0.085,0.387,predicted value approaching the safety limit (contribution 0.39); significant deviation from lot population (contribution 0.17); high physics-normalised drift rate (contribution 0.09).
IC0058,LOT2026B,124.13,0.9563029961346382,0,9.071,11.165,2.0939999999999994,23.08455517583507,0.012694444444444473,9.496001683500121e-06,0.013274500336980246,1.68,1.987,0.30700000000000016,18.273809523809533,0.001904166666666673,-4.419191919192085e-06,0.0019911750505470388,5.297,5.534,0.2370000000000001,4.474230696620731,0.0014847222222222284,7.628367003358615e-07,0.0015525646455395962,-0.6055918693112484,-0.5623999782822451,-0.5274933838011405,-0.911231195441567,-0.616405411506918,-0.5815893171055913,-0.5278867852729493,-0.4969641336030834,-0.4575242793934602,0.0,0.0,0.0,0.0,1.0,11.120728,10.8098,11.951578,1.141778,1.9982789,1.8732738,2.090142,0.21686816,5.5258865,5.4788733,5.6168737,0.13800049,15.418222222222237,69.16355555555552,2.6320833333333367,73.67916666666663,6.039361111111114,24.50798611111108,11.2,LOW,98.1,0.0,0.199,0.033,0.33,predicted value approaching the safety limit (contribution 0.33); significant deviation from lot population (contribution 0.20).
IC0059,LOT2026B,121.68,0.8423473531964882,0,9.248,12.697,3.449,37.294550173010386,0.020736111111111153,-4.016729797979918e-05,0.02461705498619189,1.872,2.492,0.6199999999999999,33.11965811965811,0.0036777777777777833,-5.865951178451339e-06,0.004366105934590496,5.349,5.677,0.3279999999999994,6.131987287343417,0.0019902777777777944,1.2889309764301521e-06,0.002362775605841474,-0.19677999873902793,-0.17962857449291447,-0.0012704163225520728,0.022685230680726302,-0.05175360744766524,0.15825570328714772,-0.1299308968906347,-0.24954695757747297,-0.07035979260048433,0.0,0.0,0.0,0.0,1.0,12.618356,11.852576,12.860035,1.0074587,2.4706213,2.2252717,2.5314937,0.30622196,5.6614485,5.5796165,5.678556,0.09893942,19.616055555555576,60.76788888888884,3.710888888888892,62.89111111111107,6.344138888888898,20.69826388888878,10.4,LOW,98.3,0.0,0.014,0.145,0.362,predicted value approaching the safety limit (contribution 0.36); high physics-normalised drift rate (contribution 0.14).
IC0060,LOT2026B,124.53,0.9761749573004993,1,10.073,28.222,18.149,180.1747245110692,0.1067666666666667,0.0006299452861952845,0.10937247044517283,1.875,4.618,2.7430000000000003,146.29333333333335,0.016466666666666675,0.00010019465488215462,0.016868560849177452,5.36,7.115,1.755,32.742537313432834,0.010447222222222241,6.118476430976342e-05,0.010702202657516277,3.946042645277763,3.915298246494767,3.9308460787745623,3.954380917682699,4.019752901383661,4.053054947083848,3.8718912534154453,3.889253000718987,3.9146887352621076,1.0,1.0,0.0,0.7,0.0,28.1815,16.516632,30.92155,14.404919,4.6004443,2.9212842,4.6134777,1.6921935,7.1165543,5.7497506,7.1165543,1.3668036,63.456333333333355,-26.912666666666706,10.108333333333338,-1.0833333333333783,10.583611111111122,-32.29513888888902,87.3,CRITICAL,0.0,0.7,0.988,0.978,1.0,predicted value approaching the safety limit (contribution 1.00); significant deviation from lot population (contribution 0.99); high physics-normalised drift rate (contribution 0.98).
IC0061,LOT2026B,123.17,0.910090966753649,0,8.882,12.099,3.2170000000000005,36.219319972979065,0.020577777777777827,2.341119528619323e-05,0.02261068237077447,1.828,2.359,0.5309999999999999,29.04814004376367,0.0030902777777777864,2.2885101010098555e-06,0.0033955702129436567,5.332,5.686,0.3540000000000001,6.639159789947489,0.0021611111111111154,4.024621212120193e-06,0.0023746100006023937,-0.35635538947152623,-0.1871650062773673,-0.09435344604602927,-0.22327691718910547,-0.23879175397629698,-0.14408826200382208,-0.10488472209734118,-0.1659417030413541,-0.06470465141057767,0.0,0.0,0.0,0.0,1.0,11.936075,11.229614,12.200512,0.9708977,2.3516583,2.1501884,2.3661635,0.21597505,5.6894445,5.5896497,5.73617,0.14652014,19.17088888888891,61.65822222222218,3.373138888888893,66.26861111111107,6.412555555555557,19.843055555555534,11.4,LOW,98.5,0.0,0.056,0.125,0.392,predicted value approaching the safety limit (contribution 0.39); high physics-normalised drift rate (contribution 0.12); significant deviation from lot population (contribution 0.06).
IC0062,LOT2026B,125.58,1.0301234622497315,0,8.498,11.903,3.405000000000001,40.06825135325961,0.02075000000000006,4.734848484837324e-07,0.020143216575888127,1.934,2.576,0.6420000000000001,33.19544984488108,0.003933333333333341,3.2091750841748318e-06,0.0038183125396864205,5.338,5.761,0.42300000000000004,7.924316223304609,0.0024611111111111253,5.787037037032576e-07,0.0023891418857077554,-0.40865769145073977,-0.17896748398550547,-0.2088282899320362,0.17802974512483072,0.029605775439494775,-0.012394406215743078,0.10383340118009733,-0.019122719465715338,-0.05776049721540905,0.0,0.0,0.0,0.0,1.0,11.824005,10.953711,12.097732,1.144021,2.5790584,2.208129,2.6231265,0.41499758,5.7570963,5.6586895,5.813196,0.15450668,18.87300000000003,62.25399999999994,3.9006666666666705,60.9933333333333,6.568555555555562,17.89305555555547,12.0,LOW,97.5,0.0,0.069,0.101,0.432,predicted value approaching the safety limit (contribution 0.43); high physics-normalised drift rate (contribution 0.10); significant deviation from lot population (contribution 0.07).
IC0063,LOT2026B,124.19,0.9592603301659405,0,10.151,14.009,3.8580000000000005,38.00610777263324,0.02359444444444446,-3.4985269360282633e-06,0.024596497637260684,1.743,2.358,0.615,35.28399311531841,0.0035055555555555565,5.103114478114207e-06,0.0036544360746671735,5.362,5.763,0.4009999999999998,7.478552778813871,0.002331944444444455,-3.3933080808087126e-06,0.0024309818420626826,0.1533252063463205,-0.04357614806831453,-0.0022241476020240045,-0.2251262566467732,-0.10658275678466543,-0.06344565466202678,0.1093992178008284,-0.08233644850522613,-0.03776700660209976,0.0,0.0,0.0,0.0,1.0,13.981819,12.442722,15.604085,3.1613626,2.3473482,2.10779,2.3563159,0.24852586,5.7569656,5.661107,5.821181,0.16007376,21.948222222222228,56.10355555555554,3.4957777777777785,65.04222222222221,6.527972222222227,18.40034722222216,12.0,LOW,92.7,0.0,0.022,0.144,0.436,predicted value approaching the safety limit (contribution 0.44); high physics-normalised drift rate (contribution 0.14).
IC0064,LOT2026B,126.54,1.0817852562093118,0,9.178,12.691,3.513,38.27631292220527,0.020552777777777802,-2.285879629629687e-05,0.018998944254238478,1.742,2.296,0.5539999999999998,31.80252583237657,0.00335138888888889,4.471801346798967e-07,0.00309801679182845,5.147,5.508,0.36099999999999977,7.013794443365063,0.0021569444444444557,-1.1837121212126538e-06,0.0019938748767963557,-0.1983810896159422,-0.1883549691907032,-0.26191530562862303,-0.33978530302218396,-0.15566368885246265,-0.23678292456937117,-0.6002424013424605,-0.16798085559101228,-0.246641364235966,0.0,0.0,0.0,0.0,1.0,12.442412,11.768465,13.599146,1.8306808,2.281183,2.0503664,2.316253,0.26588655,5.506416,5.444411,5.5767837,0.13237286,19.4543888888889,61.0912222222222,3.417694444444445,65.82305555555556,6.225472222222228,22.18159722222215,10.3,LOW,96.2,0.0,0.119,0.089,0.309,predicted value approaching the safety limit (contribution 0.31); significant deviation from lot population (contribution 0.12); high physics-normalised drift rate (contribution 0.09).
IC0065,LOT2026B,124.23,0.9612364673214463,0,10.046,13.916,3.870000000000001,38.522795142345224,0.023398611111111148,4.979482323232182e-05,0.02434220080758384,1.7,2.272,0.5719999999999998,33.6470588235294,0.003347222222222226,8.83838383838354e-06,0.003482204781045707,5.3,5.676,0.37600000000000033,7.094339622641516,0.0022083333333333378,-2.1832912457920493e-06,0.0022973882165405308,0.12850829775414263,-0.052897524222768694,-0.014021915959458887,-0.38416945000621383,-0.15699020052996984,-0.11709962236179172,-0.13271380520099899,-0.14283130747852277,-0.10160557457805688,0.0,0.0,0.0,0.0,1.0,13.833121,12.442722,15.537266,3.0945435,2.265162,2.0482898,2.2849092,0.23661947,5.684375,5.6248555,5.7559586,0.13110304,21.745305555555575,56.50938888888884,3.3736111111111127,66.26388888888887,6.404166666666669,19.947916666666643,12.1,LOW,93.0,0.0,0.063,0.142,0.402,predicted value approaching the safety limit (contribution 0.40); high physics-normalised drift rate (contribution 0.14); significant deviation from lot population (contribution 0.06).
IC0066,LOT2026B,123.24,0.9133911826702928,0,8.911,11.069,2.1580000000000013,24.217259566827533,0.013673611111111136,-1.4993686868687944e-05,0.01497015886570793,1.726,2.142,0.4159999999999999,24.101969872537655,0.002223611111111114,-8.417508417511662e-07,0.002434456510309638,5.31,5.55,0.2400000000000002,4.51977401129944,0.0014875000000000166,1.4467592592584261e-06,0.0016285464850353828,-0.6312093233418832,-0.5157930975099694,-0.44882552718389446,-0.6245835795030417,-0.5147061828979698,-0.4434970539406888,-0.4833602523070958,-0.4956046985699706,-0.42121587166343916,0.0,0.0,0.0,0.0,1.0,11.129971,10.774696,11.848244,1.0735474,2.11391,1.9386469,2.1759617,0.23731482,5.5547547,5.498286,5.6254306,0.12714481,15.747805555555567,68.50438888888887,2.837805555555557,71.62194444444442,6.053750000000008,24.3281249999999,10.2,LOW,98.2,0.0,0.127,0.05,0.334,predicted value approaching the safety limit (contribution 0.33); significant deviation from lot population (contribution 0.13).
IC0067,LOT2026B,126.66,1.0884045649452754,0,8.296,10.564,2.2680000000000007,27.33847637415623,0.013493055555555588,-2.2359006734015045e-06,0.01239709570331875,1.8,2.272,0.47199999999999975,26.222222222222207,0.002725000000000001,-3.7352693602695905e-06,0.002503664618621857,5.418,5.643,0.22499999999999964,4.1528239202657735,0.0012833333333333594,4.208754208749705e-07,0.0011790958754366167,-0.7659678054822041,-0.5243872741062752,-0.5681994226331338,-0.38416945000621383,-0.35508261103783706,-0.42193715312436697,-0.22454977944307272,-0.5955231735033835,-0.6359887186504279,0.0,0.0,0.0,0.0,1.0,10.63083,10.564314,12.200218,1.6359043,2.237798,2.0507963,2.2922628,0.24146652,5.643299,5.5679655,5.6700616,0.10209608,15.042527777777792,69.91494444444442,3.1625000000000005,68.375,6.05966666666668,24.2541666666665,10.9,LOW,96.8,0.0,0.162,0.024,0.357,predicted value approaching the safety limit (contribution 0.36); significant deviation from lot population (contribution 0.16).
IC0068,LOT2026B,125.41,1.0212105036756836,0,9.259,13.616,4.356999999999999,47.05691759369262,0.026233333333333362,4.590172558922448e-05,0.02568846798863768,1.781,2.506,0.7249999999999999,40.707467714766985,0.004186111111111116,-2.6304713804716e-06,0.004099165741092439,5.322,5.743,0.42100000000000026,7.9105599398722335,0.0024930555555555674,4.445496632996357e-06,0.0024412748856207545,0.048453753908407345,0.08203104833923827,0.04843638668424274,0.048575983088076626,0.11008081720831472,0.07509775783739821,0.05374105159351278,-0.0034892165849776955,-0.03284840993782627,0.0,0.0,0.0,0.0,1.0,13.680039,12.519259,15.434446,2.915187,2.4888406,2.14146,2.5477571,0.4062972,5.756478,5.661107,5.84585,0.18474293,22.37566666666668,55.24866666666664,3.8740555555555583,61.25944444444442,6.568527777777784,17.893402777777702,12.1,LOW,92.8,0.0,0.0,0.155,0.449,predicted value approaching the safety limit (contribution 0.45); high physics-normalised drift rate (contribution 0.15).
IC0069,LOT2026B,127.22,1.1197800866545702,0,8.402,11.411,3.0090000000000003,35.8129016900738,0.017437500000000054,4.840067340065702e-06,0.015572254059362618,1.758,2.138,0.3799999999999999,21.615472127417515,0.002243055555555561,-1.6045875420877719e-06,0.002003121489914027,5.317,5.652,0.33499999999999996,6.30054542034982,0.0019875000000000244,-1.4467592592600942e-06,0.0017749020755832823,-0.5399471433577455,-0.3366375700023541,-0.4208921092451423,-0.6319809373337133,-0.5085157950695982,-0.5778677293589862,-0.1995036046497792,-0.25090639261057684,-0.3512789171168751,0.0,0.0,0.0,0.0,1.0,11.423608,11.172228,12.346483,1.1742554,2.138933,1.9426507,2.1886208,0.24597013,5.6614065,5.586203,5.6836796,0.09747648,17.120750000000026,65.75849999999994,2.8795277777777804,71.20472222222219,6.310750000000012,21.11562499999985,10.9,LOW,98.0,0.0,0.127,0.056,0.364,predicted value approaching the safety limit (contribution 0.36); significant deviation from lot population (contribution 0.13); high physics-normalised drift rate (contribution 0.06).
IC0070,LOT2026B,125.43,1.0222554647324698,0,9.324,12.56,3.2360000000000007,34.70613470613471,0.019315277777777827,-5.9369739057240625e-05,0.018894765979884244,1.79,2.314,0.524,29.27374301675978,0.00294583333333334,-1.8676346801348529e-06,0.0028816997658254453,5.375,5.708,0.3330000000000002,6.1953488372093055,0.0018888888888889013,-6.339436026936713e-06,0.0018477659978890252,-0.23333824042857992,-0.24725813340076985,-0.26674852022382833,-0.3064971927841612,-0.2847774921299095,-0.30417060123388545,-0.04366073926929202,-0.29916633628590683,-0.31646042604793756,0.0,0.0,0.0,0.0,1.0,12.433466,11.604945,12.573815,0.96887016,2.294705,2.063521,2.3375576,0.27403665,5.7073455,5.613629,5.7567945,0.14316559,18.981638888888913,62.036722222222174,3.26291666666667,67.37083333333331,6.319444444444451,21.006944444444365,10.7,LOW,98.4,0.0,0.043,0.088,0.402,predicted value approaching the safety limit (contribution 0.40); high physics-normalised drift rate (contribution 0.09).
IC0071,LOT2026B,126.54,1.0817852562093118,0,8.839,11.143,2.3040000000000003,26.066297092431274,0.01336944444444448,-1.7361111111120054e-06,0.012358686132673324,1.688,1.965,0.27700000000000014,16.40995260663508,0.0016097222222222268,-7.417929292929412e-06,0.0014880238133979206,5.144,5.428,0.2839999999999998,5.520995334370136,0.001598611111111123,-2.1306818181824535e-06,0.0014777527258162334,-0.6114625358599353,-0.5302709796222077,-0.569981384357781,-0.951916663510261,-0.7101455700508196,-0.7383323784764708,-0.8228750661717279,-0.44122729724566406,-0.4932736334813154,0.0,0.0,0.0,0.0,1.0,11.162812,10.743251,12.089226,1.3459749,1.9512423,1.8432487,2.1275792,0.2843305,5.439663,5.4044933,5.5500875,0.14559412,15.52372222222224,68.95255555555552,2.492861111111113,75.07138888888886,5.943305555555561,25.708680555555485,10.6,LOW,97.3,0.0,0.21,0.024,0.295,predicted value approaching the safety limit (contribution 0.29); significant deviation from lot population (contribution 0.21).
IC0072,LOT2026B,124.08,0.9538448372310644,0,10.015,12.041,2.026,20.22965551672491,0.012323611111111138,-1.7650462962964266e-05,0.012919932708222859,1.779,2.085,0.30600000000000005,17.200674536256326,0.001708333333333336,3.393308080807846e-06,0.0017909970958090958,5.195,5.41,0.21499999999999986,4.138594802694897,0.0013861111111111147,-6.681397306397706e-06,0.001453183009445105,-0.37183260128170165,-0.5800510948300434,-0.5439430845561223,-0.7299959285901123,-0.6787514603497967,-0.643949305768975,-0.8729674157583125,-0.5452240772784088,-0.505014429515391,0.0,0.0,0.0,0.0,1.0,12.010714,11.350092,12.3263,0.97620773,2.0803552,1.9103729,2.1341953,0.22382247,5.4333344,5.4042015,5.5905313,0.18632984,16.176805555555568,67.64638888888886,2.6331666666666678,73.66833333333332,5.888055555555558,26.39930555555553,10.7,LOW,98.4,0.0,0.189,0.03,0.316,predicted value approaching the safety limit (contribution 0.32); significant deviation from lot population (contribution 0.19).
IC0073,LOT2026B,123.16,0.9096203867960072,0,8.253,10.584,2.3309999999999995,28.244274809160295,0.01422500000000004,2.2700968013467093e-05,0.015638391802216895,1.783,2.278,0.4950000000000001,27.762198541783516,0.003033333333333336,9.469696969695624e-07,0.0033347244381997294,5.2,5.519,0.31899999999999995,6.134615384615383,0.0018347222222222445,1.6045875420870087e-06,0.00201701968079757,-0.7606308358924886,-0.4895478043658643,-0.41782373528676486,-0.37307341326020593,-0.2569207469022421,-0.16304310559892907,-0.5696304099284359,-0.3256753194315026,-0.2355814716868509,0.0,0.0,0.0,0.0,1.0,10.631107,10.552822,11.589267,1.0364447,2.264738,2.0401483,2.3118188,0.27167058,5.522452,5.4562182,5.630328,0.17410994,15.36550000000002,69.26899999999996,3.299666666666668,67.00333333333333,6.117361111111123,23.532986111110965,11.1,LOW,98.1,0.0,0.16,0.056,0.337,predicted value approaching the safety limit (contribution 0.34); significant deviation from lot population (contribution 0.16); high physics-normalised drift rate (contribution 0.06).
IC0074,LOT2026B,124.35,0.9671869346333556,0,9.841,11.967,2.1260000000000012,21.60349557971752,0.01261250000000003,2.0701809764308637e-05,0.013040395344857732,1.736,2.125,0.389,22.40783410138249,0.0022430555555555624,-3.393308080808289e-06,0.0023191541109949623,5.318,5.531,0.21300000000000008,4.005265137269652,0.001241666666666686,2.893518518517789e-06,0.0012837918112876298,-0.3915793887636496,-0.5663004122759533,-0.5383543783007194,-0.656022350283396,-0.5085157950695978,-0.4794163754440834,-0.5362355102040471,-0.6159146990000026,-0.5859590964172691,0.0,0.0,0.0,0.0,1.0,11.974533,11.350092,12.212598,0.8625059,2.1186385,1.9225804,2.1448123,0.22223198,5.533876,5.5092664,5.6243677,0.11510134,16.147250000000014,67.70549999999997,2.857527777777781,71.42472222222219,5.938833333333343,25.764583333333213,9.9,LOW,98.8,0.0,0.133,0.031,0.333,predicted value approaching the safety limit (contribution 0.33); significant deviation from lot population (contribution 0.13).
IC0075,LOT2026B,125.13,1.0066818543330591,1,9.409,27.649,18.240000000000002,193.8569454777341,0.1081333333333334,0.0006820286195286181,0.10741559795470164,1.865,4.609,2.7439999999999998,147.13136729222518,0.016375,0.00010890151515151497,0.0162663108801625,5.339,7.16,1.8209999999999997,34.10751076980707,0.010711111111111123,7.323232323232272e-05,0.01064001607360588,3.793138466532409,3.980349552423733,3.8400595425170945,3.9377368625636877,3.990569644478481,3.8654403753920685,3.9971221273819078,4.018399328864216,3.8849724786021063,1.0,1.0,0.0,0.7,0.0,27.732319,15.74815,30.212418,14.464268,4.5987377,2.9212842,4.609787,1.6885028,7.1562724,5.7497506,7.1630125,1.4132619,63.4756666666667,-26.951333333333395,10.0525,-0.5250000000000021,10.694555555555562,-33.681944444444525,87.2,CRITICAL,0.0,0.7,0.999,0.959,1.0,predicted value approaching the safety limit (contribution 1.00); significant deviation from lot population (contribution 1.00); high physics-normalised drift rate (contribution 0.96).
IC0076,LOT2026B,125.02,1.0010253667919182,0,8.44,12.796,4.356,51.61137440758294,0.025106944444444498,-2.3095538720541197e-05,0.025081226987191268,1.847,2.42,0.573,31.02328099621007,0.0034347222222222253,4.340277777777646e-06,0.0034312039796052405,5.329,5.708,0.37900000000000045,7.112028523175089,0.0022583333333333444,-3.077651515152112e-06,0.0022560200852560224,-0.17036199926993528,0.028416608188436915,0.020264235732515887,-0.11046721027136319,-0.1291334553023013,-0.13298753271542937,-0.04366073926929202,-0.11836147688258054,-0.12137360056524375,0.0,0.0,0.0,0.0,1.0,12.6653,11.66368,14.620103,2.9564228,2.4309413,2.1687548,2.4387558,0.27000093,5.726314,5.6495743,5.7660103,0.116436005,20.99347222222225,58.0130555555555,3.5643611111111126,64.35638888888887,6.458166666666672,19.272916666666596,11.3,LOW,93.3,0.0,0.007,0.149,0.407,predicted value approaching the safety limit (contribution 0.41); high physics-normalised drift rate (contribution 0.15).
IC0077,LOT2026B,125.99,1.0519087467532546,1,10.05,19.933,9.883,98.33830845771143,0.06039444444444445,0.0003457754629629614,0.057414147977049884,1.852,3.372,1.5199999999999998,82.07343412526996,0.009233333333333338,4.92950336700335e-05,0.008777694226644922,5.268,6.25,0.9820000000000002,18.6408504176158,0.005994444444444451,3.196022727272635e-05,0.005698635421510154,1.7341355988201024,1.70804926036037,1.5203077582661901,1.6501039534284851,1.7169286292297128,1.5325658576704246,1.4646755649489929,1.7100786426473027,1.5237021453736252,1.0,1.0,0.0,0.7,0.0,19.876156,15.932197,19.876156,3.9439592,3.3817382,2.754287,3.3817382,0.6274512,6.238497,5.7497506,6.263344,0.5135932,40.24722222222223,19.505555555555546,6.468666666666669,35.313333333333304,8.265222222222224,-3.315277777777803,58.9,MEDIUM,28.7,0.7,0.412,0.467,0.666,abnormal multi-parameter pattern (ensemble anomaly score) (contribution 0.70); predicted value approaching the safety limit (contribution 0.67); high physics-normalised drift rate (contribution 0.47).
IC0078,LOT2026B,122.03,0.8578376255114919,0,8.929,11.589,2.66,29.79057005263747,0.015086111111111149,-2.414772727272865e-05,0.01758620823155891,1.829,2.239,0.4099999999999999,22.416621104428646,0.0023625000000000096,1.1837121212118584e-06,0.002754017694888764,5.241,5.507,0.266,5.075367296317497,0.0015958333333333482,2.6304713804613165e-07,0.0018602976669178167,-0.49244811400927585,-0.4485601929065579,-0.3274573431245597,-0.4451976521092546,-0.47048912698103323,-0.34394647219106644,-0.6030253096528273,-0.44258673227877027,-0.3104720878916829,0.0,0.0,0.0,0.0,1.0,11.511112,10.8407755,11.94345,1.1026745,2.2538853,2.1054857,2.2928605,0.18737483,5.475878,5.40545,5.505942,0.100492,16.472055555555574,67.05588888888886,3.0102500000000045,69.89749999999995,6.038916666666673,24.513541666666583,9.3,LOW,98.3,0.0,0.119,0.075,0.272,predicted value approaching the safety limit (contribution 0.27); significant deviation from lot population (contribution 0.12); high physics-normalised drift rate (contribution 0.07).
IC0079,LOT2026B,122.29,0.8695106404744032,0,10.129,13.615,3.4860000000000007,34.416033172080176,0.02022500000000006,-1.2205387205387949e-05,0.023260209891123748,1.89,2.325,0.4350000000000003,23.01587301587303,0.0026041666666666748,3.6826599326579166e-07,0.0029949796419349705,5.183,5.491,0.30799999999999983,5.942504341115181,0.0017416666666666709,-5.208333333334091e-06,0.0020030423845261067,0.04818690542892171,-0.2039567051655343,-0.06421946743293415,-0.286154458749814,-0.39355144968556777,-0.2688813417386163,-0.6475518426186808,-0.3712163930406201,-0.2422606120624367,0.0,0.0,0.0,0.0,1.0,13.49232,12.201926,13.510914,1.3089876,2.3284595,2.124419,2.3490763,0.2246573,5.4751487,5.4108486,5.5016866,0.090837955,20.24150000000003,59.51699999999994,3.192083333333337,68.07916666666662,6.053833333333335,24.32708333333331,10.6,LOW,97.7,0.0,0.131,0.131,0.27,predicted value approaching the safety limit (contribution 0.27); significant deviation from lot population (contribution 0.13); high physics-normalised drift rate (contribution 0.13).
IC0080,LOT2026B,124.96,0.9979521079611943,0,9.757,12.212,2.455,25.161422568412423,0.0152444444444445,3.619528619528521e-05,0.015275727485148301,2.034,2.576,0.5420000000000003,26.647000983284187,0.0032597222222222285,-7.680976430976743e-06,0.003266411480288174,5.307,5.59,0.2829999999999995,5.332579611833417,0.0017055555555555695,1.5782828282732492e-07,0.0017090555167421828,-0.3262015112896328,-0.44102376112210395,-0.4346490712916212,0.17802974512483072,-0.1848469457576377,-0.18432414669310776,-0.37204391989246205,-0.3888890484710157,-0.3827441161945315,0.0,0.0,0.0,0.0,1.0,12.25805,11.4481,12.362337,0.914237,2.5598826,2.2782986,2.578221,0.29992247,5.6048455,5.5518937,5.6514754,0.09958172,17.37922222222225,65.2415555555555,3.663861111111114,63.36138888888886,6.159777777777785,23.002777777777684,9.2,LOW,98.5,0.0,0.06,0.053,0.348,predicted value approaching the safety limit (contribution 0.35); significant deviation from lot population (contribution 0.06); high physics-normalised drift rate (contribution 0.05).
IC0081,LOT2026B,124.9,0.9948873621455884,0,9.615,13.757,4.1419999999999995,43.078523140925626,0.023702777777777788,-7.733585858587712e-06,0.02382458424907523,1.762,2.274,0.512,29.05788876276958,0.003050000000000007,-2.7882996632998613e-06,0.0030656736793020804,5.242,5.656,0.4139999999999997,7.897748950782138,0.002400000000000003,-1.6835016835025505e-06,0.002412333386991798,0.08607938951590284,-0.038419642110531046,-0.0380360582632289,-0.38047077109087757,-0.25161470019220844,-0.24685854020408646,-0.18837197140831707,-0.04903029019409076,-0.046678290071174036,0.0,0.0,0.0,0.0,1.0,13.651709,12.412086,15.401384,2.9892988,2.285015,2.0376418,2.31165,0.27400827,5.677949,5.6090593,5.7450595,0.13600016,21.466388888888893,57.06722222222221,3.2870000000000035,67.12999999999997,6.442000000000002,19.474999999999977,11.9,LOW,93.1,0.0,0.062,0.137,0.396,predicted value approaching the safety limit (contribution 0.40); high physics-normalised drift rate (contribution 0.14); significant deviation from lot population (contribution 0.06).
IC0082,LOT2026B,125.72,1.037516155661683,0,9.386,12.546,3.16,33.66716386106968,0.017675,-1.3967803030304027e-05,0.01703587930033499,1.821,2.321,0.5000000000000002,27.457440966501935,0.0028430555555555596,-5.787037037037099e-06,0.00274025184093869,5.307,5.597,0.29000000000000004,5.464480874316941,0.001633333333333362,4.577020202019763e-06,0.0015742726746184425,-0.23707411914138118,-0.325332922325677,-0.3529891331166934,-0.2935518165804856,-0.31749811350844176,-0.3482348489875633,-0.3525635617198996,-0.42423435933180925,-0.44715095892582907,0.0,0.0,0.0,0.0,1.0,12.3753,11.604945,12.615161,1.0102158,2.3083508,2.072106,2.3359103,0.26380444,5.6075745,5.571056,5.6560354,0.084979534,18.2235,63.55299999999999,3.24252777777778,67.5747222222222,6.123666666666681,23.454166666666488,9.5,LOW,98.4,0.0,0.055,0.07,0.35,predicted value approaching the safety limit (contribution 0.35); high physics-normalised drift rate (contribution 0.07); significant deviation from lot population (contribution 0.06).
IC0083,LOT2026B,125.14,1.0071975072658188,0,9.604,13.619,4.015000000000001,41.805497709287806,0.0238791666666667,3.472222222222107e-05,0.023708524390107063,1.96,2.588,0.6280000000000001,32.04081632653062,0.003773611111111118,5.234638047137895e-06,0.003746644609313146,5.34,5.728,0.3879999999999999,7.265917602996252,0.0023180555555555728,5.6818181818171566e-06,0.002301490560523988,0.049254299346864726,-0.03002379266644613,-0.04342050341515237,0.20022181861684563,-0.021243838864979957,-0.03472059758609814,0.011997426938023597,-0.08913362367076151,-0.09964524328062327,0.0,0.0,0.0,0.0,1.0,13.613702,12.486195,15.401384,2.9151897,2.5971541,2.1981728,2.598895,0.40072227,5.7406425,5.6495743,5.816621,0.16704655,21.543583333333352,56.9128333333333,3.846805555555559,61.531944444444406,6.499027777777786,18.762152777777676,11.7,LOW,92.9,0.0,0.015,0.136,0.434,predicted value approaching the safety limit (contribution 0.43); high physics-normalised drift rate (contribution 0.14).
IC0084,LOT2026B,128.28,1.181410515044822,0,9.27,12.683,3.4130000000000003,36.81769147788565,0.019511111111111153,-6.128998316499767e-06,0.016515098572972252,1.866,2.398,0.532,28.510182207931408,0.0031750000000000033,8.180765993265736e-06,0.00268746549955969,5.251,5.606,0.35499999999999954,6.7606170253285,0.0021666666666666826,4.682239057238403e-06,0.001833965957704787,-0.20051587745182872,-0.23793675724631502,-0.37715007289030295,-0.1511526783400568,-0.21181934986696865,-0.36467899566837664,-0.3275173869266086,-0.16322283297513296,-0.323054863469103,0.0,0.0,0.0,0.0,1.0,12.840205,12.460214,13.625182,1.1649685,2.3831437,2.1402442,2.3967757,0.25653148,5.627304,5.5683675,5.6560354,0.08766794,19.025555555555577,61.948888888888845,3.453500000000002,65.46499999999999,6.334333333333341,20.820833333333233,9.3,LOW,98.0,0.0,0.048,0.065,0.35,predicted value approaching the safety limit (contribution 0.35); high physics-normalised drift rate (contribution 0.07).
IC0085,LOT2026B,126.55,1.0823354757331314,0,8.389,11.618,3.229000000000001,38.490880915484574,0.018572222222222233,-1.0521885521887863e-06,0.017159395250943007,1.847,2.461,0.6139999999999999,33.24309691391445,0.0036736111111111158,2.7619949494946526e-06,0.003394151992128648,5.351,5.713,0.3620000000000001,6.765090637264065,0.0022777777777777935,-1.8939393939401897e-06,0.002104502558446508,-0.4847095081041881,-0.28262647554710874,-0.3472587723584662,-0.0346442925069791,-0.05308011912517354,-0.14453007006436447,-0.029746197717463115,-0.1088454316508242,-0.1937772193529846,0.0,0.0,0.0,0.0,1.0,11.671769,10.864953,12.466182,1.6012287,2.44398,2.1716638,2.4630773,0.29141355,5.7157793,5.6135645,5.745111,0.1315465,17.675111111111114,64.64977777777777,3.6838055555555576,63.16194444444443,6.489888888888897,18.876388888888783,11.1,LOW,96.7,0.0,0.089,0.071,0.396,predicted value approaching the safety limit (contribution 0.40); significant deviation from lot population (contribution 0.09); high physics-normalised drift rate (contribution 0.07).
IC0086,LOT2026B,126.85,1.098959843009679,0,9.658,12.124,2.466000000000001,25.533236694967915,0.014922222222222248,4.208754208753144e-06,0.013578496354657812,1.968,2.451,0.4830000000000001,24.542682926829272,0.002969444444444457,3.209175084174639e-06,0.002702050000582509,5.335,5.706,0.37100000000000044,6.954076850984076,0.0020888888888889127,-1.7098063973070341e-06,0.0019007872782395335,-0.3496841774843816,-0.4563610608939749,-0.5133898867079983,-0.053137687083657785,-0.27726059262402875,-0.360135591677489,-0.04922655589002309,-0.20128701390214532,-0.29112386828480574,0.0,0.0,0.0,0.0,1.0,12.060282,11.797354,12.906859,1.1095057,2.4435332,2.191988,2.4673524,0.2753644,5.695528,5.6135645,5.7344885,0.120923996,17.119111111111124,65.76177777777775,3.4527222222222287,65.47277777777771,6.379444444444456,20.2569444444443,9.6,LOW,98.0,0.0,0.054,0.036,0.391,predicted value approaching the safety limit (contribution 0.39); significant deviation from lot population (contribution 0.05).
IC0087,LOT2026B,127.9,1.1589737077310143,0,9.345,13.784,4.439,47.50133761369717,0.025419444444444467,-2.4174031986533518e-05,0.021932718813966447,1.976,2.721,0.7450000000000001,37.70242914979758,0.004361111111111115,1.0258838383837977e-05,0.003762907719148434,5.375,5.805,0.4299999999999997,7.999999999999995,0.002562500000000009,-4.2087542087548116e-06,0.0022110078795633376,0.09328429846201927,0.04329114460511925,-0.12580667732763062,0.4461839664866774,0.1657943076636518,-0.029654268747402526,0.22628136683619315,0.030496659242714077,-0.14288297080374926,0.0,0.0,0.0,0.0,1.0,14.053477,13.2534275,16.398006,3.144579,2.6790392,2.293239,2.6790586,0.38581944,5.8024645,5.7045035,5.842932,0.13842869,22.05472222222223,55.89055555555553,4.156555555555558,58.43444444444442,6.656250000000004,16.796874999999943,12.9,LOW,92.4,0.0,0.079,0.118,0.447,predicted value approaching the safety limit (contribution 0.45); high physics-normalised drift rate (contribution 0.12); significant deviation from lot population (contribution 0.08).
IC0088,LOT2026B,125.39,1.0201665060717386,0,9.426,13.304,3.878,41.141523445788245,0.023186111111111105,-4.387626262626341e-05,0.022727771371745708,1.826,2.344,0.5179999999999998,28.368017524644017,0.0033027777777777834,-6.891835016835224e-06,0.0032374889374632444,5.348,5.786,0.4379999999999997,8.189977561705305,0.002622222222222247,-3.86679292929365e-06,0.0025703865071197026,-0.034802971691156974,-0.0630122089861157,-0.08892125519875214,-0.25101700905412433,-0.17113965842338824,-0.1933341770185749,0.17340610893924185,0.05972451245453777,0.028848403763662416,0.0,0.0,0.0,0.0,1.0,13.23592,12.456216,15.2058735,2.7496576,2.3461573,2.0855274,2.3622997,0.27677226,5.787242,5.663742,5.847492,0.18375015,21.019055555555553,57.96188888888889,3.4773888888888917,65.22611111111108,6.659111111111123,16.76111111111096,12.1,LOW,93.6,0.0,0.028,0.126,0.45,predicted value approaching the safety limit (contribution 0.45); high physics-normalised drift rate (contribution 0.13).
IC0089,LOT2026B,126.81,1.096730041303372,0,10.528,13.749,3.221,30.594604863221885,0.019629166666666694,7.920349326599213e-05,0.017897901878696665,2.03,2.546,0.516,25.418719211822665,0.003180555555555557,4.918981481481173e-06,0.0029000350457946173,5.262,5.559,0.2970000000000006,5.644241733181312,0.00176250000000001,5.260942760865925e-08,0.0016070499882591216,0.0839446016800168,-0.23231748793334628,-0.3129967245942841,0.12254956139479302,-0.21005066763029184,-0.29845874423887137,-0.45831407751380226,-0.3610206302923094,-0.43148811006802335,0.004491866789772668,0.0,0.0,0.0015721533764204336,0.9955081332102274,13.602763,13.038462,14.715278,1.676816,2.5260339,2.2533252,2.5398886,0.2865634,5.5606866,5.5203238,5.642478,0.122154236,20.342583333333348,59.314833333333304,3.6202777777777784,63.79722222222222,6.1432500000000045,23.209374999999945,10.1,LOW,96.3,0.002,0.082,0.079,0.343,predicted value approaching the safety limit (contribution 0.34); significant deviation from lot population (contribution 0.08); high physics-normalised drift rate (contribution 0.08).
IC0090,LOT2026B,126.03,1.0540562256705344,0,8.966,11.939,2.9730000000000008,33.15859915235335,0.01832222222222224,1.131102693600646e-06,0.017382585270123155,1.602,2.086,0.48399999999999976,30.212234706616712,0.0028333333333333396,-4.997895622895798e-06,0.002688028650019048,5.396,5.67,0.274,5.07783543365456,0.0016833333333333546,-2.893518518522446e-07,0.0015970052567760393,-0.39905114618925164,-0.2945261046804555,-0.33690416373308535,-0.7281465891324446,-0.3205933074226265,-0.3645035614837917,-0.14941125506319466,-0.3997645287358739,-0.4362880492198855,0.0,0.0,0.0,0.0,1.0,11.953013,11.151436,12.516441,1.3650055,2.0872624,1.9221367,2.1462417,0.224105,5.6767864,5.6010528,5.736498,0.13544512,18.12711111111112,63.745777777777754,3.01866666666667,69.8133333333333,6.237666666666677,22.029166666666534,12.3,LOW,97.5,0.0,0.152,0.073,0.392,predicted value approaching the safety limit (contribution 0.39); significant deviation from lot population (contribution 0.15); high physics-normalised drift rate (contribution 0.07).
IC0091,LOT2026C,108.54,0.41484039566726777,0,9.689,10.319,0.6300000000000008,6.502219011249879,0.0038486111111111386,5.0847011784510504e-05,0.009277329670175142,2.386,2.548,0.16199999999999992,6.789606035205361,0.0009000000000000027,3.8141835016831376e-06,0.0021695090675833513,4.947,5.025,0.07800000000000029,1.5767131594906063,0.0003680555555555806,2.498947811447187e-06,0.0008872220723913975,-0.4680889240981989,-0.8141850337470302,-0.7881369564123155,-0.4833460679971763,-0.7432267331284624,-0.7099916496060893,0.5472106101308204,-0.7722479255661864,-0.7415473888524601,0.0,0.0,0.0,0.0,1.0,10.328543,10.310418,11.241026,0.9306078,2.5519176,2.48286,2.557381,0.07452083,5.039904,5.02043,5.1700954,0.14966536,11.61330555555557,76.77338888888886,2.836000000000001,71.63999999999999,5.13102777777779,35.862152777777624,4.0,LOW,99.0,0.0,0.105,0.0,0.097,significant deviation from lot population (contribution 0.10); predicted value approaching the safety limit (contribution 0.10).
IC0092,LOT2026C,110.99,0.4751515556622476,0,9.087,11.086,1.9990000000000006,21.99845933751514,0.011111111111111141,1.457281144781069e-05,0.02338435174778058,2.203,2.611,0.40800000000000036,18.52019972764414,0.002411111111111119,-4.340277777777999e-06,0.005074404329268389,4.711,4.897,0.18599999999999994,3.9482063256208857,0.001120833333333353,2.6304713803944726e-08,0.0023588964825574012,-0.0011634243944523839,-0.0361404447737119,-0.07001741540952204,-0.2818037672511844,0.07557529324289602,0.043685418779594,-0.12931506369478818,0.07759762352732452,0.044917127490780355,0.0,0.0,0.0,0.0,1.0,11.0274105,10.744571,12.400662,1.6560917,2.611842,2.5496793,2.611842,0.062162638,4.887643,4.880663,4.9910593,0.110396385,14.642555555555571,70.71488888888885,3.4085555555555596,65.91444444444441,5.271416666666677,34.10729166666654,3.5,LOW,97.2,0.0,0.036,0.133,0.004,high physics-normalised drift rate (contribution 0.13).
IC0093,LOT2026C,111.64,0.49243197538018413,0,10.479,11.887,1.4080000000000013,13.43639660272928,0.008134722222222241,-2.9882154882155904e-05,0.016519484170258836,2.337,2.599,0.262,11.210954214805305,0.001568055555555559,5.9711700336696834e-06,0.0031843089684518056,4.581,4.694,0.11299999999999955,2.466710325256484,0.0006555555555555527,-3.682659932667859e-07,0.0013312611453580533,0.48646020697803954,-0.3550062994629119,-0.4194742693575149,-0.32019277691708753,-0.3812379696315667,-0.4467011191788531,-1.2022424995275898,-0.4476759169640814,-0.5042523918436924,0.0,0.0,0.0,0.0,1.0,11.774202,11.450658,12.4713125,1.0206547,2.5986924,2.5071082,2.6021116,0.09500337,4.6985006,4.6920333,4.9838576,0.29182434,14.54636111111112,70.90727777777776,3.1210277777777797,68.78972222222221,4.908777777777777,38.64027777777779,6.8,LOW,98.3,0.0,0.275,0.065,0.0,significant deviation from lot population (contribution 0.28); high physics-normalised drift rate (contribution 0.07).
IC0094,LOT2026C,109.68,0.4419826466931335,0,10.111,11.216,1.1049999999999986,10.928691524082668,0.005948611111111145,2.3910984848483605e-05,0.013458924588143928,2.326,2.512,0.18599999999999994,7.9965606190885605,0.0011472222222222296,2.1569865319862252e-06,0.002595627296242562,4.589,4.688,0.09899999999999931,2.157332752233587,0.0005875000000000139,-2.393728956229817e-06,0.0013292377073978482,0.0779764908095719,-0.5892082851282388,-0.575272398135458,-0.5985130969948858,-0.6092683133728521,-0.5994349828657946,-1.2339546404881663,-0.5245069721404136,-0.505333719442875,0.0,0.0,0.0,0.0,1.0,11.181388,10.927642,12.071905,1.1442633,2.4992998,2.443677,2.547261,0.10358405,4.6904182,4.6904182,4.9838576,0.2934394,13.085305555555573,73.82938888888886,2.899611111111115,71.00388888888884,4.882750000000008,38.9656249999999,6.4,LOW,97.9,0.0,0.283,0.035,0.0,significant deviation from lot population (contribution 0.28).
IC0095,LOT2026C,109.53,0.4383217132706402,1,9.986,16.039,6.053000000000001,60.61486080512718,0.03519166666666671,0.00013715277777777692,0.08028729949076865,2.151,3.135,0.984,45.74616457461646,0.005773611111111117,3.238110269360254e-05,0.013172085562519741,4.776,5.327,0.5510000000000002,11.536850921273036,0.003191666666666674,2.3595328282827565e-05,0.007281561852939717,3.014067344878897,2.5436524570467887,2.8266335212732643,1.3945163214932506,1.8975603169975384,2.1446343697095718,2.143388371813112,2.4154568738934246,2.6755952264601333,1.0,1.0,0.0,0.7,0.0,16.104708,15.53195,16.899378,1.3674278,3.1340666,2.8173199,3.1355472,0.3182273,5.323601,5.243606,5.399379,0.15577269,27.581833333333357,44.836333333333286,5.0378055555555585,49.621944444444416,6.371833333333337,20.352083333333294,61.0,HIGH,37.2,0.7,0.744,0.692,0.216,significant deviation from lot population (contribution 0.74); abnormal multi-parameter pattern (ensemble anomaly score) (contribution 0.70); high physics-normalised drift rate (contribution 0.69).
IC0096,LOT2026C,112.21,0.5080516175143371,0,9.453,10.486,1.0330000000000013,10.927747804929666,0.006602777777777818,-1.244212962963179e-05,0.012996273508747344,2.286,2.582,0.2959999999999998,12.948381452318452,0.0016138888888888967,-9.46969696970082e-07,0.0031766238572074872,4.798,4.941,0.1429999999999998,2.980408503543139,0.0009361111111111178,-1.8413299663302987e-06,0.0018425511873991836,-0.36642457148995167,-0.5191262424037338,-0.5988237032197637,-0.3745772072771181,-0.356402981699345,-0.44869502656313376,0.10324063668276241,-0.1309438119513576,-0.23101839874895977,0.0,0.0,0.0,0.0,1.0,10.441657,10.43587,11.229249,0.79337883,2.591652,2.4925556,2.5954156,0.102859974,4.93653,4.920215,5.022046,0.10183096,12.754388888888908,74.49122222222218,3.0929444444444485,69.07055555555552,5.266055555555559,34.17430555555552,2.2,LOW,99.4,0.0,0.06,0.03,0.02,significant deviation from lot population (contribution 0.06).
IC0097,LOT2026C,107.13,0.38336256165274724,0,9.623,10.835,1.2120000000000015,12.594824898680262,0.007644444444444483,1.6308922558921235e-05,0.019940508565802206,2.238,2.463,0.2250000000000001,10.053619302949066,0.0012402777777777852,-1.578282828283128e-06,0.0032352605649094094,4.857,4.997,0.13999999999999968,2.882437718756427,0.0008819444444444611,1.4730639730634872e-06,0.0023005492258874596,-0.15396433759606934,-0.40753063296980996,-0.24532663882485103,-0.7552682197973233,-0.5588457621165278,-0.4334816925254246,0.39922061898146616,-0.19209505994885032,0.013736285668774068,0.0,0.0,0.0,0.0,1.0,10.712564,10.685477,11.628445,0.9429674,2.4770768,2.389998,2.5108478,0.12084985,4.999466,4.948495,5.062252,0.11375713,13.44522222222224,73.10955555555552,2.8581388888888926,71.41861111111108,5.2979722222222305,33.775347222222116,6.0,LOW,98.9,0.0,0.159,0.099,0.041,significant deviation from lot population (contribution 0.16); high physics-normalised drift rate (contribution 0.10).
IC0098,LOT2026C,109.17,0.42964727386377966,0,8.861,10.696,1.834999999999999,20.708723620358864,0.01059166666666668,4.761153198651738e-06,0.024652004821110036,2.449,2.744,0.2950000000000004,12.045732952225414,0.0017180555555555664,1.3152356902352194e-06,0.003998758190888181,4.862,5.007,0.14499999999999957,2.9823118058412086,0.000788888888888901,2.025462962962428e-06,0.0018361314894296745,-0.2385831700065274,-0.09178945534476379,-0.005487393540820942,0.1436744232125752,-0.2999598273079355,-0.23539170971023685,0.45207418724909065,-0.2971497680471315,-0.23444909280994447,0.0,0.0,0.0,0.0,1.0,10.763957,10.589146,11.451908,0.86276245,2.7383714,2.583005,2.7399077,0.15690279,4.99534,4.9471354,5.059897,0.1127615,14.15683333333334,71.68633333333332,3.308027777777783,66.91972222222218,5.25644444444445,34.29444444444437,5.3,LOW,99.0,0.0,0.08,0.145,0.04,high physics-normalised drift rate (contribution 0.14); significant deviation from lot population (contribution 0.08).
IC0099,LOT2026C,108.41,0.41184317247778834,0,7.826,9.038,1.2120000000000006,15.486838742652706,0.007155555555555588,3.86679292929188e-06,0.017374466869282637,2.44,2.733,0.29300000000000015,12.008196721311482,0.0018652777777777901,4.9715909090906985e-06,0.004529097244846007,4.688,4.794,0.10599999999999987,2.2610921501706462,0.0006625000000000141,3.7089646464640164e-06,0.0016086220296288734,-1.2479214731470907,-0.459906172330799,-0.3759512791749887,0.10848449768549696,-0.2201868357680784,-0.0977948783513274,-0.6737068168513355,-0.4398360133746386,-0.3560304127199414,0.0,0.0,0.0,0.0,1.0,9.075956,9.046138,10.809065,1.762927,2.7367635,2.609231,2.7385175,0.12928653,4.7869396,4.7869396,4.9838576,0.19691801,11.403777777777794,77.19244444444442,3.372638888888895,66.27361111111105,5.019250000000007,37.25937499999992,7.2,LOW,96.5,0.0,0.287,0.073,0.0,significant deviation from lot population (contribution 0.29); high physics-normalised drift rate (contribution 0.07).
IC0100,LOT2026C,112.35,0.5119559811337295,0,9.331,10.735,1.404,15.046618797556533,0.007636111111111119,7.391624579123831e-06,0.014915561869598448,2.099,2.339,0.23999999999999977,11.434016198189601,0.001595833333333338,-7.944023569023812e-06,0.003117129972384258,4.787,4.914,0.12699999999999978,2.6530185920200497,0.0008625000000000117,6.576178451172215e-07,0.0016847151547873323,-0.21484119544532013,-0.4084233978452847,-0.5011221139570389,-1.1519546530116558,-0.3661864617938574,-0.4641307557929846,-0.039463997639827476,-0.21404678999924198,-0.31536615813930857,0.0,0.0,0.0,0.0,1.0,10.942041,10.73099,11.92527,1.1942797,2.3312984,2.2750375,2.3613005,0.08626294,4.9227133,4.9110966,5.016718,0.10562134,13.14905555555556,73.70188888888887,2.8969166666666695,71.0308333333333,5.218250000000006,34.77187499999993,6.6,LOW,98.4,0.0,0.262,0.049,0.017,significant deviation from lot population (contribution 0.26).
IC0101,LOT2026C,111.25,0.4819967251795073,0,9.803,11.679,1.8759999999999994,19.136998877894516,0.01122777777777781,2.5173611111109793e-05,0.02329430303410529,2.337,2.691,0.35399999999999965,15.147625160462114,0.0021541666666666723,3.419612794608975e-07,0.0044692558146829904,4.746,4.881,0.1349999999999998,2.844500632111247,0.0008888888888888953,-2.7882996633001883e-06,0.001844180349063267,0.3598363426515996,-0.023641736517112117,-0.07460135527837979,-0.02587703614516479,-0.06365115425591111,-0.11332077845800025,-0.21388077292298924,-0.1842551563594383,-0.23014777286096616,0.0,0.0,0.0,0.0,1.0,11.659827,11.232976,12.327814,1.0948381,2.692396,2.6081223,2.6998055,0.09168315,4.895822,4.880663,4.99973,0.11906719,15.416888888888906,69.16622222222219,3.4140833333333362,65.85916666666665,5.190444444444448,35.119444444444404,3.9,LOW,98.6,0.0,0.056,0.132,0.008,high physics-normalised drift rate (contribution 0.13); significant deviation from lot population (contribution 0.06).
IC0102,LOT2026C,112.76,0.5235469188838474,1,8.279,16.324,8.045000000000002,97.17357168740189,0.048418055555555596,0.00022871948653198544,0.09248083373077301,2.17,3.827,1.657,76.3594470046083,0.009822222222222232,4.371843434343415e-05,0.01876092068913763,4.636,5.395,0.7589999999999995,16.371872303710084,0.004562499999999999,2.338489057238985e-05,0.008714596219431141,3.187566389749259,3.960619108565799,3.44734674929992,3.6082825455603307,4.09131758434359,3.594661477219448,2.502792636032964,3.9630538424456314,3.441410458525487,1.0,1.0,0.0,0.7,0.0,16.286625,14.06056,16.670572,2.610012,3.8239877,2.8725767,3.8692071,0.99663043,5.3928227,5.172691,5.5557146,0.38302374,32.4880277777778,35.023944444444396,7.081111111111117,29.18888888888883,6.917249999999999,13.53437500000001,68.2,HIGH,31.6,0.7,0.898,0.812,0.298,significant deviation from lot population (contribution 0.90); high physics-normalised drift rate (contribution 0.81); abnormal multi-parameter pattern (ensemble anomaly score) (contribution 0.70).
IC0103,LOT2026C,111.62,0.49189189930092697,0,8.117,10.093,1.975999999999999,24.343969446839953,0.012154166666666669,-2.230639730639889e-05,0.02470901977434489,2.359,2.727,0.3679999999999999,15.599830436625684,0.002005555555555561,-4.024621212121636e-06,0.004077228265815806,4.787,4.946,0.1589999999999998,3.32149571756841,0.0009222222222222404,1.6308922558915563e-06,0.0018748473466078535,-0.6056706228375043,0.07560395880612103,-0.0025850409520130286,0.08928999285254467,-0.14417672118765287,-0.215032594940243,0.12966742081657465,-0.1466236191301918,-0.21375929370756286,0.0,0.0,0.0,0.0,1.0,10.247729,10.113073,11.217428,1.1043549,2.7167835,2.583005,2.7271745,0.14416957,4.9383717,4.9151735,5.0466075,0.13143396,14.194083333333335,71.61183333333332,3.361777777777781,66.38222222222218,5.24811111111112,34.398611111111,6.0,LOW,98.4,0.0,0.12,0.146,0.033,high physics-normalised drift rate (contribution 0.15); significant deviation from lot population (contribution 0.12).
IC0104,LOT2026C,112.26,0.5094429283351702,1,8.694,13.485,4.790999999999999,55.106970324361605,0.028736111111111122,0.00018344907407407288,0.056406929045063114,2.348,3.329,0.9810000000000003,41.78023850085181,0.005888888888888902,2.9776936026935764e-05,0.011559467334512713,4.821,5.274,0.4530000000000003,9.396390790292477,0.0026083333333333514,1.5493476430976006e-05,0.005119971616560136,1.4592723954090525,1.85205726684828,1.6110005854837681,2.015138644425352,1.9600240745240334,1.7262394642062868,1.8632644599946966,1.7569049723818555,1.5204388902194446,1.0,1.0,0.0,0.7,0.0,13.588398,12.974759,13.815997,0.841238,3.2980585,2.8129523,3.2980585,0.48510623,5.267001,5.2124777,5.346535,0.13405752,23.06205555555556,53.87588888888888,5.292444444444451,47.075555555555496,6.125166666666676,23.435416666666555,50.6,MEDIUM,38.2,0.7,0.485,0.457,0.189,abnormal multi-parameter pattern (ensemble anomaly score) (contribution 0.70); significant deviation from lot population (contribution 0.48); high physics-normalised drift rate (contribution 0.46).
IC0105,LOT2026C,112.59,0.5187124047056159,0,7.857,8.882,1.0249999999999995,13.045691739849808,0.005433333333333371,-1.0127314814815526e-05,0.010474654710478619,2.341,2.69,0.34899999999999975,14.908158906450222,0.0019611111111111157,4.892676767676491e-06,0.003780729154191141,4.623,4.739,0.11599999999999966,2.5091931646117165,0.0007513888888888964,-1.2626262626269513e-06,0.001448565490380611,-1.342889371391921,-0.6444109132615528,-0.727186990952289,-0.029076120283989697,-0.16825913372798743,-0.2919594928479535,-0.9644014423232748,-0.3394852474300242,-0.4415648134392272,0.0,0.0,0.0,0.0,1.0,8.866489,8.817979,10.809065,1.991086,2.674545,2.5581295,2.695817,0.13768744,4.741357,4.7368946,4.9838576,0.24696302,10.573666666666686,78.85266666666664,3.321555555555558,66.78444444444442,4.998694444444449,37.51631944444439,6.3,LOW,95.8,0.0,0.311,0.006,0.0,significant deviation from lot population (contribution 0.31).
IC0106,LOT2026C,111.46,0.4875905567666902,0,8.549,10.178,1.6290000000000013,19.05486021756932,0.010238888888888926,-3.148674242424315e-05,0.02099894829133901,2.367,2.805,0.43800000000000017,18.504435994930297,0.0026569444444444544,3.5511363636361718e-06,0.005449130233495867,4.761,4.914,0.15299999999999958,3.2136105860113333,0.0010194444444444509,-2.5252525252529023e-06,0.00209077971321797,-0.5539252936656412,-0.1295831684063835,-0.19144664588940155,0.3388185556809159,0.20878113760661948,0.14090831169123572,-0.039463997639827476,-0.03686496887827485,-0.0983647858627736,0.0041472149391905905,0.0,0.0,0.0014515252287167065,0.9958527850608094,10.20386,10.097341,11.63366,1.5363197,2.8230746,2.699509,2.8546112,0.15510225,4.9319654,4.912084,5.0120044,0.09992027,13.668444444444463,72.66311111111108,3.695472222222227,63.04527777777773,5.270722222222226,34.11597222222218,4.7,LOW,97.0,0.001,0.107,0.109,0.015,high physics-normalised drift rate (contribution 0.11); significant deviation from lot population (contribution 0.11).
IC0107,LOT2026C,109.49,0.4373501143827009,0,8.344,9.955,1.6110000000000007,19.307286673058492,0.009426388888888915,3.716856060605934e-05,0.021553415853552065,2.177,2.463,0.28600000000000003,13.137344970142397,0.001698611111111117,8.4175084175083e-06,0.0038838702797840277,4.823,4.945,0.12199999999999989,2.5295459257723385,0.0008083333333333505,5.366161616160839e-06,0.0018482522508866265,-0.689680686669469,-0.2166277437648454,-0.16322141244984595,-0.7552682197973233,-0.3104958827943343,-0.26519945705865794,0.12438206398981502,-0.27519803799673986,-0.22797174379095986,0.0,0.0,0.0,0.0,1.0,9.986053,9.984632,11.22093,1.2362986,2.4756541,2.3956044,2.4944677,0.09886336,4.9575486,4.9434085,5.041693,0.09828472,13.057194444444457,73.88561111111109,3.0263055555555587,69.73694444444442,5.227166666666676,34.66041666666655,6.1,LOW,98.2,0.0,0.159,0.114,0.03,significant deviation from lot population (contribution 0.16); high physics-normalised drift rate (contribution 0.11).
IC0108,LOT2026C,110.0,0.449885362349789,0,9.32,11.243,1.923,20.63304721030043,0.010840277777777808,4.6322601010099735e-05,0.02409564454633093,2.359,2.726,0.367,15.557439593047901,0.0022250000000000082,-3.419612794613022e-06,0.004945704364282151,4.74,4.896,0.1559999999999997,3.2911392405063222,0.0009527777777777972,-7.628367003375551e-07,0.002117823466852442,0.09441324242887,-0.0651553032265321,-0.03380897572582425,0.08609090871371976,-0.02526980926975241,0.010294124576476212,-0.1346004205215525,-0.11212804333672664,-0.08391257246875136,0.0,0.0,0.0,0.0,1.0,11.181376,10.926278,12.231317,1.3050385,2.7305279,2.6152399,2.7305279,0.11528802,4.9051046,4.880663,5.000029,0.11936617,14.740138888888904,70.51972222222219,3.4715000000000042,65.28499999999995,5.216388888888899,34.795138888888765,3.0,LOW,98.0,0.0,0.0,0.139,0.008,high physics-normalised drift rate (contribution 0.14).
IC0109,LOT2026C,109.27,0.43204110468981693,0,10.554,11.7,1.145999999999999,10.858442296759513,0.007883333333333343,3.274936868686732e-05,0.01824672061931044,2.294,2.577,0.2829999999999999,12.33653007846556,0.0016263888888888914,5.629208754208471e-06,0.003764430910009255,4.589,4.654,0.0649999999999995,1.416430594900839,0.0004597222222222329,1.2889309764304983e-06,0.0010640705646567808,0.3726204827999415,-0.38193803987296654,-0.3315491042041067,-0.39057262797124404,-0.3496298031723789,-0.2961880834814458,-1.4136567725980924,-0.6687611981858113,-0.6470393489118612,0.0,0.0,0.0,0.0,1.0,11.743853,11.450658,12.4713125,1.0206547,2.5609477,2.4998834,2.5797746,0.079891205,4.689308,4.689308,4.9838576,0.29454947,14.495666666666672,71.00866666666666,3.1071944444444455,68.92805555555555,4.818861111111117,39.76423611111104,8.2,LOW,98.3,0.0,0.329,0.082,0.0,significant deviation from lot population (contribution 0.33); high physics-normalised drift rate (contribution 0.08).
IC0110,LOT2026C,107.35,0.38812688197429057,0,9.909,10.944,1.0350000000000001,10.44504995458674,0.005168055555555599,4.274515993265856e-05,0.013315376480153029,2.271,2.507,0.2360000000000002,10.391897842360203,0.0011750000000000074,1.1258417508417207e-05,0.0030273605219589997,4.689,4.74,0.051000000000000156,1.0876519513755631,0.0003513888888889058,1.341540404039876e-06,0.0009053454043211099,-0.08760856254038693,-0.6728305951307247,-0.5825797306720597,-0.6145085176890117,-0.5942168055351433,-0.48742150128714634,-0.9591160854965105,-0.7910636941808121,-0.7318622591918706,0.0,0.0,0.0,0.0,1.0,10.805234,10.783389,11.912783,1.1293936,2.4749932,2.4438624,2.516135,0.07227254,4.732744,4.7285857,4.9838576,0.2552719,12.493027777777801,75.0139444444444,2.858500000000004,71.41499999999996,4.864694444444453,39.19131944444434,4.9,LOW,98.2,0.0,0.212,0.033,0.0,significant deviation from lot population (contribution 0.21).
IC0111,LOT2026C,110.46,0.4614698092603845,0,8.713,10.243,1.5300000000000011,17.559967864111112,0.009773611111111134,-4.7032828282829415e-05,0.021179307757479688,2.361,2.68,0.31899999999999995,13.511224057602709,0.001962500000000005,4.5507154882154e-06,0.004252715910376411,4.622,4.791,0.16900000000000048,3.656425789701438,0.0011055555555555768,-1.8676346801356292e-06,0.0023957267265815145,-0.5143553360636292,-0.17942920728687106,-0.18226542703768775,-0.06106696167224161,-0.16750655833610176,-0.16950220517547548,-0.6895628873316191,0.06034983563059445,0.06459925273066983,0.0,0.0,0.0,0.0,1.0,10.167624,10.163086,10.893834,0.7307482,2.6806047,2.5991666,2.7000463,0.10087967,4.794563,4.791393,4.98799,0.1965971,13.599805555555566,72.80038888888888,3.3422500000000026,66.57749999999997,5.174777777777789,35.315277777777645,5.1,LOW,99.3,0.0,0.142,0.111,0.002,significant deviation from lot population (contribution 0.14); high physics-normalised drift rate (contribution 0.11).
IC0112,LOT2026C,110.33,0.45816886624374475,0,9.8,12.224,2.4239999999999995,24.734693877551013,0.013444444444444459,2.4410774410773048e-05,0.02934386300550602,2.34,2.734,0.39400000000000013,16.837606837606845,0.0021416666666666637,3.7352693602691353e-06,0.004674404623397746,4.92,5.037,0.11699999999999999,2.3780487804878048,0.0007027777777777888,-6.83922558923296e-07,0.00153388374801511,0.6916152179300116,0.21383372035827614,0.23335217354097668,0.11168358182432186,-0.07042433278288471,-0.060094779306049985,0.6106348920519689,-0.3943645725559853,-0.39597063733461224,0.0,0.0,0.0,0.0,1.0,12.031556,11.565606,12.584502,1.0188961,2.7171915,2.609231,2.7362504,0.1270194,5.0388265,5.012418,5.1231127,0.110694885,16.52222222222223,66.95555555555555,3.410833333333332,65.89166666666668,5.271388888888894,34.10763888888882,8.1,LOW,98.7,0.0,0.142,0.191,0.072,high physics-normalised drift rate (contribution 0.19); significant deviation from lot population (contribution 0.14); predicted value approaching the safety limit (contribution 0.07).
IC0113,LOT2026C,111.48,0.4881263559034636,0,8.436,10.771,2.335000000000001,27.678994784257956,0.01346527777777781,-2.1832912457925626e-06,0.027585639691295072,2.212,2.64,0.42799999999999994,19.349005424954786,0.002481944444444453,1.3415404040401778e-06,0.005084635186007668,4.858,5.014,0.15600000000000058,3.2111980238781515,0.0009625000000000104,2.0780723905717545e-06,0.0019718255086196646,-0.1929255266195893,0.2160656325469566,0.14384961854136785,-0.18903032722525212,0.11395663822905357,0.0463398215789091,0.48907168503643156,-0.10115217831154372,-0.16193405114329745,0.0,0.0,0.0,0.0,1.0,10.910816,10.620449,12.142106,1.521657,2.6305742,2.5623984,2.6434207,0.08102226,5.022011,4.957853,5.07952,0.121667385,15.168638888888905,69.66272222222219,3.4529722222222263,65.47027777777774,5.339250000000005,33.259374999999935,6.3,LOW,97.5,0.0,0.09,0.174,0.05,high physics-normalised drift rate (contribution 0.17); significant deviation from lot population (contribution 0.09); predicted value approaching the safety limit (contribution 0.05).
IC0114,LOT2026C,108.75,0.41972383295510446,0,9.006,10.21,1.2040000000000006,13.368865200977135,0.006241666666666703,3.174978956228853e-05,0.014870889324348515,2.457,2.654,0.19700000000000006,8.01790801790802,0.001234722222222229,4.866372053871609e-06,0.002941749134255858,4.746,4.876,0.1299999999999999,2.7391487568478694,0.000798611111111119,6.7866161616154745e-06,0.0019027061329551472,-0.5344446991538813,-0.557812720340828,-0.5033961748831386,-0.14424314928169915,-0.5618560636840698,-0.5096334345556477,-0.24030755705680149,-0.28617390302194334,-0.19887152588392953,0.0,0.0,0.0,0.0,1.0,10.192762,10.143184,10.93447,0.79128647,2.6467125,2.5372808,2.6545777,0.117296934,4.891236,4.8796754,4.99973,0.12005472,12.126833333333352,75.7463333333333,3.0743611111111147,69.25638888888885,5.14530555555556,35.6836805555555,3.2,LOW,99.3,0.0,0.102,0.049,0.008,significant deviation from lot population (contribution 0.10).
IC0115,LOT2026C,109.56,0.4390516950127132,0,9.158,10.736,1.5780000000000012,17.230836427167517,0.009322222222222261,9.127735690233887e-06,0.021232630070935784,2.299,2.679,0.3799999999999999,16.528925619834705,0.002347222222222231,-5.681818181818472e-06,0.0053461181197677985,4.797,4.952,0.15500000000000025,3.231186158015432,0.0010069444444444767,3.3406986531979615e-06,0.002293453039545422,-0.21423242686682686,-0.22778730470823638,-0.17955104869095745,-0.06426604581106794,0.040956825216166365,0.1141817481187688,0.16137956177715124,-0.05097679533920809,0.009944075434757322,0.0,0.0,0.0,0.0,1.0,10.64126,10.527331,11.22579,0.6984587,2.6804032,2.609741,2.7098753,0.10013437,4.957917,4.9212027,5.022507,0.10130453,13.81911111111113,72.36177777777775,3.4726111111111155,65.27388888888885,5.300472222222238,33.744097222222024,3.0,LOW,99.6,0.0,0.019,0.111,0.02,high physics-normalised drift rate (contribution 0.11).
IC0116,LOT2026C,111.86,0.49840834223799724,0,8.641,10.024,1.3829999999999991,16.005092003240357,0.007808333333333366,1.165298821548702e-05,0.015666538200929177,2.477,2.667,0.18999999999999995,7.670569236980216,0.001116666666666673,1.2100168350168019e-05,0.0022404654417550827,4.698,4.792,0.09399999999999942,2.00085142613877,0.0005750000000000169,4.156144781143766e-06,0.0011536725035903312,-0.6476756547534872,-0.3899729237522066,-0.4628935795865358,-0.1026550554769711,-0.6258249719943323,-0.6915819696515676,-0.6842775305048594,-0.5386187986013726,-0.5991559685391317,0.0,0.0,0.0,0.0,1.0,9.999744,9.984166,10.884211,0.90004444,2.6602583,2.536546,2.6667678,0.13022184,4.775115,4.7702346,4.9838576,0.21362305,12.545166666666683,74.90966666666664,3.0353333333333365,69.64666666666663,4.985500000000009,37.68124999999989,3.9,LOW,98.7,0.0,0.141,0.057,0.0,significant deviation from lot population (contribution 0.14); high physics-normalised drift rate (contribution 0.06).
IC0117,LOT2026C,109.0,0.42560532179770605,0,9.11,10.535,1.4250000000000007,15.642151481888044,0.008759722222222245,3.1460437710436513e-05,0.02058179673417199,2.244,2.574,0.3299999999999996,14.705882352941158,0.0018986111111111215,7.707281144780854e-06,0.0044609665666106215,4.658,4.774,0.11599999999999966,2.4903392013739727,0.0006430555555555648,3.498526936026082e-06,0.001510919912465791,-0.3365949111438195,-0.2880489338025571,-0.21268179269171156,-0.40016988038772017,-0.20212502636282895,-0.11547142955675303,-0.7794139533865845,-0.46178774342503015,-0.40824253775900277,0.0,0.0,0.0,0.0,1.0,10.606606,10.455788,11.169296,0.7135086,2.5766149,2.5107896,2.5766149,0.065825224,4.770044,4.768894,4.9838576,0.21496344,13.489861111111122,73.02027777777775,3.193305555555561,68.06694444444439,4.979527777777783,37.75590277777772,5.4,LOW,99.4,0.0,0.165,0.105,0.0,significant deviation from lot population (contribution 0.17); high physics-normalised drift rate (contribution 0.10).
IC0118,LOT2026C,109.66,0.441492927402338,0,9.341,10.833,1.4920000000000009,15.972593940691585,0.009168055555555615,3.014520202020061e-05,0.020766030408456922,2.294,2.61,0.31599999999999984,13.775065387968608,0.001968055555555559,5.97117003366978e-06,0.0044577283879386935,4.762,4.912,0.15000000000000036,3.1499370012599823,0.0007416666666666786,-3.7878787878791863e-06,0.0016799061109098777,-0.15518187475305473,-0.24430345490445496,-0.20330335683991121,-0.2850028513900107,-0.16449625676856097,-0.11631157723455676,-0.050034711293351436,-0.3504611124552122,-0.3179361167803161,0.0,0.0,0.0,0.0,1.0,10.746648,10.667577,11.628445,0.9608679,2.6352205,2.5673676,2.6352205,0.067852974,4.9142127,4.9110966,5.0105066,0.09941006,13.925027777777807,72.14994444444439,3.2780277777777793,67.2197222222222,5.1328333333333385,35.839583333333266,3.2,LOW,99.0,0.0,0.037,0.107,0.014,high physics-normalised drift rate (contribution 0.11).
IC0119,LOT2026C,108.62,0.41669464954566626,0,8.145,9.542,1.3970000000000002,17.151626764886437,0.008152777777777783,-3.2354797979809637e-06,0.019565352678914842,2.452,2.709,0.2570000000000001,10.48123980424144,0.0016902777777777864,6.128998316497856e-06,0.00405639424365238,4.806,4.941,0.1349999999999998,2.808988764044939,0.0008388888888889027,3.103956228955557e-06,0.0020131981291422064,-0.9411021095868713,-0.3530719755660587,-0.26442399132164246,0.03170647835369065,-0.3150113351456455,-0.22043799628256355,0.10324063668276241,-0.24070246220327982,-0.1398244746198849,0.0,0.0,0.0,0.0,1.0,9.546509,9.546509,10.809065,1.2625561,2.7026045,2.5795684,2.7060845,0.1265161,4.9580297,4.933902,5.035969,0.10206699,12.221388888888892,75.55722222222221,3.297138888888893,67.02861111111108,5.225444444444451,34.681944444444355,6.6,LOW,98.1,0.0,0.207,0.095,0.027,significant deviation from lot population (contribution 0.21); high physics-normalised drift rate (contribution 0.10).
IC0120,LOT2026C,109.83,0.44567125311396133,0,9.891,11.212,1.3209999999999997,13.35557577595794,0.008070833333333348,3.3933080808067623e-06,0.01810938730497293,2.172,2.517,0.34499999999999975,15.883977900552473,0.0020291666666666704,7.891414141386131e-08,0.004553057107651945,4.748,4.918,0.16999999999999993,3.5804549283908997,0.0009513888888889031,7.838804713804107e-06,0.0021347324563597693,0.07554141649560217,-0.36185083017485964,-0.338540071972776,-0.5825176763007598,-0.13138293952560146,-0.09157847550999837,-0.018322570332774863,-0.11369602405461722,-0.0748763888109592,0.0,0.0,0.0,0.0,1.0,11.24961,10.977368,12.048318,1.0709496,2.5095177,2.4729762,2.519519,0.046542883,4.920276,4.895795,5.0067215,0.11092663,13.926416666666675,72.14716666666665,3.1865833333333353,68.13416666666666,5.223694444444452,34.70381944444435,4.1,LOW,98.8,0.0,0.114,0.081,0.012,significant deviation from lot population (contribution 0.11); high physics-normalised drift rate (contribution 0.08).
IC0121,LOT2026C,112.14,0.5061095600709969,0,9.113,10.228,1.1150000000000002,12.235268298035775,0.007123611111111136,-1.099537037037103e-05,0.0140752352318969,2.162,2.348,0.18599999999999994,8.60314523589269,0.0010847222222222265,-2.9198232323235877e-06,0.002143255745001264,4.565,4.7,0.1349999999999998,2.957283680175242,0.0007347222222222216,1.3941498316492283e-06,0.0014517058759355482,-0.523486864741017,-0.46332843768677345,-0.5438990356942371,-1.1231628957622288,-0.6431342060076984,-0.7168030921596407,-1.1705303585670133,-0.35830101604465,-0.4398865877464149,0.0,0.0,0.0,0.0,1.0,10.318871,10.203441,11.429207,1.2257662,2.3615553,2.330664,2.3811285,0.05046463,4.7016983,4.695749,4.9838576,0.28810883,12.674805555555567,74.65038888888887,2.704361111111113,72.95638888888887,4.932361111111112,38.34548611111111,6.1,LOW,97.9,0.0,0.266,0.041,0.0,significant deviation from lot population (contribution 0.27).
IC0122,LOT2026C,108.73,0.419256509998739,0,8.392,9.68,1.2880000000000003,15.347950428979985,0.008459722222222249,-2.4752735690237032e-05,0.020177915000646487,2.383,2.705,0.32200000000000006,13.512379353755774,0.001876388888888893,-1.3941498316500622e-06,0.004475515213573038,4.762,4.929,0.1670000000000007,3.506929861402787,0.0009819444444444645,8.154461279455087e-07,0.002342108997776607,-0.8570920457549066,-0.32018846931952677,-0.23324143763330207,0.0189101417983896,-0.2141662326329994,-0.11169677312206566,0.03981635476161396,-0.07920044826114679,0.03594587610015673,0.0,0.0,0.0,0.0,1.0,9.652301,9.601312,10.809065,1.2077532,2.6927211,2.6013818,2.7056696,0.10428786,4.9308095,4.914186,5.013634,0.099448204,12.621861111111123,74.75627777777775,3.3211944444444463,66.78805555555553,5.2529722222222315,34.33784722222211,6.0,LOW,98.3,0.0,0.185,0.101,0.016,significant deviation from lot population (contribution 0.18); high physics-normalised drift rate (contribution 0.10).
IC0123,LOT2026C,109.73,0.44320909822028426,0,8.79,9.973,1.1830000000000016,13.458475540386821,0.006900000000000057,1.312605218855116e-05,0.015568272464864004,2.171,2.366,0.19500000000000028,8.982035928143727,0.001119444444444445,5.892255892255604e-06,0.0025257704522303323,4.667,4.774,0.1070000000000002,2.2926933790443584,0.0007263888888889024,2.025462962962505e-06,0.0016389304547350962,-0.6787228522566037,-0.4872842951785857,-0.4678958079017127,-1.0655793812633734,-0.6243198212105645,-0.617559388966162,-0.7794139533865845,-0.3677089003519423,-0.3398335550946178,0.0,0.0,0.0,0.0,1.0,9.990185,9.990185,11.22093,1.2307453,2.3862813,2.3432882,2.3862813,0.04299307,4.777335,4.773663,4.9838576,0.21019459,12.240000000000027,75.51999999999995,2.7307222222222225,72.69277777777778,5.030194444444451,37.122569444444366,5.9,LOW,98.1,0.0,0.239,0.056,0.0,significant deviation from lot population (contribution 0.24); high physics-normalised drift rate (contribution 0.06).
IC0124,LOT2026C,109.34,0.433723967927156,1,9.36,16.605,7.245000000000001,77.40384615384616,0.0443291666666667,0.00016779776936026866,0.10220594190015292,2.403,3.912,1.509,62.79650436953808,0.009066666666666674,4.019360269360257e-05,0.02090423250067984,4.933,5.643,0.71,14.392864382728563,0.004298611111111131,2.191182659932598e-05,0.009910937437133017,3.3586303603056504,3.522569143001168,3.942404471360497,3.880204697360478,3.6819165711579105,4.150745197023693,3.813561129070081,3.6651375060475586,4.080736596604669,1.0,1.0,0.0,0.7,0.0,16.564028,14.047039,16.67908,2.63204,3.9114783,2.878325,3.9198835,1.0415585,5.6469626,5.4441533,5.6605525,0.2163992,31.524583333333347,36.95083333333331,6.936333333333337,30.636666666666628,7.082305555555565,11.471180555555438,72.6,HIGH,31.8,0.7,0.968,0.908,0.352,significant deviation from lot population (contribution 0.97); high physics-normalised drift rate (contribution 0.91); abnormal multi-parameter pattern (ensemble anomaly score) (contribution 0.70).
IC0125,LOT2026C,111.37,0.4851860434528564,0,9.265,11.126,1.8609999999999989,20.086346465191568,0.011345833333333364,-7.812500000000932e-06,0.02338450061875243,2.317,2.745,0.42799999999999994,18.472162278808803,0.0024805555555555657,-1.0390361952862236e-05,0.005112586375944657,4.742,4.927,0.1849999999999996,3.901307465204547,0.0011666666666666767,-8.680555555561052e-07,0.0024045758991005214,0.023187318745247064,-0.010994234114600947,-0.07000983711600378,0.14687350735140012,0.11320406283716906,0.05359177698241696,0.029245641108085304,0.12934098721750936,0.0693282608163738,0.0,0.0,0.0,0.0,1.0,11.123667,10.893988,12.265617,1.3716297,2.7349265,2.6243308,2.750111,0.12578034,4.926843,4.8837523,5.001196,0.11744356,14.937916666666682,70.12416666666664,3.557277777777783,64.42722222222217,5.325333333333338,33.43333333333327,2.9,LOW,97.8,0.0,0.001,0.133,0.009,high physics-normalised drift rate (contribution 0.13).
IC0126,LOT2026C,110.1,0.4523810754191144,0,9.254,10.559,1.3049999999999997,14.102009941646854,0.007795833333333332,-1.236321548821657e-05,0.017232890049856262,2.363,2.668,0.30500000000000016,12.907321201862047,0.0019041666666666775,-3.025042087542266e-06,0.004209209381498855,4.682,4.807,0.125,2.669799231097821,0.0007500000000000114,2.6304713804668333e-07,0.001657894285929543,-0.3219844652600001,-0.3913120710654174,-0.38315826304612766,-0.09945597133814477,-0.199114724795287,-0.18079000393798683,-0.604997178103418,-0.34105322814790445,-0.32969926164945745,0.0,0.0,0.0,0.0,1.0,10.6398115,10.529352,11.169296,0.6399441,2.6698275,2.5949621,2.680301,0.08533883,4.8083153,4.799521,4.9838576,0.18433666,13.151916666666665,73.69616666666667,3.3150833333333387,66.8491666666666,5.057000000000006,36.78749999999993,3.8,LOW,99.6,0.0,0.12,0.072,0.0,significant deviation from lot population (contribution 0.12); high physics-normalised drift rate (contribution 0.07).
IC0127,LOT2026C,110.94,0.47384531280536224,0,8.887,9.612,0.7249999999999996,8.157983571508941,0.004812500000000016,8.654250841749513e-06,0.010156268026601351,2.228,2.391,0.1629999999999998,7.315978456014354,0.001065277777777784,-8.154461279465159e-07,0.002248155144705124,4.736,4.821,0.08499999999999996,1.794763513513513,0.0006069444444444497,1.473063973063436e-06,0.0012808915231240442,-0.8984883090923963,-0.7109218964841737,-0.7433945008030253,-0.9856022777927422,-0.6536702614940936,-0.6895868709460872,-0.5310021825287456,-0.5025552420900373,-0.5311699765451845,0.0,0.0,0.0,0.0,1.0,9.685637,9.685637,10.859324,1.173687,2.4207604,2.3527076,2.4849029,0.13219523,4.842677,4.842677,4.993994,0.15131712,11.293250000000008,77.41349999999998,2.7606388888888924,72.39361111111108,5.039472222222225,37.00659722222219,4.5,LOW,98.2,0.0,0.219,0.002,0.005,significant deviation from lot population (contribution 0.22).
IC0128,LOT2026C,108.93,0.4239510248740361,0,9.97,11.457,1.487,14.914744232698093,0.009572222222222237,1.9807449494947982e-05,0.02257860380232912,2.176,2.408,0.23199999999999976,10.66176470588234,0.0014916666666666694,-3.1565656565701687e-07,0.0035184881723304526,4.643,4.835,0.19200000000000017,4.135257376696106,0.0012333333333333486,2.2622053872045126e-06,0.002909141058686662,0.22468971822626507,-0.2010043584440972,-0.11103410493963194,-0.9312178474327131,-0.42262961618526623,-0.3599980954875196,-0.4570071869540685,0.20460406167598175,0.3389684689061528,0.004483090277183318,0.0,0.0,0.0015690815970141614,0.9955169097228167,11.420702,11.147778,12.249627,1.1018496,2.4261284,2.3516662,2.4518158,0.10014963,4.8432426,4.830816,5.0643263,0.2335105,14.75611111111112,70.48777777777777,2.9218333333333346,70.78166666666665,5.259666666666674,34.25416666666658,7.5,LOW,98.0,0.002,0.204,0.125,0.042,significant deviation from lot population (contribution 0.20); high physics-normalised drift rate (contribution 0.12).
IC0129,LOT2026C,110.57,0.46427971949919333,0,9.42,11.309,1.8889999999999993,20.053078556263262,0.011379166666666676,1.7545244107742713e-05,0.02450929081920936,2.462,2.914,0.45199999999999996,18.35905767668562,0.0025152777777777842,-6.102693602693782e-06,0.005417591318636425,4.817,4.957,0.13999999999999968,2.9063732613659887,0.0007472222222222413,-5.260942760946881e-07,0.0016094224900201346,0.1345919686093743,-0.00742317461271763,-0.012752265813352434,0.6875187268128692,0.132018447634303,0.13272551859543866,0.18780634591096348,-0.3441891895836652,-0.3556026457559197,0.0,0.005,0.0,0.0017499999999999998,0.995,11.255423,10.936644,12.42691,1.4902668,2.8792806,2.7036338,2.9135835,0.20994973,4.951713,4.943786,5.035324,0.09153795,15.109583333333338,69.78083333333332,3.719638888888892,62.80361111111108,5.190611111111121,35.11736111111099,6.3,LOW,97.0,0.002,0.141,0.144,0.027,high physics-normalised drift rate (contribution 0.14); significant deviation from lot population (contribution 0.14).
IC0130,LOT2026C,112.91,0.5278464906372202,0,9.641,10.653,1.0120000000000005,10.496836427756461,0.0064430555555555855,-3.201283670033793e-05,0.012206305563910221,2.463,2.747,0.2839999999999998,11.530653674380828,0.0014819444444444491,5.155723905723527e-06,0.0028075292167907277,4.648,4.75,0.10200000000000031,2.1944922547332255,0.0005041666666666809,-5.997474747475539e-06,0.0009551388057123333,-0.2647602188817044,-0.5362375691836032,-0.6390371100488291,0.15327167562904992,-0.4278976439284632,-0.5444568842160699,-0.9062625172288861,-0.6185858152134963,-0.7052526075789055,0.0,0.0,0.0,0.0,1.0,10.738116,10.509615,11.254362,0.74474716,2.7274182,2.5399826,2.7274182,0.18743563,4.7490473,4.7339892,4.9838576,0.2498684,12.862527777777792,74.27494444444442,3.203972222222225,67.96027777777776,4.90008333333334,38.74895833333325,4.4,LOW,98.9,0.0,0.198,0.023,0.0,significant deviation from lot population (contribution 0.20).
IC0131,LOT2026C,111.71,0.49432647166576404,0,9.298,11.082,1.7840000000000007,19.1869219186922,0.01159305555555557,2.3174452861951544e-05,0.023452224835319252,2.292,2.697,0.40500000000000025,17.67015706806284,0.002588888888888895,3.0513468013466408e-06,0.005237204635561894,4.824,5.018,0.19399999999999995,4.02155887230514,0.0012236111111111172,-5.260942760948422e-07,0.0024753097016792067,-0.003598498708422112,0.015491123857715273,-0.06656232827620795,-0.006682531312212503,0.17190494340423093,0.08592406992752105,0.5102131123434794,0.19362819665077824,0.10712848717750827,0.0,0.0,0.0,0.0,1.0,11.123667,10.896299,12.461211,1.5649118,2.710997,2.6164815,2.710997,0.09451556,5.0114255,4.9508734,5.1102033,0.15932989,15.094527777777785,69.81094444444443,3.586444444444447,64.13555555555553,5.435805555555558,32.052430555555524,5.9,LOW,97.2,0.0,0.095,0.133,0.066,high physics-normalised drift rate (contribution 0.13); significant deviation from lot population (contribution 0.10); predicted value approaching the safety limit (contribution 0.07).
IC0132,LOT2026C,110.24,0.45589613988394745,0,9.894,12.051,2.157,21.80109157064888,0.012256944444444492,-8.180765993266781e-06,0.026885387640186227,2.281,2.599,0.31800000000000006,13.941253836036827,0.0018638888888888982,-2.051767676767797e-06,0.004088406823017559,4.803,4.912,0.10899999999999999,2.2694149489902142,0.0006527777777777917,4.129840067339448e-06,0.0014318563389107929,0.5862982538508092,0.08661472560360639,0.10820320934443084,-0.32019277691708753,-0.22093941115996546,-0.21213231060582197,-0.050034711293351436,-0.45081187839983183,-0.45049420341736385,0.0,0.0,0.0,0.0,1.0,11.835133,11.525595,12.40248,0.8768854,2.6111963,2.5364912,2.6240623,0.087571144,4.928576,4.913216,5.044595,0.13137865,16.022472222222248,67.9550555555555,3.2129444444444495,67.8705555555555,5.129388888888895,35.882638888888806,6.3,LOW,99.1,0.0,0.115,0.167,0.032,high physics-normalised drift rate (contribution 0.17); significant deviation from lot population (contribution 0.12).
IC0133,LOT2026C,112.34,0.5116762000342139,0,8.965,10.467,1.5020000000000007,16.75404350250977,0.009222222222222248,-1.0022095959596617e-05,0.018023551264658377,2.477,2.679,0.20199999999999996,8.155026241421073,0.00123194444444445,1.2100168350166114e-06,0.0024076641523722905,4.759,4.917,0.15799999999999947,3.320025215381371,0.0009500000000000134,-1.0258838383843283e-06,0.00185664293147989,-0.3779911744813092,-0.2385004832138945,-0.3429095652317422,-0.06426604581106794,-0.5633612144678414,-0.6482021494845758,-0.02360792715953919,-0.11526400477250279,-0.2234877543235972,0.0,0.0,0.0,0.0,1.0,10.484721,10.37143,11.026539,0.65510845,2.6721585,2.536546,2.6858346,0.14928865,4.922004,4.9110966,5.007401,0.09630442,13.576111111111125,72.84777777777775,3.092972222222225,69.07027777777775,5.234000000000007,34.57499999999991,3.1,LOW,99.6,0.0,0.061,0.08,0.012,high physics-normalised drift rate (contribution 0.08); significant deviation from lot population (contribution 0.06).
IC0134,LOT2026C,109.68,0.4419826466931335,0,9.282,10.407,1.125,12.120232708468002,0.006466666666666694,5.182028619527272e-06,0.014631041999159012,2.407,2.528,0.121,5.027004570004155,0.0007277777777777896,1.9728535353531466e-06,0.0016466207060909393,4.708,4.779,0.07099999999999973,1.5080713678844462,0.0003902777777777909,8.312289562288878e-06,0.0008830160656709199,-0.41451728919085945,-0.5337080687031013,-0.5156056298714637,-0.5473277507736816,-0.8365460817222516,-0.8456553936937147,-0.7529871692527722,-0.7471602340800444,-0.7437950837354497,0.0,0.0,0.0,0.0,1.0,10.411205,10.337633,11.229249,0.89161587,2.53428,2.468217,2.5550551,0.086838245,4.7981033,4.7981033,4.9838576,0.1857543,12.515333333333347,74.96933333333331,2.7708888888888947,72.29111111111106,4.903138888888896,38.7107638888888,4.1,LOW,98.9,0.0,0.158,0.046,0.0,significant deviation from lot population (contribution 0.16).
IC0135,LOT2026C,110.12,0.4528817200749903,0,8.956,10.597,1.641,18.322912014292093,0.00988194444444447,-2.5436658249159226e-05,0.021820144215156597,2.34,2.68,0.3400000000000003,14.529914529914546,0.0018069444444444532,-2.735690235690535e-06,0.003989881605610513,4.932,5.022,0.08999999999999986,1.8248175182481723,0.0006708333333333515,-5.892255892256592e-06,0.0014812550465103157,-0.29885125927728495,-0.16782326390574276,-0.14964357528802968,-0.06106696167224161,-0.2517950022272687,-0.23769474584981445,0.531354539650532,-0.43042812906732575,-0.42409547662571057,0.0,0.0,0.0,0.0,1.0,10.677051,10.582753,11.218902,0.63614845,2.6727772,2.5795684,2.6889296,0.10936117,5.0195727,5.01493,5.1256733,0.11074352,13.896972222222235,72.20605555555554,3.2434722222222265,67.56527777777774,5.267416666666676,34.157291666666545,5.8,LOW,99.7,0.0,0.101,0.117,0.074,high physics-normalised drift rate (contribution 0.12); significant deviation from lot population (contribution 0.10); predicted value approaching the safety limit (contribution 0.07).
IC0136,LOT2026D,109.59,0.4397827777465479,0,9.982,11.78,1.798,18.012422360248447,0.01099444444444449,-8.022937710439212e-06,0.02499971577054507,2.169,2.418,0.2490000000000001,11.479944674965427,0.00137361111111112,-1.1311026936029362e-06,0.0031233854089273787,5.084,5.202,0.11800000000000033,2.321007081038559,0.0008055555555555758,-2.288510101010651e-06,0.001831712373284038,-0.6533981259606253,-0.18533085014384112,-0.1844662349461342,0.5742818675580268,-0.2511243528446341,-0.2531878320824511,-0.26404093985605775,-0.2630023394691775,-0.26329390571695555,0.0,0.0,0.0,0.0,1.0,11.614689,11.278489,11.976607,0.6981182,2.4226058,2.4178443,2.5742762,0.15643191,5.212004,5.1523843,5.2561817,0.103797436,15.479222222222244,69.0415555555555,2.85580555555556,71.4419444444444,5.486777777777787,31.41527777777766,8.5,LOW,99.5,0.0,0.133,0.148,0.142,high physics-normalised drift rate (contribution 0.15); predicted value approaching the safety limit (contribution 0.14); significant deviation from lot population (contribution 0.13).
IC0137,LOT2026D,110.73,0.4683945237309235,0,11.163,12.355,1.1920000000000002,10.678133118337366,0.007208333333333368,-2.914562289562436e-05,0.01538944835630552,2.022,2.233,0.2110000000000003,10.435212660731965,0.0013444444444444515,-1.5283038720538934e-05,0.0028703248572068884,4.941,5.09,0.14900000000000002,3.0155838899008303,0.0009583333333333417,-1.1837121212127565e-06,0.002045996024248719,-0.35917964608259595,-0.5557268387905321,-0.5871762855781629,-0.14292433517533,-0.27173155269164656,-0.33085815944645114,-0.9618733136759404,-0.07904563742419239,-0.152163121597147,0.0,0.0,0.0,0.0,1.0,12.359645,11.921833,12.624787,0.7029543,2.2381165,2.189702,2.283532,0.09382987,5.1033626,5.029645,5.1723766,0.14273167,14.767166666666684,70.46566666666664,2.6942222222222254,73.05777777777774,5.42016666666667,32.24791666666662,7.3,LOW,99.5,0.0,0.212,0.054,0.098,significant deviation from lot population (contribution 0.21); predicted value approaching the safety limit (contribution 0.10); high physics-normalised drift rate (contribution 0.05).
IC0138,LOT2026D,108.95,0.42442308570478515,0,10.548,11.915,1.366999999999999,12.959802806219182,0.007869444444444457,-6.128998316500074e-06,0.01854150895533092,1.897,2.056,0.15900000000000003,8.38165524512388,0.0009388888888888981,4.9715909090906214e-06,0.0022121532039893763,4.992,5.097,0.10500000000000043,2.103365384615393,0.0005555555555555766,1.6571969696964249e-06,0.0013089663928931587,-0.5843207437283926,-0.49105020981187525,-0.45509187744318025,-0.8291162156283254,-0.5582697600881819,-0.5328667594418097,-0.9182587903121943,-0.5640223973609938,-0.5343979793818735,0.0,0.0,0.0,0.0,1.0,11.797321,11.453336,12.3000965,0.84676075,2.0288568,2.004802,2.1364033,0.13160133,5.0810423,5.072772,5.2074747,0.13470268,14.482722222222229,71.03455555555554,2.3664444444444492,76.33555555555552,5.269777777777788,34.127777777777645,8.0,LOW,99.1,0.0,0.201,0.085,0.116,significant deviation from lot population (contribution 0.20); predicted value approaching the safety limit (contribution 0.12); high physics-normalised drift rate (contribution 0.09).
IC0139,LOT2026D,111.4,0.4859863524295919,0,11.379,13.082,1.7030000000000012,14.966165743914239,0.009922222222222271,5.079440235690077e-05,0.020416668436506705,1.962,2.155,0.19299999999999984,9.836901121304784,0.0010875000000000077,5.103114478114149e-06,0.0022377171592643874,5.223,5.284,0.06099999999999994,1.1679111621673357,0.00040972222222224034,1.2889309764301263e-06,0.0008430735146654135,0.012814849345798919,-0.2902265593277163,-0.3765149204181834,-0.4453139774088545,-0.4532711703915067,-0.5250205710041829,0.24687204811921207,-0.739617431131224,-0.7760171633009376,0.0,0.0,0.0,0.0,1.0,13.06719,12.491174,13.406538,0.91536427,2.165052,2.0980203,2.2270436,0.12902331,5.2818527,5.26673,5.386956,0.12022638,16.340111111111135,67.31977777777773,2.505750000000004,74.94249999999995,5.42786111111112,32.15173611111099,7.8,LOW,98.9,0.0,0.079,0.103,0.21,predicted value approaching the safety limit (contribution 0.21); high physics-normalised drift rate (contribution 0.10); significant deviation from lot population (contribution 0.08).
IC0140,LOT2026D,108.91,0.42347943974852575,0,11.485,12.93,1.4450000000000003,12.581628210709624,0.009077777777777825,-2.4752735690237645e-05,0.021436171218060716,1.957,2.116,0.15900000000000003,8.124680633622894,0.0009583333333333417,-6.707702020202262e-06,0.002262998491502746,5.02,5.167,0.14700000000000024,2.9282868525896464,0.0008347222222222385,-1.9728535353543976e-06,0.0019711044831785,-0.06496116620456749,-0.37283872407356655,-0.33379352682087554,-0.596508798525615,-0.5445316268568415,-0.5172611263266095,-0.4821135566747718,-0.22788333271513694,-0.19100302210101738,0.0,0.0,0.0,0.0,1.0,12.9113865,12.498152,13.302658,0.8045063,2.1115549,2.0551188,2.1671216,0.11200285,5.1736593,5.136513,5.236072,0.09955883,16.023888888888912,67.95222222222218,2.436166666666671,75.63833333333329,5.437361111111119,32.032986111111015,7.2,LOW,99.3,0.0,0.118,0.113,0.131,predicted value approaching the safety limit (contribution 0.13); significant deviation from lot population (contribution 0.12); high physics-normalised drift rate (contribution 0.11).
IC0141,LOT2026D,111.64,0.49243197538018413,0,9.958,11.388,1.4299999999999997,14.36031331592689,0.008700000000000053,-6.373632154882201e-05,0.017667414861277403,1.875,2.076,0.20100000000000007,10.720000000000002,0.0011625000000000012,-2.0780723905726528e-06,0.0023607321581879167,5.162,5.277,0.11500000000000021,2.227818674932201,0.0006597222222222396,1.3152356902346868e-06,0.0013397225509429974,-0.853978376590516,-0.40979679777565686,-0.4917200441424628,-0.7515804099274219,-0.4002812279277682,-0.4872643297721403,0.20325752475547149,-0.4385973732394077,-0.5184473646466659,0.0,0.0,0.0,0.0,1.0,11.256584,10.935737,11.949195,1.0134583,2.0580955,2.0113037,2.1430259,0.13172221,5.2679873,5.2322774,5.319332,0.08705473,14.308000000000026,71.38399999999994,2.4562500000000007,75.43749999999999,5.4918611111111195,31.351736111111006,8.7,LOW,98.8,0.0,0.184,0.076,0.175,significant deviation from lot population (contribution 0.18); predicted value approaching the safety limit (contribution 0.17); high physics-normalised drift rate (contribution 0.08).
IC0142,LOT2026D,109.52,0.43807863043280776,0,10.336,12.317,1.9809999999999999,19.166021671826623,0.012090277777777818,6.155303030302018e-06,0.027598419411220786,1.962,2.264,0.3019999999999998,15.39245667686034,0.0018791666666666778,-5.655513468013725e-06,0.004289564786143805,5.126,5.291,0.16500000000000004,3.2188841201716745,0.0009250000000000194,9.4696969696903e-07,0.0021114930876362284,-0.37862364997018755,-0.07812526135358559,-0.07556977768798155,-0.022743836338930887,0.10606711117022849,0.10474047154975594,0.2904865714829582,-0.11918164514308806,-0.11819534113871885,0.0,0.0,0.0,0.0,1.0,12.204526,11.89071,13.73291,1.8422003,2.2773926,2.2091277,2.462921,0.25379324,5.2943034,5.2542696,5.307706,0.05343628,16.38113888888891,67.23772222222217,2.9015833333333387,70.98416666666661,5.5885000000000105,30.14374999999987,8.1,LOW,96.4,0.0,0.061,0.174,0.169,high physics-normalised drift rate (contribution 0.17); predicted value approaching the safety limit (contribution 0.17); significant deviation from lot population (contribution 0.06).
IC0143,LOT2026D,111.28,0.48279227026691174,0,10.804,13.343,2.5389999999999997,23.500555349870414,0.015344444444444485,-3.067129629629734e-05,0.031782705294683584,2.058,2.328,0.27,13.119533527696795,0.0017055555555555591,2.130681818181466e-06,0.0035326902699014686,5.012,5.207,0.19500000000000028,3.890662410215489,0.0011763888888889082,8.601641414140596e-06,0.0024366357154776766,0.14636445499478204,0.24023049851405723,0.09976914966501169,0.22537074190396028,-0.016594792681034084,-0.12756239450477755,-0.23288770888195656,0.18351074640368356,0.05042860669923752,0.0,0.005,0.0,0.0017499999999999998,0.995,13.314831,12.995922,14.906226,1.9103041,2.3025222,2.2611244,2.4699147,0.2087903,5.208147,5.1586456,5.313955,0.1553092,18.47622222222224,63.047555555555526,2.9107777777777795,70.8922222222222,5.600194444444454,29.997569444444327,8.3,LOW,95.7,0.002,0.024,0.215,0.172,high physics-normalised drift rate (contribution 0.21); predicted value approaching the safety limit (contribution 0.17).
IC0144,LOT2026D,107.97,0.4018437362993809,0,10.624,11.388,0.7639999999999993,7.191265060240958,0.0054625000000000055,-1.5414562289563172e-05,0.01359359250017112,1.962,2.161,0.19900000000000007,10.142711518858311,0.0011833333333333403,-1.499368686868978e-06,0.002944759931387198,4.96,5.008,0.04800000000000004,0.9677419354838719,0.00025833333333336397,1.6835016835014216e-06,0.0006428701258662918,-0.853978376590516,-0.7265220543917414,-0.6624300919061875,-0.42205323569858255,-0.3855617994656133,-0.3080122573900376,-1.4727863016512102,-0.9219017995212537,-0.8798457077583792,0.0,0.0,0.0,0.0,1.0,11.450594,11.391574,12.272684,0.8811102,2.1707857,2.0942712,2.2650206,0.17074943,5.0126038,5.011958,5.1700954,0.15813732,13.355250000000003,73.28949999999999,2.55366666666667,74.46333333333331,5.0891666666666815,36.38541666666648,9.6,LOW,98.8,0.0,0.345,0.036,0.097,significant deviation from lot population (contribution 0.34); predicted value approaching the safety limit (contribution 0.10).
IC0145,LOT2026D,108.05,0.40364528583625453,0,10.95,12.137,1.1870000000000012,10.840182648401838,0.0072388888888889205,3.900989057238879e-05,0.017933787765888828,1.909,2.114,0.20499999999999985,10.738606600314293,0.001225000000000001,4.840067340066972e-06,0.003034842826077109,5.199,5.27,0.07099999999999973,1.3656472398538129,0.0006013888888889051,-7.049663299664146e-06,0.0014898944939812045,-0.4707268262798312,-0.5527375828293338,-0.48055791500710454,-0.6042623790957061,-0.35612294254131577,-0.2803636654902217,0.15964300139172535,-0.5088353867474997,-0.44056589442016747,0.0,0.0,0.0,0.0,1.0,12.063955,11.821992,12.490421,0.6684294,2.0961697,2.022939,2.1777072,0.15476823,5.2837543,5.250767,5.386956,0.13618898,14.56944444444446,70.86111111111109,2.5215000000000005,74.785,5.499694444444453,31.253819444444343,8.2,LOW,99.5,0.0,0.12,0.079,0.21,predicted value approaching the safety limit (contribution 0.21); significant deviation from lot population (contribution 0.12); high physics-normalised drift rate (contribution 0.08).
IC0146,LOT2026D,107.57,0.39294480287222966,1,12.658,20.499,7.840999999999999,61.945015010270176,0.04775555555555558,0.0002661247895622877,0.12153247786072342,1.827,2.747,0.9199999999999999,50.35577449370553,0.005531944444444452,2.6672979797979497e-05,0.014078171804306126,4.991,5.579,0.5880000000000001,11.781206171107996,0.0035041666666666806,1.0022095959595372e-05,0.008917707120829637,3.807977397615954,3.4110158217199076,3.8606567396117404,1.849745871337887,2.686873568200677,3.1090977542998655,2.084912675591222,2.986341952107486,3.4116115246249095,1.0,1.0,0.0,0.7,0.0,20.479177,16.960499,20.642797,3.6822987,2.7286348,2.683088,3.1809688,0.4978807,5.579217,5.453748,5.6420145,0.18826628,36.53577777777779,26.928444444444423,4.592972222222226,54.07027777777774,6.74308333333334,15.711458333333251,73.8,HIGH,30.6,0.7,0.95,1.0,0.343,high physics-normalised drift rate (contribution 1.00); significant deviation from lot population (contribution 0.95); abnormal multi-parameter pattern (ensemble anomaly score) (contribution 0.70).
IC0147,LOT2026D,108.42,0.4120730295767726,0,11.346,13.015,1.6690000000000005,14.710029966508026,0.010151388888888918,5.597643097642947e-05,0.024634926724797043,2.037,2.272,0.23499999999999988,11.53657339224349,0.001375000000000005,3.945707070705382e-07,0.003336787174380776,5.218,5.334,0.11599999999999966,2.223073974702945,0.0006888888888888977,2.630471380470657e-06,0.0016717640792857375,-0.021467999613901917,-0.2678071396187293,-0.19975240844693914,0.00827048594143051,-0.2501430576138268,-0.1876897334253034,0.5584043578602297,-0.4034783664853726,-0.3462455413206748,0.0,0.0,0.0,0.0,1.0,13.118587,12.5828495,13.263477,0.6806278,2.2792742,2.236814,2.330201,0.09338689,5.3349314,5.298837,5.402173,0.10333586,16.42169444444446,67.15661111111109,2.7245000000000026,72.75499999999997,5.5624444444444485,30.46944444444439,9.4,LOW,99.7,0.0,0.108,0.145,0.218,predicted value approaching the safety limit (contribution 0.22); high physics-normalised drift rate (contribution 0.14); significant deviation from lot population (contribution 0.11).
IC0148,LOT2026D,108.86,0.4223025553433727,0,11.324,13.448,2.1240000000000006,18.75662310137761,0.013275000000000068,-1.66245791245805e-05,0.03143480860352885,1.925,2.213,0.28800000000000003,14.961038961038964,0.0017833333333333408,6.234217171716874e-06,0.00422288075402082,5.016,5.192,0.17600000000000016,3.5087719298245648,0.0011277777777777824,2.630471380466705e-07,0.0026705445266860636,0.2000913078420745,0.03777634477834172,0.08519083586054343,-0.22046014087623347,0.03835774024433187,0.08427354942487086,-0.3263474018042602,0.124979068480257,0.17173729957009407,0.0,0.0,0.0,0.0,1.0,13.370657,13.040486,14.718248,1.677762,2.2221441,2.1712527,2.3484404,0.17718768,5.2008414,5.151209,5.2542505,0.10304165,17.961500000000033,64.07699999999994,2.8166666666666704,71.8333333333333,5.579888888888891,30.251388888888865,8.0,LOW,96.9,0.0,0.048,0.212,0.141,high physics-normalised drift rate (contribution 0.21); predicted value approaching the safety limit (contribution 0.14).
IC0149,LOT2026D,109.46,0.4366226958810117,0,9.866,11.583,1.7170000000000005,17.40320291911616,0.00943472222222223,3.772095959595804e-05,0.021608409986991095,1.927,2.117,0.18999999999999995,9.85988583290088,0.0012263888888889008,1.4204545454542826e-06,0.0028088070099386584,5.03,5.168,0.1379999999999999,2.743538767395624,0.0007597222222222474,-4.07723063973102e-06,0.0017399970944920525,-0.7541999355884017,-0.3379187794359332,-0.32657600826837646,-0.5926320082405703,-0.355141647310498,-0.34973945605142137,-0.47588291047994935,-0.31818935008267135,-0.31085885433545807,0.0,0.0,0.0,0.0,1.0,11.407759,11.012946,11.820675,0.80772877,2.0897965,2.0518665,2.1830013,0.13113475,5.176393,5.13428,5.2478547,0.113574505,14.583361111111113,70.83327777777777,2.5401944444444506,74.5980555555555,5.409861111111124,32.37673611111095,8.2,LOW,99.2,0.0,0.159,0.115,0.137,significant deviation from lot population (contribution 0.16); predicted value approaching the safety limit (contribution 0.14); high physics-normalised drift rate (contribution 0.12).
IC0150,LOT2026D,108.74,0.41949011251923124,0,11.474,13.157,1.6829999999999998,14.667944918947185,0.00978888888888891,1.3994107744106638e-05,0.023335207664614846,2.075,2.272,0.19699999999999962,9.493975903614439,0.0012041666666666678,6.602483164982909e-06,0.002870548388936017,5.137,5.277,0.14000000000000057,2.7253260657971694,0.0009569444444444613,2.4726430976425234e-06,0.0022812085812882917,0.05119117280815014,-0.3032705853402217,-0.25421602594813875,0.00827048594143051,-0.3708423710034665,-0.3307895522200003,0.20325752475547149,-0.08071797107913674,-0.030178286165435587,0.0,0.0,0.0,0.0,1.0,13.140419,12.618392,13.375069,0.7566767,2.259053,2.2377174,2.3268487,0.089131355,5.282699,5.242686,5.32682,0.0841341,16.368444444444457,67.26311111111109,2.677083333333334,73.22916666666666,5.61547222222223,29.80659722222212,6.5,LOW,99.5,0.0,0.016,0.132,0.179,predicted value approaching the safety limit (contribution 0.18); high physics-normalised drift rate (contribution 0.13).
IC0151,LOT2026D,108.91,0.42347943974852575,0,10.864,12.499,1.6349999999999998,15.049705449189982,0.009751388888888933,1.0784932659931775e-05,0.023026829578030015,2.212,2.471,0.2589999999999999,11.708860759493666,0.0016083333333333453,3.4196127946091034e-07,0.0037979018161741684,5.067,5.231,0.1639999999999997,3.2366291691336038,0.0009222222222222404,2.630471380381643e-08,0.0021777260845765793,-0.28549710503488085,-0.30693921765623583,-0.267138346369564,0.7797517526654206,-0.08528545883773217,-0.04616263670109877,-0.08335220020626742,-0.12252631245299868,-0.08384589426561485,0.0,0.0,0.0,0.0,1.0,12.118149,11.70166,12.531738,0.8300781,2.4983683,2.4489172,2.5462167,0.097299576,5.225978,5.1603165,5.256719,0.096402645,15.739694444444467,68.52061111111107,3.016166666666673,69.83833333333327,5.52811111111112,30.898611111110995,8.7,LOW,99.3,0.0,0.165,0.129,0.142,significant deviation from lot population (contribution 0.17); predicted value approaching the safety limit (contribution 0.14); high physics-normalised drift rate (contribution 0.13).
IC0152,LOT2026D,110.37,0.4591822562740516,0,11.389,13.252,1.8630000000000013,16.357889191324976,0.01086250000000004,1.8045033670032163e-05,0.02365618412205594,1.919,2.158,0.23899999999999988,12.454403335070342,0.001255555555555558,1.1047979797976378e-06,0.002734329426715066,5.0,5.211,0.2110000000000003,4.220000000000006,0.0012069444444444606,9.206649831643155e-07,0.002628464902450685,0.09980118252712915,-0.19823900088538077,-0.2407657815526221,-0.4336836065537185,-0.33453444746349353,-0.37259840514849474,-0.20796512410267226,0.22030208681267957,0.1499141618006368,0.0,0.0,0.0,0.0,1.0,13.248144,12.618392,13.512768,0.8943758,2.157837,2.0710545,2.2380648,0.1670103,5.2014837,5.120478,5.2964787,0.1760006,16.82025000000002,66.35949999999997,2.546777777777779,74.53222222222222,5.60347222222223,29.956597222222126,7.5,LOW,98.7,0.0,0.076,0.135,0.163,predicted value approaching the safety limit (contribution 0.16); high physics-normalised drift rate (contribution 0.14); significant deviation from lot population (contribution 0.08).
IC0153,LOT2026D,108.77,0.42019162778509755,0,9.556,11.029,1.4730000000000008,15.414399330263716,0.008383333333333359,-3.464330808080895e-05,0.019951214586362304,1.96,2.116,0.15600000000000014,7.959183673469394,0.0009263888888888977,3.1828703703701686e-06,0.0022046819299376646,5.12,5.268,0.1479999999999997,2.890624999999994,0.000787500000000016,-4.12984006734077e-06,0.0018741449089575255,-1.0376730448969722,-0.4407763595553533,-0.3960193665983999,-0.596508798525615,-0.5671014171654726,-0.5351598718904996,0.14718170900208596,-0.2847426769835916,-0.2412877426692499,0.0,0.0,0.0,0.0,1.0,11.035427,10.668907,11.64666,0.9777527,2.117393,2.0560834,2.1865869,0.13050342,5.266305,5.232766,5.3064613,0.07369518,13.747666666666678,72.50466666666665,2.423194444444449,75.76805555555552,5.513750000000008,31.0781249999999,10.0,LOW,98.9,0.0,0.232,0.099,0.168,significant deviation from lot population (contribution 0.23); predicted value approaching the safety limit (contribution 0.17); high physics-normalised drift rate (contribution 0.10).
IC0154,LOT2026D,109.04,0.426553257762955,0,10.984,12.494,1.5099999999999998,13.747268754552074,0.008223611111111145,-1.1600378787880284e-05,0.019279212997316237,1.888,2.101,0.21300000000000008,11.281779661016953,0.001269444444444449,-7.838804713804991e-06,0.0029760514574475646,5.061,5.2,0.13900000000000023,2.746492787986569,0.0007541666666666801,4.287668350167595e-06,0.001768048075923469,-0.288055526599038,-0.456402015716163,-0.424179019424352,-0.654660652801293,-0.3247214951553915,-0.2984081406823801,-0.27650223224569714,-0.3248786847025037,-0.2963111856366579,0.0,0.0,0.0,0.0,1.0,12.416793,11.874654,12.701487,0.8268328,2.0623648,2.004802,2.1588757,0.15407372,5.192743,5.1355643,5.249205,0.113640785,15.095805555555572,69.80838888888886,2.5227222222222245,74.77277777777775,5.43808333333334,32.02395833333325,7.3,LOW,99.1,0.0,0.133,0.092,0.138,predicted value approaching the safety limit (contribution 0.14); significant deviation from lot population (contribution 0.13); high physics-normalised drift rate (contribution 0.09).
IC0155,LOT2026D,108.49,0.41368528663357285,0,10.736,12.466,1.7299999999999986,16.11400894187778,0.010161111111111142,-8.73316498316676e-06,0.024562418436001758,1.989,2.179,0.18999999999999972,9.552538964303656,0.0010888888888888916,-2.63047138047142e-06,0.002632167311895212,5.417,5.532,0.11500000000000021,2.1229462802289127,0.0007888888888889056,1.8150252525245835e-06,0.001906978358617995,-0.30238268735831614,-0.2668560127219842,-0.2027908063804582,-0.35227101056777027,-0.4522898751607002,-0.40395439820355183,1.7920723044346665,-0.2830703433286363,-0.2242598126815923,0.0,0.015,0.0,0.0052499999999999995,0.985,12.480783,11.942336,12.696869,0.7545328,2.1774175,2.1469035,2.2597148,0.11281133,5.5335374,5.3744364,5.5335374,0.15910101,15.81655555555557,68.36688888888887,2.533444444444446,74.66555555555554,5.811444444444453,27.35694444444434,17.4,LOW,98.4,0.005,0.427,0.144,0.286,significant deviation from lot population (contribution 0.43); predicted value approaching the safety limit (contribution 0.29); high physics-normalised drift rate (contribution 0.14).
IC0156,LOT2026D,109.66,0.441492927402338,0,11.092,12.681,1.5889999999999986,14.325640100973661,0.009590277777777843,8.338594276093271e-06,0.021722381452870036,1.887,2.09,0.20299999999999985,10.757816640169574,0.0011583333333333372,4.44549663299635e-06,0.0026236735889491013,5.003,5.135,0.13199999999999967,2.6384169498300953,0.000962500000000015,-7.5231481481487515e-06,0.002180102874270683,-0.19237056009957504,-0.3227007490880077,-0.3218001313009251,-0.6973053459367904,-0.40322511362019653,-0.406561324637871,-0.6814942349090239,-0.07402863645932084,-0.08261325471889949,0.0,0.0,0.0,0.0,1.0,12.585985,12.379872,13.16572,0.78584766,2.046376,2.004802,2.142337,0.1375351,5.1453314,5.091351,5.221043,0.12969208,15.887138888888922,68.22572222222216,2.466166666666669,75.33833333333331,5.484250000000007,31.446874999999906,7.7,LOW,99.2,0.0,0.144,0.116,0.123,significant deviation from lot population (contribution 0.14); predicted value approaching the safety limit (contribution 0.12); high physics-normalised drift rate (contribution 0.12).
IC0157,LOT2026D,111.5,0.48866268800442975,0,11.042,13.335,2.293000000000001,20.766165549719265,0.013368055555555591,-2.0123106060608765e-05,0.0273564073617882,1.99,2.328,0.33799999999999986,16.98492462311557,0.0018180555555555606,-9.338173400673597e-06,0.003720471401203195,5.024,5.171,0.14700000000000024,2.9259554140127437,0.0008222222222222461,1.5256734006728905e-06,0.0016825966917588613,0.14227098049213166,0.04687998793289771,-0.08571108598666118,0.22537074190396028,0.06289012101458162,-0.06992788038620887,-0.4571909718954875,-0.2429343356097187,-0.3406275825413432,0.0,0.0,0.0,0.0,1.0,13.240847,12.820553,14.693284,1.8727312,2.293737,2.2210867,2.4699147,0.24882793,5.1826587,5.1371465,5.2542443,0.117097855,17.726027777777794,64.54794444444441,2.89902777777778,71.0097222222222,5.435111111111123,32.06111111111096,7.9,LOW,96.1,0.0,0.082,0.172,0.141,high physics-normalised drift rate (contribution 0.17); predicted value approaching the safety limit (contribution 0.14); significant deviation from lot population (contribution 0.08).
IC0158,LOT2026D,111.81,0.49704434123328944,0,10.992,13.317,2.3249999999999993,21.15174672489082,0.014091666666666705,-2.559448653198728e-05,0.02835092465131342,2.163,2.53,0.367,16.967175219602403,0.002113888888888894,-3.025042087542587e-06,0.004252918127271734,5.084,5.251,0.1670000000000007,3.2848151062155924,0.0009611111111111391,-1.0521885521937129e-07,0.0019336526570776075,0.13306066286116694,0.11767100410491758,-0.04403668809990678,1.0084823794830846,0.2719060051771238,0.09349273668140536,0.04126072369014296,-0.0757009701142597,-0.21042611286213606,0.0,0.005,0.0,0.0017499999999999998,0.995,13.1398535,12.786962,13.598885,0.811923,2.5319457,2.5094395,2.547842,0.038402557,5.24072,5.1796727,5.272694,0.09302139,18.037833333333353,63.924333333333294,3.2199444444444465,67.80055555555553,5.564555555555569,30.443055555555386,11.2,LOW,99.2,0.002,0.225,0.181,0.15,significant deviation from lot population (contribution 0.23); high physics-normalised drift rate (contribution 0.18); predicted value approaching the safety limit (contribution 0.15).
IC0159,LOT2026D,108.43,0.41230300290540856,0,10.536,11.711,1.1750000000000007,11.152239939255892,0.007890277777777822,2.3305976430974603e-05,0.019137085401214084,2.003,2.227,0.22399999999999975,11.183225162256601,0.0012958333333333418,-3.3933080808083657e-06,0.0031429150993368695,5.084,5.209,0.125,2.4586939417781277,0.0008833333333333461,-3.6826599326605335e-06,0.0021424373024418702,-0.6887043435459883,-0.4890120807474186,-0.430134754988765,-0.1661850768856019,-0.3060768857699976,-0.24719370365306975,-0.22042641649231717,-0.1693516547917323,-0.10214719728900647,0.0,0.0,0.0,0.0,1.0,11.7101755,11.449949,12.3000965,0.85014725,2.2222369,2.1838317,2.2749968,0.091165066,5.2181396,5.155048,5.256719,0.10167122,14.48113888888891,71.03772222222219,2.650916666666671,73.4908333333333,5.525666666666672,30.929166666666596,7.5,LOW,99.2,0.0,0.142,0.091,0.142,predicted value approaching the safety limit (contribution 0.14); significant deviation from lot population (contribution 0.14); high physics-normalised drift rate (contribution 0.09).
IC0160,LOT2026D,111.74,0.49514041649847973,0,10.63,12.007,1.376999999999999,12.953904045155209,0.007994444444444472,-3.9115109427610596e-05,0.016145812739302042,1.89,2.01,0.11999999999999988,6.3492063492063435,0.0009763888888888971,4.445496632996478e-06,0.0019719434252483303,5.007,5.11,0.10300000000000065,2.0571200319552756,0.0005611111111111304,4.997895622889473e-07,0.0011332363354201226,-0.5372457869479077,-0.4788214354251525,-0.5554814819016832,-1.0074485687404042,-0.531774788856311,-0.6065928776534629,-0.83726038977953,-0.5573330627411778,-0.6255342792931363,0.0,0.0,0.0,0.0,1.0,11.871948,11.719159,12.3000965,0.5809374,2.0372922,1.983737,2.1205556,0.13681865,5.097923,5.072772,5.2170978,0.14432573,14.627222222222237,70.74555555555553,2.3781944444444485,76.21805555555552,5.2875555555555644,33.905555555555445,8.1,LOW,99.7,0.0,0.224,0.061,0.121,significant deviation from lot population (contribution 0.22); predicted value approaching the safety limit (contribution 0.12); high physics-normalised drift rate (contribution 0.06).
IC0161,LOT2026D,110.11,0.4526313350595736,0,11.208,13.106,1.8979999999999997,16.934332619557456,0.011370833333333386,6.418350168349009e-06,0.025121622063211335,1.942,2.223,0.2809999999999999,14.469618949536557,0.0014555555555555565,-6.602483164983333e-06,0.003215764006625794,5.031,5.184,0.15300000000000047,3.0411449016100276,0.0008791666666666683,-4.28766835016857e-06,0.0019423460078188263,0.02509527285375098,-0.14850865171271327,-0.17935785583701044,-0.1816922380257826,-0.19322793422684628,-0.22483463409927368,-0.37619257136282325,-0.17436865575660934,-0.20591760798950162,0.0,0.0,0.0,0.0,1.0,13.135985,12.700585,13.417614,0.7170286,2.2227478,2.128511,2.260151,0.13163996,5.1866493,5.136513,5.2484636,0.1119504,16.893416666666692,66.21316666666661,2.669777777777778,73.30222222222223,5.470583333333334,31.617708333333326,7.0,LOW,99.5,0.0,0.061,0.15,0.138,high physics-normalised drift rate (contribution 0.15); predicted value approaching the safety limit (contribution 0.14); significant deviation from lot population (contribution 0.06).
IC0162,LOT2026D,108.93,0.4239510248740361,0,10.949,12.142,1.1929999999999996,10.895972234907294,0.006600000000000038,7.365319865317911e-06,0.015567835935674465,1.866,2.005,0.1389999999999998,7.449088960342968,0.0008041666666666726,-4.471801346803393e-07,0.0018968385956977126,5.074,5.205,0.13100000000000023,2.5817895151754087,0.0006944444444444696,-3.2880892255898925e-06,0.001638029875386673,-0.46816840471567495,-0.615240207472575,-0.5797011063741639,-1.0268325201656296,-0.6534553974767596,-0.6296443436293098,-0.24534900127159592,-0.39678903186553477,-0.36374061625561915,0.0,0.0,0.0,0.0,1.0,12.072913,11.808098,12.490421,0.68232346,1.9947325,1.9598192,2.0992794,0.1394602,5.199304,5.151192,5.2535152,0.102323055,14.249000000000018,71.50199999999997,2.2680833333333363,77.31916666666663,5.421222222222235,32.23472222222207,8.5,LOW,99.6,0.0,0.229,0.056,0.14,significant deviation from lot population (contribution 0.23); predicted value approaching the safety limit (contribution 0.14); high physics-normalised drift rate (contribution 0.06).
IC0163,LOT2026D,108.66,0.4176245895366987,0,9.216,10.756,1.540000000000001,16.710069444444457,0.008858333333333364,-4.945286195287639e-06,0.021211235054814558,2.003,2.282,0.2789999999999999,13.92910634048926,0.0013472222222222273,6.497264309764032e-06,0.0032259169023471507,5.124,5.238,0.11400000000000077,2.224824355971912,0.0006722222222222411,-6.26052188552262e-06,0.0016096327636454216,-1.177362862299932,-0.39430701688581216,-0.3432192846885095,0.047038388791883115,-0.26976896223002783,-0.2217184679129242,-0.039737676842521295,-0.42354637034481496,-0.3784677934356609,0.0,0.0,0.0,0.0,1.0,10.777786,10.434195,11.401794,0.96759987,2.2639549,2.205578,2.4567587,0.25118065,5.249881,5.221763,5.3035803,0.08181715,13.645166666666682,72.70966666666664,2.6766111111111135,73.23388888888887,5.46011111111112,31.748611111111003,10.9,LOW,98.6,0.0,0.268,0.111,0.166,significant deviation from lot population (contribution 0.27); predicted value approaching the safety limit (contribution 0.17); high physics-normalised drift rate (contribution 0.11).
IC0164,LOT2026D,108.3,0.4093224005916796,0,11.637,13.232,1.5949999999999989,13.706281687720193,0.009243055555555579,-5.5555555555557584e-05,0.022581357732180427,2.135,2.3,0.16500000000000004,7.728337236533961,0.0011208333333333404,6.12899831649799e-06,0.0027382653177865776,4.925,5.037,0.1120000000000001,2.2741116751269055,0.0007263888888889024,-1.8939393939398432e-06,0.0017746130869918187,0.08956749627050137,-0.35666956682890416,-0.28580546372068155,0.1168206139226954,-0.42972008485206575,-0.37139038617471565,-1.29209756200142,-0.35832535780159447,-0.29290647032358363,0.0,0.0,0.0,0.0,1.0,13.183244,12.618392,13.427224,0.80883217,2.314413,2.2583365,2.440522,0.18218541,5.029033,4.998786,5.12025,0.12146425,16.25852777777779,67.48294444444443,2.69541666666667,73.04583333333329,5.288194444444451,33.897569444444365,9.9,LOW,99.1,0.0,0.298,0.125,0.071,significant deviation from lot population (contribution 0.30); high physics-normalised drift rate (contribution 0.12); predicted value approaching the safety limit (contribution 0.07).
IC0165,LOT2026D,108.48,0.41345461482672985,0,10.215,11.552,1.3369999999999997,13.088595203132646,0.007541666666666673,4.1771885521883844e-05,0.01824061552639152,1.971,2.223,0.2519999999999998,12.785388127853869,0.0015458333333333363,-3.7615740740742923e-06,0.0037388222985034586,5.064,5.153,0.08899999999999952,1.7575039494470681,0.0005263888888889002,-2.946127946128373e-06,0.0012731479345308523,-0.770062149286174,-0.5231167737592782,-0.4677005596764643,-0.1816922380257826,-0.12944374422419108,-0.06429555171607738,-0.5693426034022585,-0.5991414041150508,-0.5529739806112997,0.0,0.0,0.0,0.0,1.0,11.50785,11.310406,12.146035,0.83562946,2.2326243,2.1302073,2.3446417,0.21443439,5.1578054,5.1241584,5.2465386,0.12238026,13.985833333333337,72.02833333333332,2.743916666666668,72.56083333333332,5.327194444444451,33.41006944444437,7.6,LOW,98.9,0.0,0.163,0.082,0.137,significant deviation from lot population (contribution 0.16); predicted value approaching the safety limit (contribution 0.14); high physics-normalised drift rate (contribution 0.08).
IC0166,LOT2026D,108.49,0.41368528663357285,0,10.973,12.975,2.001999999999999,18.244782648318587,0.011138888888888933,2.677819865319741e-05,0.0269259972466832,2.025,2.245,0.2200000000000002,10.864197530864207,0.001261111111111115,7.89141414138998e-08,0.003048479488776599,4.993,5.147,0.15399999999999991,3.084318045263367,0.0009638888888889001,5.944865319864892e-06,0.0023300052480297114,-0.04193537212715657,-0.17119982196363018,-0.10374705437081334,-0.09640285175478791,-0.33060926654025224,-0.27617824801278057,-0.6067264805711766,-0.07235630280437087,-0.004871587250263747,0.0,0.0,0.0,0.0,1.0,12.823017,12.546198,13.26503,0.718832,2.248457,2.185957,2.3065991,0.120642185,5.1506367,5.091351,5.2187076,0.12735653,16.542444444444467,66.91511111111106,2.6555555555555577,73.44444444444443,5.474944444444451,31.563194444444363,8.2,LOW,99.4,0.0,0.12,0.167,0.122,high physics-normalised drift rate (contribution 0.17); predicted value approaching the safety limit (contribution 0.12); significant deviation from lot population (contribution 0.12).
IC0167,LOT2026D,108.85,0.4220675343344384,0,10.58,12.597,2.0169999999999995,19.06427221172022,0.011352777777777826,2.8619528619526375e-05,0.026898012413298054,1.837,2.115,0.27800000000000025,15.133369624387601,0.0017708333333333358,-7.312710437710598e-06,0.004195616078658542,5.132,5.261,0.12900000000000045,2.513639906469222,0.0007055555555555771,1.6835016835008056e-06,0.001671665072908707,-0.23535204237740862,-0.15027503023524005,-0.10491973492003112,-0.6003855888106597,0.029526083167037878,0.07590536937284789,0.10356718563834538,-0.38341036262590283,-0.3462968875445362,0.0,0.0,0.0,0.0,1.0,12.415307,11.868414,12.608273,0.7398586,2.0585134,2.0585134,2.2110143,0.15250087,5.2613673,5.2317767,5.319332,0.08755541,16.256388888888914,67.48722222222217,2.722416666666668,72.77583333333332,5.484777777777788,31.44027777777765,9.2,LOW,99.4,0.0,0.119,0.167,0.175,predicted value approaching the safety limit (contribution 0.17); high physics-normalised drift rate (contribution 0.17); significant deviation from lot population (contribution 0.12).
IC0168,LOT2026D,110.39,0.4596897120793449,0,10.524,12.356,1.8320000000000007,17.407829722538967,0.010693055555555568,2.5173611111109438e-05,0.02326146371035141,2.072,2.336,0.2639999999999998,12.74131274131273,0.0016444444444444456,-1.7887205387207159e-06,0.003577292250039752,5.116,5.258,0.14200000000000035,2.7756059421423056,0.0007083333333333426,-5.523989898996464e-07,0.001540894465811061,-0.35866796176976484,-0.2148157839429389,-0.2573062033880747,0.25638506418432166,-0.05977178283667834,-0.11387298153673255,0.08487524705388355,-0.38006569531600853,-0.41411652773248553,0.0,0.0,0.0,0.0,1.0,12.26829,11.673953,12.50967,0.8357172,2.3075833,2.2761185,2.5297396,0.2536211,5.251111,5.2243943,5.3035803,0.07918596,15.870527777777784,68.25894444444444,2.894222222222223,71.05777777777777,5.470166666666671,31.62291666666661,7.1,LOW,98.9,0.0,0.056,0.131,0.166,predicted value approaching the safety limit (contribution 0.17); high physics-normalised drift rate (contribution 0.13); significant deviation from lot population (contribution 0.06).
IC0169,LOT2026D,108.04,0.4034196926120892,0,11.328,12.75,1.4220000000000006,12.55296610169492,0.008190277777777824,5.7528409090907324e-05,0.02030212686135091,1.909,2.065,0.15599999999999992,8.171817705605024,0.000811111111111117,4.997895622893194e-07,0.002010588788711031,5.219,5.33,0.11099999999999977,2.1268442230312274,0.0006222222222222304,-1.6045875420881759e-06,0.0015423694817509371,-0.15706434251421114,-0.45966302221928745,-0.3813146873281151,-0.7942251030629193,-0.6485489213227094,-0.5947316926096398,0.533481773080951,-0.48375038192319136,-0.41335156186948246,0.0,0.0,0.0,0.0,1.0,12.656006,12.307027,13.219376,0.91234875,2.0555756,2.0179896,2.1328967,0.11490703,5.3251405,5.2912827,5.386956,0.09567356,15.42313888888891,69.15372222222217,2.3145555555555584,76.85444444444441,5.530111111111116,30.873611111111053,9.6,LOW,99.0,0.0,0.169,0.102,0.21,predicted value approaching the safety limit (contribution 0.21); significant deviation from lot population (contribution 0.17); high physics-normalised drift rate (contribution 0.10).
IC0170,LOT2026D,108.94,0.4241869957995509,0,11.7,13.121,1.4210000000000012,12.145299145299155,0.008013888888888918,3.3143939393915665e-06,0.018892349289924656,2.056,2.248,0.19200000000000017,9.338521400778218,0.0009597222222222325,5.313552188551929e-06,0.002262497982554251,5.126,5.21,0.08399999999999963,1.6387046429964813,0.0006486111111111094,-3.6563552188556776e-06,0.0015290688246784676,0.03277053754622159,-0.47691918163166247,-0.44039021277371887,-0.08477248089965195,-0.5435503316260302,-0.5174147444769451,-0.21419577029749473,-0.45197604247906703,-0.42024948638737225,0.0,0.0,0.0,0.0,1.0,13.085211,12.461287,13.427224,0.9659376,2.2389455,2.192818,2.3018708,0.1090529,5.234947,5.2000985,5.3035803,0.10348177,15.706944444444458,68.58611111111108,2.5358611111111165,74.64138888888884,5.450305555555555,31.87118055555557,5.5,LOW,98.9,0.0,0.019,0.088,0.166,predicted value approaching the safety limit (contribution 0.17); high physics-normalised drift rate (contribution 0.09).
IC0171,LOT2026D,112.67,0.520982414417821,0,11.67,14.122,2.452,21.011139674378747,0.016077777777777795,-3.8746843434345164e-05,0.030860499957074617,2.042,2.294,0.2520000000000002,12.340842311459365,0.001545833333333342,-6.076388888889183e-06,0.0029671506955964238,5.131,5.319,0.18799999999999972,3.6640031183005206,0.001093055555555566,-2.49894781144838e-06,0.002098066125277983,0.5449665346904071,0.3119726415828195,0.06112492238249528,0.0935598722124252,-0.1294437442241871,-0.30113999707827815,0.4649446649379261,0.08317072710640054,-0.1251587695127525,0.0,0.0,0.0,0.0,1.0,14.154932,13.289903,15.090517,1.8006144,2.3071568,2.2550802,2.4538271,0.19874692,5.3294983,5.2732215,5.3328958,0.059674263,19.708888888888897,60.58222222222221,2.814916666666671,71.8508333333333,5.677527777777783,29.03090277777771,9.8,LOW,96.6,0.0,0.104,0.206,0.182,high physics-normalised drift rate (contribution 0.21); predicted value approaching the safety limit (contribution 0.18); significant deviation from lot population (contribution 0.10).
IC0172,LOT2026D,109.47,0.4368650468560372,1,11.508,18.616,7.1080000000000005,61.76572818908587,0.042544444444444475,0.0002756207912457893,0.09738578252167746,1.959,3.054,1.0949999999999998,55.895865237365996,0.006466666666666673,3.0145202020201803e-05,0.014802435473391563,5.192,5.804,0.6120000000000001,11.787365177195687,0.0036250000000000184,1.570391414141375e-05,0.00829775699861515,2.8444758365545137,2.9012118050645963,2.8488100881673564,3.039920488846754,3.347285258535844,3.3313915724918486,3.48680806942581,3.1318349800885366,3.090095893886368,1.0,1.0,0.0,0.7,0.0,18.59016,16.917204,18.59016,1.6729565,3.0426893,2.7801263,3.1074617,0.32733536,5.8113356,5.466584,5.8113356,0.34475136,32.780222222222235,34.43955555555553,5.192333333333337,48.07666666666663,7.004500000000009,12.443749999999888,71.2,HIGH,35.9,0.7,0.867,0.86,0.431,significant deviation from lot population (contribution 0.87); high physics-normalised drift rate (contribution 0.86); abnormal multi-parameter pattern (ensemble anomaly score) (contribution 0.70).
IC0173,LOT2026D,108.41,0.41184317247778834,0,11.452,12.827,1.375,12.006636395389451,0.007161111111111132,-3.895728114478247e-05,0.017387956362193542,1.859,2.023,0.16400000000000015,8.821947283485752,0.001000000000000006,-1.0811237373737528e-05,0.002428108723968074,5.094,5.134,0.040000000000000036,0.7852375343541428,0.0003888888888889105,-1.8413299663377145e-07,0.0009442645037654088,-0.11766465042619687,-0.5603465980032948,-0.5034305139415508,-0.9570502950348158,-0.5150927699325415,-0.46658485252755183,-0.6877248811038409,-0.7647024359555379,-0.7235379661530646,0.0,0.0,0.0,0.0,1.0,12.734181,12.282703,13.285088,1.0023842,2.0110698,1.9772352,2.1172307,0.13999546,5.1374655,5.1328983,5.2535152,0.12061691,15.032555555555566,69.93488888888886,2.359000000000003,76.40999999999997,5.288444444444456,33.894444444444304,8.5,LOW,98.7,0.0,0.211,0.074,0.14,significant deviation from lot population (contribution 0.21); predicted value approaching the safety limit (contribution 0.14); high physics-normalised drift rate (contribution 0.07).
IC0174,LOT2026D,108.66,0.4176245895366987,0,9.975,11.486,1.511000000000001,15.147869674185474,0.008826388888888918,5.129419191917972e-06,0.021134744241666118,2.066,2.239,0.17300000000000004,8.373668925459828,0.001145833333333339,8.601641414141008e-06,0.0027436922107591777,4.987,5.106,0.11899999999999977,2.3862041307399195,0.0007277777777777828,-4.4454966329973064e-06,0.0017426602647731054,-0.8038333139330428,-0.3974321481179744,-0.34642456690472034,-0.11966359346505981,-0.41205677069748575,-0.3697247431067403,-0.8621829745588143,-0.3566530241466501,-0.30947769342912856,0.0,0.0,0.0,0.0,1.0,11.409465,10.999454,11.949195,0.94974136,2.237148,2.2170937,2.381733,0.16463923,5.1003437,5.0827966,5.198111,0.11531448,14.388194444444458,71.22361111111108,2.6389166666666695,73.6108333333333,5.350888888888892,33.11388888888885,8.2,LOW,98.8,0.0,0.187,0.11,0.112,significant deviation from lot population (contribution 0.19); predicted value approaching the safety limit (contribution 0.11); high physics-normalised drift rate (contribution 0.11).
IC0175,LOT2026D,109.07,0.42726546445701186,0,10.428,12.048,1.6199999999999992,15.535097813578819,0.011337500000000018,1.4704335016834341e-05,0.026535025512553937,1.884,2.054,0.16999999999999993,9.023354564755834,0.0011763888888888935,2.4463383838381685e-06,0.002753297391784055,5.092,5.196,0.10400000000000009,2.042419481539672,0.0006666666666666782,-1.946548821549837e-06,0.0015603102102200283,-0.516266730121822,-0.15176965821584232,-0.12013039107314022,-0.8368697961984166,-0.39046827561966524,-0.36677668364223437,-0.3014248170249814,-0.430235704964642,-0.40404722524148984,0.0,0.0,0.0,0.0,1.0,11.993344,11.859194,12.3000965,0.4409027,2.0484266,2.0011303,2.1394207,0.1382904,5.1904154,5.138627,5.2535152,0.11488819,16.09675000000001,67.80649999999997,2.4721944444444466,75.27805555555554,5.425333333333339,32.183333333333266,9.7,LOW,100.0,0.0,0.18,0.163,0.14,significant deviation from lot population (contribution 0.18); high physics-normalised drift rate (contribution 0.16); predicted value approaching the safety limit (contribution 0.14).
IC0176,LOT2026D,109.03,0.4263160946331564,1,10.438,16.538,6.1,58.440314236443754,0.03612083333333334,0.00021214751683501593,0.08472782000973995,1.879,2.719,0.8399999999999999,44.704630122405526,0.0049763888888888965,3.493265993265963e-05,0.011673002618329629,4.965,5.485,0.5200000000000005,10.473313192346435,0.003037500000000023,1.3073442760942374e-05,0.007124994899884747,1.7811958344909598,2.272788676858086,2.3183889766249535,1.741195743356622,2.294355475876654,2.370893886606827,1.4992319332781108,2.4244378440427714,2.4818835032948736,1.0,1.0,0.0,0.7,0.0,16.86233,16.28034,17.07904,0.79870033,2.713934,2.652971,2.8618352,0.20886421,5.4841366,5.4016404,5.5086136,0.10697317,28.49841666666667,43.00316666666666,4.367194444444449,56.32805555555551,6.483750000000011,18.953124999999858,56.7,MEDIUM,39.1,0.7,0.425,0.736,0.273,high physics-normalised drift rate (contribution 0.74); abnormal multi-parameter pattern (ensemble anomaly score) (contribution 0.70); significant deviation from lot population (contribution 0.42).
IC0177,LOT2026D,110.64,0.46607590152988154,1,10.422,18.807,8.384999999999998,80.45480713874494,0.04960138888888892,0.0003295980639730623,0.106423414568472,2.117,3.304,1.1869999999999998,56.06991025035427,0.007175000000000009,3.9851641414141115e-05,0.015394488272078143,5.032,5.707,0.6749999999999998,13.414149443561204,0.0040152777777777825,2.4963173400672657e-05,0.00861507270510606,2.942207540305302,3.5915940568304916,3.227524342649552,4.009118060108047,3.847745826248976,3.513106716863897,2.882435388528231,3.601760737130746,3.2546606804070066,1.0,1.0,0.0,0.7,0.0,18.72311,16.99731,19.055462,2.0581512,3.3126,2.7462456,3.3581438,0.6118982,5.712085,5.4404864,5.712845,0.27235842,35.22269444444446,29.554611111111086,5.704500000000005,42.954999999999956,7.039638888888891,12.004513888888857,74.6,HIGH,34.3,0.7,1.0,0.949,0.38,significant deviation from lot population (contribution 1.00); high physics-normalised drift rate (contribution 0.95); abnormal multi-parameter pattern (ensemble anomaly score) (contribution 0.70).
IC0178,LOT2026D,108.83,0.42159784776255865,0,11.312,12.298,0.9860000000000007,8.716407355021223,0.006143055555555593,1.886047979797836e-05,0.014570889268427492,2.067,2.22,0.15300000000000002,7.402031930333817,0.001145833333333338,-7.549452861953126e-06,0.0027178348737175342,5.098,5.187,0.08900000000000041,1.7457826598666224,0.0004819444444444523,1.8413299663295548e-06,0.0011431378196121165,-0.38834565191398335,-0.6599431716195894,-0.6214773052601166,-0.19332260888091685,-0.41205677069748653,-0.37766097741561033,-0.3575006327783614,-0.6526560810736002,-0.6203992179048667,0.0,0.0,0.0,0.0,1.0,12.2561035,11.921833,12.515387,0.59355354,2.2379005,2.2161574,2.2829876,0.06683016,5.1805763,5.156152,5.2535152,0.09736347,14.383527777777797,71.2329444444444,2.639916666666669,73.60083333333331,5.3389722222222264,33.26284722222217,5.0,LOW,100.0,0.0,0.064,0.046,0.14,predicted value approaching the safety limit (contribution 0.14); significant deviation from lot population (contribution 0.06).
IC0179,LOT2026D,110.45,0.4612151280806875,0,11.946,14.028,2.0820000000000007,17.428427925665503,0.012848611111111139,2.9014099326597657e-05,0.027858173613211,2.11,2.387,0.27700000000000014,13.127962085308065,0.001584722222222234,-1.2889309764313259e-06,0.0034359719049479967,5.069,5.277,0.20800000000000018,4.103373446439144,0.0012277777777777814,-8.364898989899526e-06,0.002662050099889584,0.4968682092842601,-0.00393736340747799,-0.0646849996348374,0.454101368721626,-0.10196747776150321,-0.15724757070855147,0.20325752475547149,0.24538709163698263,0.16733195970262707,0.0,0.0,0.0,0.0,1.0,13.971134,12.887188,14.998534,2.1113462,2.370898,2.295224,2.4681535,0.17292953,5.270739,5.2147336,5.329701,0.114967346,18.370305555555568,63.259388888888864,2.9023611111111167,70.97638888888883,5.682888888888891,28.963888888888867,9.0,LOW,95.7,0.0,0.092,0.176,0.18,predicted value approaching the safety limit (contribution 0.18); high physics-normalised drift rate (contribution 0.18); significant deviation from lot population (contribution 0.09).
IC0180,LOT2026D,112.97,0.5295752476119316,0,11.036,13.078,2.042,18.50308082638637,0.011704166666666672,2.088594276094179e-05,0.02210104554441598,1.837,2.056,0.21900000000000008,11.921611322808932,0.0013791666666666702,-7.365319865320021e-06,0.0026042883856182645,4.868,4.998,0.1299999999999999,2.6705012325390283,0.0007958333333333443,3.2880892255884945e-06,0.0015027766817314022,0.010768112094472818,-0.11589858668146126,-0.30593253585263913,-0.8291162156283254,-0.24719917192139756,-0.4125111065319167,-1.5350927635994127,-0.2747086750538704,-0.43388499450357043,0.0,0.0,0.0,0.0,1.0,13.186141,12.702104,14.727455,2.0253515,2.061451,2.0113037,2.1426082,0.1313045,4.987077,4.95799,5.102413,0.14442301,16.888083333333334,66.22383333333333,2.5265833333333347,74.73416666666665,5.265916666666673,34.17604166666659,10.9,LOW,96.0,0.0,0.361,0.12,0.062,significant deviation from lot population (contribution 0.36); high physics-normalised drift rate (contribution 0.12); predicted value approaching the safety limit (contribution 0.06).
IC0181,LOT2026E,136.3,1.7560790156499826,0,11.016,17.497,6.481,58.83260711692084,0.03947916666666671,-2.2937710437711373e-05,0.02248142954550036,1.537,2.451,0.9140000000000001,59.46649316851009,0.005388888888888895,-4.787457912458107e-06,0.0030687052466681236,5.218,5.819,0.601,11.517822920659256,0.0035541666666666916,-7.365319865327507e-07,0.0020239218366556117,0.0945336975346648,-0.05615369835620887,-0.13211538314807023,0.24665728287985794,0.1985284616468922,0.10304135976061253,-0.2345936739834897,-0.06537738024985648,-0.1467793274651304,0.0,0.0,0.0,0.0,1.0,17.471186,15.781947,17.516724,1.7347765,2.4375272,2.1944716,2.4535005,0.2590289,5.834192,5.7254496,5.835026,0.109576225,30.755583333333355,38.48883333333329,4.231444444444447,57.685555555555524,6.995083333333346,12.561458333333174,11.9,LOW,96.5,0.0,0.027,0.124,0.443,predicted value approaching the safety limit (contribution 0.44); high physics-normalised drift rate (contribution 0.12).
IC0182,LOT2026E,135.27,1.6703760693093286,0,9.46,13.299,3.8389999999999986,40.58139534883719,0.023308333333333365,-2.656776094277655e-06,0.013953943523012128,1.379,1.86,0.4810000000000001,34.88034807831763,0.0028611111111111172,-1.0600799663299908e-05,0.0017128544665358722,5.19,5.6,0.40999999999999925,7.899807321772625,0.002475000000000012,-2.5252525252532483e-06,0.001481702261828608,-0.7647849821532116,-0.6498434220679782,-0.647774845477469,-0.8499409180880159,-0.6261561097104025,-0.623751174572156,-0.8251225774591733,-0.5397330765429437,-0.539079058445032,0.0,0.0,0.0,0.0,1.0,13.336206,12.996344,14.395096,1.3987522,1.8666381,1.8564621,2.090142,0.23367989,5.6041417,5.527888,5.710705,0.18281698,21.114166666666684,57.77166666666663,2.8095555555555585,71.90444444444441,6.427500000000006,19.65624999999992,12.0,LOW,97.2,0.0,0.183,0.04,0.378,predicted value approaching the safety limit (contribution 0.38); significant deviation from lot population (contribution 0.18).
IC0183,LOT2026E,136.88,1.8060601158431542,0,10.681,18.391,7.709999999999999,72.18425241082296,0.04682500000000003,4.0903829966328104e-05,0.025926600996966212,1.522,2.362,0.8400000000000001,55.190538764783184,0.005154166666666667,5.944865319865141e-06,0.0028538178887032553,5.132,5.827,0.6950000000000003,13.542478565861268,0.0040944444444444604,9.311868686867888e-06,0.002267058780893891,0.2775329590022589,0.2135383869063129,0.07621509709082913,0.08151812909620187,0.12195060859228432,-0.012147221298525527,-0.2130218418930538,0.17210571609249314,0.029131986408744953,0.0007220303178649879,0.02,0.0,0.007252710611252745,0.9803510630968845,18.341143,15.480378,18.341143,2.8607645,2.3689868,2.1246896,2.4102364,0.28554678,5.812173,5.6181307,5.829249,0.21111822,34.09350000000001,31.812999999999974,4.099083333333334,59.009166666666665,7.179222222222229,10.259722222222134,12.9,LOW,92.0,0.007,0.035,0.158,0.44,predicted value approaching the safety limit (contribution 0.44); high physics-normalised drift rate (contribution 0.16).
IC0184,LOT2026E,133.03,1.4968448370678733,0,9.46,13.228,3.767999999999999,39.830866807610974,0.023036111111111146,5.6555134680134046e-05,0.015389778914049588,1.62,2.182,0.5619999999999998,34.69135802469134,0.0032652777777777823,7.654671717171452e-06,0.00218144038507962,5.416,5.758,0.34199999999999964,6.31462333825701,0.0022000000000000097,8.12815656565603e-06,0.0014697582177652607,-0.7793184805471703,-0.6598376834995255,-0.5609494782140869,-0.25247117069096814,-0.49429720297140706,-0.3725695900781459,-0.39907889367306326,-0.660611362084811,-0.5477206595424438,0.0,0.0,0.0,0.0,1.0,13.464058,12.880227,14.204117,1.3238897,2.1888165,2.0812724,2.3093607,0.22808838,5.7554383,5.6547933,5.762849,0.10805559,20.978055555555574,58.04388888888885,3.2526388888888915,67.47361111111108,6.516000000000005,18.549999999999933,12.5,LOW,97.6,0.0,0.165,0.054,0.406,predicted value approaching the safety limit (contribution 0.41); significant deviation from lot population (contribution 0.17); high physics-normalised drift rate (contribution 0.05).
IC0185,LOT2026E,136.27,1.753527949714964,0,10.927,19.093,8.166,74.73231445044387,0.04840555555555559,-2.4437079124581073e-05,0.027604667244353825,1.394,2.359,0.9650000000000001,69.22525107604018,0.005570833333333335,4.471801346798518e-07,0.003176928736287821,5.294,5.955,0.6610000000000005,12.485833018511533,0.004002777777777785,-3.4459175084184236e-06,0.002282699730237226,0.4212303656580213,0.2715662925649914,0.17768823191615243,0.0759516407664155,0.25788762584898156,0.16105366129674745,0.1321274715539209,0.13181295424520043,0.04044832485266475,0.0,0.005,0.0,0.0017499999999999998,0.995,19.004755,16.418745,19.146841,2.728096,2.3595352,2.1446536,2.425227,0.28057337,5.955953,5.76722,5.955953,0.1887331,35.1297777777778,29.740444444444407,4.1794166666666674,58.205833333333324,7.295388888888892,8.807638888888846,15.1,LOW,93.3,0.002,0.072,0.174,0.506,predicted value approaching the safety limit (contribution 0.51); high physics-normalised drift rate (contribution 0.17); significant deviation from lot population (contribution 0.07).
IC0186,LOT2026E,134.07,1.5752858026801206,0,10.013,16.032,6.019,60.11185458903425,0.03501805555555562,-8.759469696971526e-06,0.022229652229441458,1.643,2.271,0.6279999999999999,38.2227632379793,0.0038430555555555622,6.760311447811292e-06,0.0024395925799732088,5.344,5.883,0.5389999999999997,10.08607784431137,0.003122222222222241,-6.023779461279779e-06,0.0019820036573110936,-0.20534764256603522,-0.21993720712217918,-0.1473404277958467,-0.08733201690731204,-0.30579787237545325,-0.23418925300891674,-0.06201901726000236,-0.2552417580454169,-0.17710742929595857,0.0,0.0,0.0,0.0,1.0,16.051416,15.137997,16.23059,1.0925941,2.269602,2.1315544,2.3850803,0.25352597,5.8847814,5.713624,5.8847814,0.17115736,27.522027777777808,44.955944444444384,3.5645277777777813,64.35472222222218,6.90511111111112,13.686111111111,12.1,LOW,98.0,0.0,0.016,0.121,0.469,predicted value approaching the safety limit (contribution 0.47); high physics-normalised drift rate (contribution 0.12).
IC0187,LOT2026E,134.55,1.6127212204998695,0,9.647,14.662,5.015000000000001,51.98507307971391,0.028788888888888964,-1.3862584175084656e-05,0.01785112549084319,1.583,2.198,0.615,38.85028427037271,0.003702777777777783,-4.892676767676998e-06,0.002295981308307019,5.318,5.739,0.42100000000000026,7.916509966152694,0.0025625000000000183,-1.5519781144790036e-06,0.0015889293000099303,-0.4857827524212972,-0.44863242406345544,-0.41211116302382034,-0.22278323293210855,-0.351563334851875,-0.3111708807975151,-0.4503119948878489,-0.5012718038705288,-0.46149953128442484,0.0,0.0,0.0,0.0,1.0,14.719346,13.76966,14.834291,1.0646315,2.2013757,2.1069157,2.315922,0.20900631,5.737664,5.6235948,5.7840095,0.1604147,24.041444444444483,51.91711111111103,3.4343888888888916,65.65611111111109,6.5992500000000085,17.509374999999892,11.7,LOW,98.2,0.0,0.089,0.078,0.417,predicted value approaching the safety limit (contribution 0.42); significant deviation from lot population (contribution 0.09); high physics-normalised drift rate (contribution 0.08).
IC0188,LOT2026E,134.74,1.627759150547168,0,10.82,15.559,4.738999999999999,43.7985212569316,0.028350000000000035,5.8343855218853885e-05,0.017416581556595912,1.295,1.82,0.5250000000000001,40.540540540540555,0.0030930555555555624,-8.259680134680219e-06,0.0019001923930305278,5.389,5.804,0.41500000000000004,7.700872146966042,0.0025583333333333543,-1.604587542088638e-06,0.0015716903403512586,-0.3021693994722682,-0.4647456210653395,-0.4383881561377968,-0.9241607624851648,-0.5504845034375077,-0.523330237129161,-0.27504085915305615,-0.5031032930454045,-0.4739720415928695,0.0,0.0,0.0,0.0,1.0,15.527616,14.720495,15.763072,1.0425768,1.8561698,1.8244989,2.099639,0.27514005,5.804425,5.6562715,5.807663,0.1513915,24.99500000000002,50.00999999999996,2.841527777777781,71.58472222222218,6.668166666666678,16.64791666666653,14.1,LOW,98.1,0.0,0.203,0.074,0.429,predicted value approaching the safety limit (contribution 0.43); significant deviation from lot population (contribution 0.20); high physics-normalised drift rate (contribution 0.07).
IC0189,LOT2026E,133.9,1.5622161062362516,0,10.037,16.152,6.115,60.92457905748729,0.0359208333333334,-6.6550925925934925e-06,0.022993511070549127,1.551,2.243,0.692,44.61637653127015,0.004341666666666666,4.340277777777518e-06,0.0027791716199410906,5.241,5.81,0.569,10.856706735355848,0.003359722222222234,-7.1811868686874496e-06,0.002150612971413155,-0.18078398330863976,-0.18679297278286364,-0.10114967025459834,-0.13928590798531626,-0.1431265750582749,-0.052160732849440304,-0.258861985085231,-0.15084687507744451,-0.05511738756047124,0.0,0.0,0.0,0.0,1.0,16.258568,15.223194,16.258568,1.0353737,2.2575908,2.097142,2.3737493,0.27660728,5.8154225,5.6816173,5.8237925,0.1421752,27.9974166666667,44.0051666666666,3.7218333333333335,62.781666666666666,6.920861111111117,13.489236111111037,11.9,LOW,98.2,0.0,0.03,0.129,0.437,predicted value approaching the safety limit (contribution 0.44); high physics-normalised drift rate (contribution 0.13).
IC0190,LOT2026E,133.97,1.5675858829915443,1,9.477,25.291,15.814,166.86715205233725,0.09351388888888892,0.0005885679713804703,0.059654714873056396,1.45,3.351,1.901,131.10344827586206,0.011440277777777787,6.531460437710418e-05,0.007298022967612739,5.265,6.812,1.5470000000000006,29.38271604938273,0.009101388888888893,5.960648148148072e-05,0.005805990592056121,1.6899433663024848,1.9276562046762025,2.115763566694128,1.9166037818157062,2.172787075604988,2.3701319496292115,2.443009984241867,2.372945207902731,2.589574401122573,1.0,1.0,0.0,0.7,0.0,25.240734,16.022095,26.320202,10.298107,3.3845003,2.8201013,3.4147196,0.5946183,6.809715,5.76722,6.8149233,1.0477033,56.23394444444446,-12.467888888888922,7.170138888888894,28.29861111111106,9.815694444444446,-22.69618055555558,68.8,HIGH,10.9,0.7,0.596,0.489,0.953,predicted value approaching the safety limit (contribution 0.95); abnormal multi-parameter pattern (ensemble anomaly score) (contribution 0.70); significant deviation from lot population (contribution 0.60).
IC0191,LOT2026E,133.78,1.5530492689071507,0,10.703,16.166,5.463000000000001,51.04176399140429,0.032311111111111165,2.9540193602692304e-05,0.020804949178365627,1.513,2.074,0.5609999999999999,37.078651685393254,0.0034041666666666695,4.603324915824624e-06,0.002191924451348612,5.294,5.724,0.4300000000000006,8.122402720060458,0.0025541666666666764,4.392887205386748e-06,0.0016446140620277885,-0.1779182230619438,-0.3193189190103732,-0.23349261935141255,-0.45286475056327014,-0.44898486388584197,-0.36694969354866913,-0.4907591800574153,-0.5049347822202862,-0.4212112086685264,0.0,0.0,0.0,0.0,1.0,16.173878,15.425909,16.258568,0.83265877,2.0616837,2.0376418,2.1635954,0.12595367,5.740651,5.658392,5.7812524,0.12286043,26.858555555555583,46.282888888888834,3.2150833333333346,67.84916666666666,6.571083333333338,17.86145833333328,12.3,LOW,99.1,0.0,0.09,0.107,0.415,predicted value approaching the safety limit (contribution 0.41); high physics-normalised drift rate (contribution 0.11); significant deviation from lot population (contribution 0.09).
IC0192,LOT2026E,135.02,1.6501502819242082,0,10.109,15.756,5.647,55.861113858937586,0.03285972222222225,-4.550715488216433e-06,0.01991316947442215,1.409,1.989,0.5800000000000001,41.1639460610362,0.0035527777777777814,8.68055555555538e-06,0.0021530025578245858,5.237,5.715,0.47799999999999976,9.127362994080576,0.0028777777777777907,-6.760311447812119e-06,0.0017439489053215624,-0.2618440588580442,-0.29917742275802095,-0.28741878720898045,-0.6105819199072109,-0.40050066106428645,-0.3878134508661212,-0.5150274911591566,-0.36268912297152284,-0.3493417408177736,0.0,0.0,0.0,0.0,1.0,15.746396,15.0937195,15.949443,0.8557234,1.9933817,1.9114887,2.1185656,0.2070769,5.713238,5.6484118,5.7616863,0.113274574,26.538861111111125,46.92227777777775,3.185388888888891,68.14611111111108,6.675888888888895,16.55138888888881,12.5,LOW,98.9,0.0,0.121,0.098,0.405,predicted value approaching the safety limit (contribution 0.41); significant deviation from lot population (contribution 0.12); high physics-normalised drift rate (contribution 0.10).
IC0193,LOT2026E,135.74,1.7090051694181463,0,9.67,14.15,4.48,46.32885211995864,0.02574861111111113,-8.522727272727371e-05,0.015066432549105505,1.297,1.761,0.46399999999999997,35.774865073245955,0.0026319444444444467,-4.97159090909116e-06,0.0015400447532528691,5.241,5.704,0.4630000000000001,8.834191948101509,0.002733333333333344,-1.0258838383839253e-05,0.0015993710155153855,-0.5905876985861835,-0.5602520070923215,-0.5805023232440901,-1.0336350329709596,-0.700921469201587,-0.7163843841514742,-0.5446887602835063,-0.4261807477005849,-0.4539448756173629,0.0,0.0,0.0,0.0,1.0,14.03683,13.376549,14.48996,1.113411,1.7924353,1.7924353,2.090142,0.29770672,5.6846166,5.5748634,5.7280674,0.15320396,22.544305555555564,54.911388888888865,2.6129722222222234,73.87027777777776,6.607666666666672,17.404166666666598,13.4,LOW,97.9,0.0,0.231,0.051,0.387,predicted value approaching the safety limit (contribution 0.39); significant deviation from lot population (contribution 0.23); high physics-normalised drift rate (contribution 0.05).
IC0194,LOT2026E,139.49,2.0471745193123922,0,9.375,14.712,5.337,56.928,0.030875000000000027,-3.743160774410846e-05,0.015081762550644858,1.555,2.237,0.6820000000000002,43.85852090032156,0.003987500000000006,-2.6041666666668402e-06,0.001947806580427414,5.342,5.845,0.5030000000000001,9.41594908274055,0.0029986111111111333,-7.628367003375422e-07,0.001464755976016305,-0.4755478943973827,-0.37204374717476213,-0.5795753137678571,-0.1504188846448882,-0.2586730397264653,-0.49780704797334346,-0.16448521968957358,-0.30957593690009266,-0.5513398171374788,0.0,0.0,0.0,0.0,1.0,14.588603,13.797388,14.85502,1.0576315,2.2279172,2.1069157,2.3458123,0.23889661,5.8366685,5.6579046,5.8421745,0.1842699,24.812500000000014,50.37499999999997,3.5487500000000027,64.51249999999997,6.841305555555566,14.483680555555424,11.7,LOW,98.1,0.0,0.086,0.051,0.447,predicted value approaching the safety limit (contribution 0.45); significant deviation from lot population (contribution 0.09); high physics-normalised drift rate (contribution 0.05).
IC0195,LOT2026E,134.41,1.6017207410162744,0,9.282,15.096,5.814,62.637362637362635,0.034241666666666684,1.5098905723904442e-05,0.021378050361600936,1.546,2.253,0.7070000000000001,45.73091849935317,0.004377777777777778,-1.2889309764311978e-06,0.0027331716857210238,5.367,5.9,0.5330000000000004,9.93106018259736,0.0031569444444444665,3.551136363635588e-06,0.0019709705715875415,-0.39694418477371796,-0.24844124865399225,-0.19883703067872305,-0.12073094688602863,-0.1313453668960276,-0.07681861501526538,-0.01617887406782514,-0.23997934825477574,-0.18508994553508296,0.0,0.0,0.0,0.0,1.0,14.951494,14.437334,15.1793785,0.74204445,2.2631454,2.1315544,2.3742635,0.24270916,5.8952494,5.713624,5.9048615,0.19123745,26.40283333333334,47.19433333333332,3.7348888888888894,62.6511111111111,6.945472222222233,13.181597222222086,13.2,LOW,98.9,0.0,0.066,0.113,0.479,predicted value approaching the safety limit (contribution 0.48); high physics-normalised drift rate (contribution 0.11); significant deviation from lot population (contribution 0.07).
IC0196,LOT2026E,134.06,1.5745142823066307,0,9.952,16.79,6.837999999999999,68.70980707395498,0.03968750000000005,-5.787037037039196e-06,0.025206186089248225,1.469,2.154,0.6849999999999998,46.630360789652805,0.004151388888888889,-4.44549663299676e-06,0.002636615580779103,5.328,5.911,0.5829999999999993,10.942192192192177,0.0035583333333333556,-1.60458754208833e-06,0.002259956212096388,-0.05018719492348888,-0.04850502889328974,0.03265140633973671,-0.3044250617689723,-0.2052044796054996,-0.1285767120303324,0.01348239505652215,-0.06354589107498088,0.023993227208810638,0.0,0.0,0.0,0.0,1.0,16.859888,15.154977,16.872046,1.7170687,2.1830752,2.0695994,2.2913427,0.22174335,5.902739,5.723098,5.910566,0.18746805,29.795750000000027,40.40849999999995,3.5446944444444446,64.55305555555555,7.107166666666679,11.160416666666517,13.5,LOW,96.4,0.0,0.042,0.15,0.482,predicted value approaching the safety limit (contribution 0.48); high physics-normalised drift rate (contribution 0.15).
IC0197,LOT2026E,135.78,1.7123295589790581,0,10.371,17.001,6.630000000000001,63.928261498409036,0.03896805555555559,-2.8777356902358456e-05,0.022757333920457173,1.591,2.351,0.76,47.76869893148963,0.004450000000000005,4.261363636363368e-06,0.0025987987982016895,5.305,5.902,0.5970000000000004,11.25353440150802,0.0035972222222222456,-6.0763888888897474e-06,0.0021007768062866455,-0.006996094062568523,-0.07491843410523709,-0.11543136850772197,0.06110767188698572,-0.10778295057153194,-0.14884808381585346,-0.01078591604521676,-0.04645199210946395,-0.09117420859729436,0.0,0.0,0.0,0.0,1.0,16.988775,15.414016,17.016108,1.6020918,2.3539286,2.1353376,2.4322448,0.2969072,5.8928614,5.712627,5.907445,0.19481802,29.855027777777792,40.289944444444416,3.8160000000000025,61.839999999999975,7.103611111111123,11.204861111110965,12.1,LOW,96.5,0.0,0.0,0.126,0.481,predicted value approaching the safety limit (contribution 0.48); high physics-normalised drift rate (contribution 0.13).
IC0198,LOT2026E,133.58,1.5378787152415796,0,10.09,13.361,3.271000000000001,32.418235877106056,0.020216666666666702,3.76157407407393e-05,0.01314581342878586,1.626,2.093,0.4670000000000001,28.720787207872085,0.002836111111111115,-2.235900673400927e-06,0.0018441708588610001,5.454,5.747,0.29300000000000015,5.372203887055376,0.0019152777777777985,-1.7887205387214341e-06,0.0012454023576735274,-0.7520937582035571,-0.7633496768976953,-0.6966426980640311,-0.4176103244746242,-0.634312330745805,-0.5533601146001239,-0.42874016279741295,-0.7857631223680516,-0.7100437250382491,0.0,0.0,0.0,0.0,1.0,13.420884,13.058562,14.473269,1.4147072,2.0958521,2.032676,2.2098033,0.17712736,5.7428207,5.6532984,5.75928,0.10598183,20.198333333333352,59.603333333333296,3.0440555555555573,69.55944444444442,6.411638888888899,19.854513888888757,11.9,LOW,97.5,0.0,0.158,0.032,0.404,predicted value approaching the safety limit (contribution 0.40); significant deviation from lot population (contribution 0.16).
IC0199,LOT2026E,135.74,1.7090051694181463,0,10.049,17.294,7.245000000000001,72.09672604239229,0.04336805555555556,3.138152356902186e-05,0.0253761991663962,1.535,2.339,0.804,52.37785016286646,0.004727777777777782,-6.31313131313386e-07,0.0027663917361861563,5.332,6.056,0.7240000000000002,13.578394598649668,0.004159722222222238,-7.365319865325711e-07,0.00243400212981127,0.05298017395757133,0.08662146495161016,0.04293214461592926,0.038841718567841056,-0.01715827240040092,-0.05901128324837204,0.40447185169567407,0.2007990464988958,0.14991669044689582,0.0,0.0,0.0,0.0,1.0,17.264803,15.154977,17.264803,2.109826,2.320285,2.1353376,2.4714468,0.33610916,6.058685,5.7248306,6.065706,0.34087515,31.73302777777778,36.53394444444444,3.898888888888891,61.01111111111109,7.411861111111119,7.351736111111018,15.7,LOW,94.7,0.0,0.068,0.152,0.563,predicted value approaching the safety limit (contribution 0.56); high physics-normalised drift rate (contribution 0.15); significant deviation from lot population (contribution 0.07).
IC0200,LOT2026E,135.47,1.6867169429111757,0,10.751,17.002,6.2509999999999994,58.14342851827736,0.037295833333333375,-5.313552188552349e-05,0.022111495049645335,1.511,2.248,0.7370000000000003,48.77564526803444,0.004194444444444453,2.104377104376764e-06,0.00248675064424567,5.327,5.879,0.5519999999999996,10.362305237469489,0.003250000000000013,2.761994949494358e-06,0.0019268200356075758,-0.006791396902090706,-0.13631175432759954,-0.15448542547081778,-0.13000842743567204,-0.19115765448897162,-0.20891056486045648,-0.07280493330522152,-0.19907609001586543,-0.21703317331892877,0.0,0.0,0.0,0.0,1.0,16.959312,15.392642,17.016108,1.6234655,2.2451458,2.1315544,2.3128912,0.18133688,5.879334,5.713624,5.884202,0.170578,29.398916666666686,41.20216666666663,3.608222222222226,63.917777777777744,6.952000000000006,13.099999999999923,11.8,LOW,96.8,0.0,0.0,0.12,0.469,predicted value approaching the safety limit (contribution 0.47); high physics-normalised drift rate (contribution 0.12).
IC0201,LOT2026E,135.44,1.6842566822026375,1,11.44,34.687,23.247,203.20804195804197,0.13780416666666676,0.0009281881313131291,0.08181898170440934,1.476,3.862,2.386,161.65311653116532,0.014141666666666672,9.62752525252523e-05,0.00839638447993122,5.417,7.412,1.995,36.82850286136238,0.011834722222222246,7.557344276094225e-05,0.007026673753044003,3.61327788615653,3.5537123413630205,3.4560429746040646,2.8647622939892825,3.054112070819239,2.958899503440447,4.060897391024558,3.574402106621896,3.4727473773472473,1.0,1.0,0.0,0.7,0.0,33.010864,17.486609,33.010864,15.524256,3.8682683,2.84515,3.8840938,1.0389438,7.2264147,5.76722,7.2264147,1.4591947,80.34208333333338,-60.68416666666675,8.546833333333337,14.531666666666625,11.334361111111123,-41.67951388888904,82.1,CRITICAL,0.0,0.7,1.0,0.707,1.0,significant deviation from lot population (contribution 1.00); predicted value approaching the safety limit (contribution 1.00); high physics-normalised drift rate (contribution 0.71).
IC0202,LOT2026E,137.41,1.8528469063735882,0,9.511,14.237,4.726000000000001,49.689832825149836,0.02907916666666667,5.203072390572294e-05,0.015694316981417922,1.316,1.973,0.657,49.92401215805471,0.003752777777777783,7.680976430976358e-06,0.002025411686669116,5.241,5.742,0.5010000000000003,9.559244419004013,0.003019444444444463,6.470959595958656e-06,0.0016296243548551738,-0.572779045624572,-0.43797527794512436,-0.5425339761934611,-0.6402698576660705,-0.33525089278107145,-0.45620747619962015,-0.4422225578539351,-0.30041849102571044,-0.43205636875549014,0.0,0.0,0.0,0.0,1.0,14.2960615,13.641158,14.48996,0.8488016,1.9732136,1.9072214,2.092243,0.18502152,5.744232,5.643835,5.7697797,0.12594461,24.050583333333336,51.89883333333333,3.1923888888888916,68.07611111111108,6.750722222222231,15.615972222222108,11.9,LOW,98.9,0.0,0.129,0.057,0.409,predicted value approaching the safety limit (contribution 0.41); significant deviation from lot population (contribution 0.13); high physics-normalised drift rate (contribution 0.06).
IC0203,LOT2026E,135.92,1.7240107702828409,0,10.739,16.401,5.661999999999999,52.72371729211285,0.033288888888888896,-3.2933501683502945e-05,0.019308979655288074,1.523,2.132,0.6090000000000002,39.98686802363757,0.003402777777777781,3.682659932659757e-06,0.001973756682053397,5.172,5.668,0.49600000000000044,9.590100541376652,0.0029791666666666838,6.050084175078567e-07,0.0017280441155120639,-0.12981439034954492,-0.28342116366440867,-0.3239543143805237,-0.3452459761874038,-0.4494379872766975,-0.4838967118188727,-0.6417620046904667,-0.31812288638285313,-0.3608489697213942,0.0,0.0,0.0,0.0,1.0,16.414581,15.464007,16.414581,0.9505739,2.1197174,2.0494921,2.2281384,0.17864633,5.672178,5.582718,5.756173,0.17345524,27.38344444444445,45.2331111111111,3.2243888888888907,67.7561111111111,6.661583333333342,16.73020833333323,12.5,LOW,98.6,0.0,0.13,0.092,0.402,predicted value approaching the safety limit (contribution 0.40); significant deviation from lot population (contribution 0.13); high physics-normalised drift rate (contribution 0.09).
IC0204,LOT2026E,136.09,1.7382914103251732,0,10.206,17.302,7.096,69.52772878698805,0.043190277777777814,7.260101010099925e-06,0.024846396594514857,1.646,2.59,0.944,57.35115431348724,0.0056361111111111195,2.104377104376783e-06,0.003242328114626535,5.212,5.914,0.702,13.468917881811205,0.004275000000000022,4.261363636363072e-06,0.0024593114679202837,0.0546177512413975,0.08009460034325372,0.010894835069293372,0.5045712421599498,0.2791844252191997,0.1961104541408281,0.02157183209043592,0.2514702470038221,0.16822817714416838,0.0,0.005,0.0,0.0017499999999999998,0.995,17.187931,16.350843,17.4792,1.1283569,2.5383434,2.3318422,2.58918,0.2573378,5.9272304,5.742022,5.9282455,0.1862235,31.801138888888907,36.397722222222185,4.46405555555556,55.35944444444441,7.349500000000011,8.131249999999868,14.7,LOW,97.6,0.002,0.094,0.147,0.492,predicted value approaching the safety limit (contribution 0.49); high physics-normalised drift rate (contribution 0.15); significant deviation from lot population (contribution 0.09).
IC0205,LOT2026E,135.56,1.6941171307016845,0,10.578,16.972,6.394000000000002,60.44620911325394,0.03789027777777783,-2.5515572390573702e-05,0.022365795783013006,1.474,2.116,0.6420000000000001,43.5549525101764,0.00396388888888889,-1.4151936026936298e-05,0.0023397962378475514,5.257,5.788,0.5310000000000006,10.100817957009713,0.0031847222222222303,3.1828703703696362e-06,0.001879871329146618,-0.012932311716439018,-0.11448755079340384,-0.1391077890733462,-0.37493391394626335,-0.26637613737101296,-0.28768425221787963,-0.318184523333928,-0.22776942042227016,-0.25100089740997517,0.0,0.0,0.0,0.0,1.0,16.952705,15.392642,17.016108,1.6234655,2.1212761,2.0376418,2.2480543,0.2104125,5.8028917,5.685798,5.8028917,0.11709356,29.523138888888912,40.953722222222176,3.455944444444445,65.44055555555556,6.849361111111115,14.382986111111062,12.2,LOW,96.9,0.0,0.06,0.122,0.426,predicted value approaching the safety limit (contribution 0.43); high physics-normalised drift rate (contribution 0.12); significant deviation from lot population (contribution 0.06).
IC0206,LOT2026E,136.18,1.745894733832593,0,10.038,16.157,6.119,60.958358238692966,0.03599722222222225,-4.2718855218856744e-05,0.020618208832786297,1.433,2.15,0.7169999999999999,50.034891835310525,0.004231944444444452,5.550294612794405e-06,0.0024239402080986155,5.313,5.873,0.5600000000000005,10.54018445322794,0.0032708333333333426,-1.5782828282885167e-07,0.0018734424647431063,-0.1797604975062485,-0.18398846064646152,-0.24478486022318896,-0.31184704620868725,-0.17892332293586913,-0.2425795767744457,-0.08898380737304666,-0.1899186441414832,-0.25565222667415477,0.0,0.0,0.0,0.0,1.0,16.264828,15.280848,16.271479,0.9906311,2.147289,2.0610144,2.2864196,0.22540522,5.8759007,5.7120714,5.8819423,0.16987085,28.036611111111124,43.92677777777775,3.5489722222222264,64.51027777777773,6.948416666666671,13.144791666666611,12.3,LOW,98.4,0.0,0.044,0.105,0.468,predicted value approaching the safety limit (contribution 0.47); high physics-normalised drift rate (contribution 0.10).
IC0207,LOT2026E,136.02,1.7323983144869468,0,10.605,15.303,4.698,44.2998585572843,0.02758750000000002,7.767781986531857e-05,0.015924455576586102,1.444,1.914,0.47,32.54847645429363,0.0028083333333333363,-2.709385521885775e-06,0.0016210667661409205,5.351,5.77,0.4189999999999996,7.8303120911979,0.0024430555555555703,5.07680976430921e-06,0.001410215846509344,-0.354571872554711,-0.4927397512996234,-0.528617431043729,-0.7497441281518652,-0.6433747985629185,-0.6729532079877483,-0.3667211455374106,-0.5537744935503309,-0.5907999899650943,0.0,0.0,0.0,0.0,1.0,15.220547,14.480608,15.554631,1.0740232,1.9122558,1.8833145,2.10174,0.2184254,5.774905,5.6562715,5.7866373,0.13036585,24.398750000000014,51.20249999999997,2.848166666666668,71.51833333333333,6.572527777777785,17.843402777777683,12.7,LOW,98.3,0.0,0.157,0.059,0.418,predicted value approaching the safety limit (contribution 0.42); significant deviation from lot population (contribution 0.16); high physics-normalised drift rate (contribution 0.06).
IC0208,LOT2026E,137.57,1.8671837588924858,0,10.689,17.11,6.420999999999999,60.071101132004856,0.037804166666666694,-1.5782828282829482e-05,0.020246623550908626,1.56,2.29,0.73,46.79487179487179,0.004388888888888892,-2.893518518520137e-07,0.0023505393446074893,5.207,5.767,0.5600000000000005,10.754753216823516,0.0032375000000000203,-3.6563552188562167e-06,0.0017338946874304077,0.015315896429565106,-0.11764900083807783,-0.26725472603794964,-0.05207759081866612,-0.12772037976918155,-0.2819254991876228,-0.374810582571322,-0.20457055754049244,-0.35661603919619667,0.0,0.0,0.0,0.0,1.0,17.02438,15.450295,17.23937,1.7890749,2.2802403,2.1238153,2.353388,0.22957277,5.771604,5.673143,5.7854,0.112257004,29.591083333333348,40.817833333333304,3.754444444444446,62.45555555555554,6.82575000000001,14.678124999999875,11.6,LOW,96.4,0.0,0.06,0.102,0.417,predicted value approaching the safety limit (contribution 0.42); high physics-normalised drift rate (contribution 0.10); significant deviation from lot population (contribution 0.06).
IC0209,LOT2026E,132.65,1.4690725702240215,0,10.676,16.011,5.334999999999999,49.97189958786061,0.03225000000000003,7.652041245791116e-05,0.021952625522837287,1.648,2.311,0.663,40.230582524271846,0.003983333333333345,5.971170033669844e-06,0.0027114612402884355,5.283,5.754,0.4709999999999992,8.915388983532068,0.0028791666666666757,3.630050505049783e-06,0.0019598532605013697,-0.20964628293607954,-0.32156252871949703,-0.1640923101444862,-0.013112172510163162,-0.2600324098990304,-0.08845631872769381,-0.40986480971828243,-0.362078626579899,-0.19313339942498825,0.0,0.0,0.0,0.0,1.0,16.036827,15.264804,16.180384,0.9155798,2.3008559,2.1246896,2.3550482,0.2303586,5.7595534,5.688728,5.7713904,0.08266258,26.801000000000016,46.39799999999997,3.639666666666672,63.60333333333328,6.722583333333338,15.967708333333274,12.0,LOW,98.8,0.0,0.069,0.118,0.41,predicted value approaching the safety limit (contribution 0.41); high physics-normalised drift rate (contribution 0.12); significant deviation from lot population (contribution 0.07).
IC0210,LOT2026E,135.43,1.683437312826993,0,9.783,16.645,6.862,70.14208320556067,0.04007916666666671,5.468749999999872e-05,0.02380793532451876,1.69,2.545,0.855,50.591715976331365,0.0051513888888888954,5.445075757575508e-06,0.003060042004319233,5.391,6.01,0.6189999999999998,11.482099795956218,0.0037347222222222395,5.208333333332808e-06,0.0022185098273428,-0.07986828319284135,-0.03412553030300242,-0.05190120806978881,0.4210739172131574,0.121044361810575,0.09839750075005468,0.2804338171756669,0.01398715066146656,-0.005993527869350285,0.0,0.0,0.0,0.0,1.0,16.7519,15.286353,16.7519,1.4655466,2.5177615,2.2530375,2.583485,0.33044744,6.007532,5.762047,6.02262,0.2605734,29.822583333333355,40.35483333333329,4.265694444444447,57.34305555555552,7.25836111111112,9.270486111110998,15.0,LOW,96.6,0.0,0.072,0.137,0.541,predicted value approaching the safety limit (contribution 0.54); high physics-normalised drift rate (contribution 0.14); significant deviation from lot population (contribution 0.07).
IC0211,LOT2026E,134.27,1.5907878136963416,1,11.08,34.671,23.591,212.91516245487367,0.14138750000000008,0.0006722695707070687,0.08887891822069799,1.474,4.247,2.7729999999999997,188.12754409769332,0.016427777777777777,5.9238215488215384e-05,0.010326818973805392,4.944,6.834,1.8899999999999997,38.22815533980582,0.011411111111111124,4.5507154882154075e-05,0.007173245239160061,3.610002731588878,3.685269456125226,3.882959308265416,3.57912829631184,3.7999531721676467,3.993692858819386,2.502332522490564,3.388200707176087,3.5787928933008146,1.0,1.0,0.0,0.7,0.0,32.0952,17.486609,32.0952,14.608591,4.0973334,2.8535242,4.0973334,1.2438092,6.8320775,5.516252,6.833908,1.317656,81.77375000000004,-63.54750000000007,9.687888888888889,3.1211111111111123,10.649555555555562,-33.119444444444525,80.8,CRITICAL,0.0,0.7,0.898,0.777,0.963,predicted value approaching the safety limit (contribution 0.96); significant deviation from lot population (contribution 0.90); high physics-normalised drift rate (contribution 0.78).
IC0212,LOT2026E,135.59,1.6965903410099887,0,9.208,15.319,6.111000000000001,66.36620330147697,0.03609027777777783,-2.4252946127947097e-05,0.02127224050815538,1.595,2.41,0.8150000000000002,51.09717868338559,0.004762500000000007,-2.1832912457914466e-06,0.0028071007389826744,5.328,5.936,0.6079999999999997,11.411411411411404,0.0035583333333333695,-4.7085437710443095e-06,0.0020973438592224187,-0.3512967179870583,-0.18057205495302342,-0.20523538207947586,0.17058194237278054,-0.00583018762900859,-0.0371895608684541,0.08089437033913528,-0.06354589107497477,-0.09365797029142739,0.0,0.0,0.0,0.0,1.0,15.223943,14.515011,15.473659,0.9586477,2.40933,2.156285,2.546852,0.39056706,5.917272,5.718857,5.930693,0.21183634,27.25313888888892,45.49372222222216,3.976250000000004,60.23749999999997,7.107166666666685,11.160416666666439,13.2,LOW,97.9,0.0,0.054,0.112,0.493,predicted value approaching the safety limit (contribution 0.49); high physics-normalised drift rate (contribution 0.11); significant deviation from lot population (contribution 0.05).
IC0213,LOT2026E,132.53,1.4603992453834547,0,10.262,14.392,4.129999999999999,40.245566166439275,0.024277777777777804,-5.2662037037038324e-05,0.01662406896916961,1.52,1.973,0.45300000000000007,29.802631578947373,0.0027388888888888944,-9.311868686868792e-06,0.0018754384443479693,5.314,5.719,0.40500000000000025,7.62137749341363,0.0022958333333333533,-1.0285143097643712e-05,0.0015720586959975728,-0.5410509857504368,-0.6142516135005289,-0.4863116137246885,-0.6402698576660705,-0.6660309681057005,-0.5365993854464892,-0.5042415751139375,-0.618487111062641,-0.4737055336546415,0.0,0.0,0.0,0.0,1.0,14.112064,13.802005,14.498996,0.69699097,1.9764674,1.9073961,2.10174,0.1943438,5.7022295,5.6235948,5.720133,0.09653807,22.4008888888889,55.198222222222206,2.889444444444447,71.10555555555553,6.461916666666677,19.22604166666654,11.6,LOW,99.4,0.0,0.129,0.066,0.383,predicted value approaching the safety limit (contribution 0.38); significant deviation from lot population (contribution 0.13); high physics-normalised drift rate (contribution 0.07).
IC0214,LOT2026E,135.9,1.7223376503739443,0,10.072,16.465,6.393000000000001,63.47299444003178,0.038386111111111135,-4.49810606060757e-06,0.022287215925853424,1.456,2.133,0.677,46.49725274725275,0.004063888888888892,3.0513468013465963e-06,0.0023595192777714426,5.238,5.848,0.6099999999999994,11.645666284841532,0.00353888888888892,-9.180345117845445e-06,0.002054700997867971,-0.11671377207893413,-0.09628371747165772,-0.1438595349907212,-0.3433904800774753,-0.23375125322940507,-0.2771118806995087,-0.15639578265565982,-0.07209284055773522,-0.12451038472685315,0.0,0.0,0.0,0.0,1.0,16.60286,15.286353,16.857695,1.5713415,2.1199942,2.0503664,2.251485,0.20111871,5.8404584,5.682224,5.8550034,0.17277956,29.265055555555566,41.46988888888887,3.487944444444446,65.12055555555554,7.00744444444446,12.406944444444246,12.5,LOW,96.9,0.0,0.052,0.122,0.454,predicted value approaching the safety limit (contribution 0.45); high physics-normalised drift rate (contribution 0.12); significant deviation from lot population (contribution 0.05).
IC0215,LOT2026E,136.72,1.7921460502029187,0,9.085,13.925,4.84,53.27462850853054,0.028140277777777802,-2.8803661616162144e-05,0.01570200027759544,1.324,1.817,0.4929999999999999,37.23564954682778,0.0027736111111111156,8.706860269360126e-06,0.0015476479223314802,5.297,5.759,0.46200000000000063,8.721918066830293,0.002691666666666684,7.260101010100233e-06,0.0015019237223226956,-0.6366445596937995,-0.47244528165801164,-0.5420693651269208,-0.9297272508149511,-0.6547028833343094,-0.7123087686010187,-0.3963824146617579,-0.44449563944934956,-0.524448687502813,0.0,0.0,0.0,0.0,1.0,13.901145,13.140102,14.209918,1.0698156,1.8160417,1.8160417,2.090142,0.2741003,5.7535686,5.647284,5.779997,0.13271284,23.1551388888889,53.6897222222222,2.7108055555555577,72.89194444444442,6.642833333333342,16.964583333333227,13.5,LOW,98.1,0.0,0.204,0.057,0.414,predicted value approaching the safety limit (contribution 0.41); significant deviation from lot population (contribution 0.20); high physics-normalised drift rate (contribution 0.06).
IC0216,LOT2026E,133.69,1.5462059348583834,0,10.475,16.696,6.221000000000002,59.38902147971362,0.03749583333333337,-2.2806186868688673e-05,0.024250219513461898,1.44,2.149,0.7090000000000001,49.23611111111112,0.004058333333333338,-4.26136363636374e-06,0.002624704278932314,5.313,5.873,0.5600000000000005,10.54018445322794,0.0034305555555555747,3.41961279460596e-07,0.0022186925287347174,-0.06942872800844799,-0.12896903164319765,-0.025156159591754004,-0.3137025423186157,-0.2355637467928271,-0.13496166632123585,-0.08898380737304666,-0.11971155910453629,-0.005861342108772279,0.0,0.0,0.0,0.0,1.0,16.815437,15.371253,16.815437,1.4441843,2.1444798,2.0610144,2.289437,0.22842264,5.8728647,5.717865,5.8785815,0.16071653,29.222916666666684,41.55416666666663,3.469166666666669,65.30833333333331,7.028277777777787,12.14652777777766,13.0,LOW,97.2,0.0,0.045,0.141,0.466,predicted value approaching the safety limit (contribution 0.47); high physics-normalised drift rate (contribution 0.14).
IC0217,LOT2026E,134.58,1.6150872900802624,0,9.132,12.695,3.5630000000000006,39.01664476565923,0.021368055555555602,-1.8150252525270469e-06,0.01323027906095014,1.391,1.84,0.44900000000000007,32.27893601725378,0.0025305555555555615,2.498947811447546e-06,0.00156682277861886,5.27,5.572,0.3020000000000005,5.730550284629991,0.0019388888888889075,1.4204545454538915e-06,0.0012004855098528783,-0.8884220670821007,-0.7210780303326295,-0.6915350376876572,-0.8870508402865903,-0.7339994767340488,-0.702030246361859,-0.9006239897756978,-0.7753846837104176,-0.7425413849062606,0.0,0.0,0.0,0.0,1.0,12.840462,12.505081,14.093282,1.5882006,1.8291353,1.8191648,2.090142,0.27097726,5.5789957,5.5509305,5.7203712,0.16944075,19.8160277777778,60.3679444444444,2.656277777777781,73.43722222222219,6.2394444444444535,22.006944444444333,12.3,LOW,96.7,0.0,0.197,0.033,0.383,predicted value approaching the safety limit (contribution 0.38); significant deviation from lot population (contribution 0.20).
IC0218,LOT2026E,133.56,1.5363690185051018,0,10.235,14.851,4.616000000000001,45.10014655593553,0.027626388888888923,2.959280303030163e-05,0.017981610248669035,1.499,2.016,0.5169999999999999,34.48965977318211,0.003033333333333336,1.078493265993242e-05,0.0019743520578700494,5.195,5.624,0.4289999999999994,8.257940327237716,0.0025944444444444556,-1.4730639730649113e-06,0.0016886857344786013,-0.4470949890908997,-0.4913119996665447,-0.4042207132611102,-0.5604835249391356,-0.5699688092443023,-0.4835775655639854,-0.7604070811878655,-0.48723038686314346,-0.38932503921069306,0.0,0.0,0.0,0.0,1.0,14.800378,14.296295,14.997255,0.70096016,2.0243282,1.9114887,2.1321113,0.22062266,5.628601,5.550084,5.712427,0.16234303,24.048194444444462,51.90361111111108,3.015666666666668,69.84333333333332,6.492222222222228,18.84722222222215,12.4,LOW,99.1,0.0,0.16,0.079,0.379,predicted value approaching the safety limit (contribution 0.38); significant deviation from lot population (contribution 0.16); high physics-normalised drift rate (contribution 0.08).
IC0219,LOT2026E,135.3,1.672818087116741,0,9.473,16.667,7.194000000000001,75.9421513775995,0.04176527777777784,-5.400357744107845e-05,0.02496701709494558,1.493,2.37,0.877,58.74079035498995,0.005159722222222224,-9.81165824915842e-06,0.0030844490874172036,5.118,5.81,0.6919999999999993,13.520906604142228,0.004068055555555572,-4.761153198653919e-06,0.002431857705799468,-0.0753649456623185,0.02777770121688902,0.018188790431281826,0.09636209797563165,0.1237631021557075,0.11148071465558063,-0.258861985085231,0.16050628465160724,0.14836518437446156,0.0,0.0,0.0,0.0,1.0,16.760687,14.766324,16.954975,2.188651,2.3808846,2.1246896,2.5567822,0.43209267,5.802194,5.616307,5.8172646,0.20095778,30.35563888888892,39.28872222222216,4.072861111111112,59.27138888888888,7.1520277777777865,10.599652777777669,12.2,LOW,94.6,0.0,0.03,0.148,0.434,predicted value approaching the safety limit (contribution 0.43); high physics-normalised drift rate (contribution 0.15).
IC0220,LOT2026E,136.71,1.791279629787243,0,11.022,17.538,6.516,59.11812738160044,0.03836250000000004,-8.575336700338063e-06,0.021416254258725925,1.627,2.436,0.8089999999999999,49.723417332513826,0.004502777777777783,1.1311026936023844e-06,0.00251372131011873,5.344,5.96,0.6159999999999997,11.526946107784424,0.003593055555555572,-6.339436026936816e-06,0.0020058596635648294,0.1029262811142749,-0.0971505666774545,-0.19652683034554075,0.2188248412309269,-0.09056426171901709,-0.19445316372918178,0.14560986661044303,-0.04828348128434375,-0.1598474385651161,0.0,0.0,0.0,0.0,1.0,17.384901,15.5054865,17.525387,2.0199003,2.4206407,2.1871104,2.4436328,0.25652242,5.953996,5.718857,5.9606314,0.24177456,30.20325000000002,39.59349999999996,3.8783888888888916,61.21611111111108,7.140527777777786,10.743402777777678,12.8,LOW,95.4,0.0,0.02,0.113,0.509,predicted value approaching the safety limit (contribution 0.51); high physics-normalised drift rate (contribution 0.11).
IC0221,LOT2026E,134.92,1.6421218437715146,0,10.131,14.697,4.565999999999999,45.069588392063956,0.026948611111111145,-7.075968013469079e-06,0.0164108474735452,1.637,2.135,0.4979999999999998,30.421502748930955,0.0030111111111111176,-6.313131313131549e-07,0.0018336709438048768,5.443,5.817,0.37400000000000055,6.871210729377192,0.0022291666666666814,1.8676346801338072e-06,0.0013574916350585057,-0.47861835180455725,-0.5161956709859077,-0.49920517713843104,-0.33967948785761826,-0.5772187834979915,-0.5589885067401308,-0.23998663200609807,-0.6477909378606714,-0.6289463331230123,0.0,0.0,0.0,0.0,1.0,14.669125,14.014219,14.887046,0.8728266,2.1368248,2.0454006,2.2461834,0.20078278,5.8125935,5.6562715,5.820926,0.16465473,23.605305555555574,52.78938888888886,3.1425555555555587,68.57444444444441,6.557583333333341,18.030208333333242,11.7,LOW,98.7,0.0,0.087,0.064,0.436,predicted value approaching the safety limit (contribution 0.44); significant deviation from lot population (contribution 0.09); high physics-normalised drift rate (contribution 0.06).
IC0222,LOT2026E,136.07,1.7366058319443862,1,11.058,30.511,19.453,175.9178875022608,0.1167708333333334,0.00044344486531986376,0.0672408391042838,1.696,4.019,2.3230000000000004,136.96933962264154,0.013816666666666678,4.8137626262626125e-05,0.007956132826754867,5.303,6.966,1.6630000000000003,31.35960776918726,0.009868055555555574,3.172348484848415e-05,0.005682380753326638,2.7584625439991766,2.781502672386722,2.574498618492819,3.1560751832480918,2.9480811973590164,2.722906266245848,2.858267751982758,2.7099392160800617,2.5001418008784437,1.0,1.0,0.0,0.7,0.0,30.500347,17.486609,30.500347,13.013739,4.020339,2.8535242,4.020339,1.1668148,6.964206,5.76722,7.0066185,1.2393985,69.4434166666667,-38.88683333333341,8.604333333333338,13.956666666666617,10.237027777777786,-27.96284722222233,74.9,HIGH,1.9,0.7,0.781,0.564,1.0,predicted value approaching the safety limit (contribution 1.00); significant deviation from lot population (contribution 0.78); abnormal multi-parameter pattern (ensemble anomaly score) (contribution 0.70).
IC0223,LOT2026E,132.62,1.4668999034208559,0,9.2,12.563,3.3630000000000013,36.554347826086975,0.019468055555555603,-3.230218855218974e-05,0.013271563731209945,1.425,1.818,0.393,27.57894736842105,0.0023611111111111176,1.3310185185185078e-05,0.0016095925193020558,5.282,5.639,0.3570000000000002,6.75880348352897,0.0019916666666666837,-7.049663299663877e-06,0.001357738630987742,-0.9154420922652353,-0.7908338958344503,-0.6890385421422555,-0.9278717547050221,-0.7892805304184387,-0.6791038825765586,-0.7199598960182967,-0.7521858208286459,-0.6287676298059597,0.0,0.0,0.0,0.0,1.0,12.480828,12.2446375,13.411749,1.1671114,1.8202581,1.8202581,2.090142,0.26988387,5.630646,5.5676317,5.6632304,0.0955987,18.9340277777778,62.1319444444444,2.6055555555555587,73.94444444444441,6.277833333333342,21.52708333333323,11.8,LOW,98.0,0.0,0.204,0.033,0.354,predicted value approaching the safety limit (contribution 0.35); significant deviation from lot population (contribution 0.20).
IC0224,LOT2026E,134.39,1.6001547669703913,0,9.297,13.922,4.625,49.74723028934064,0.02746250000000005,2.2779882154881647e-05,0.017162402391860766,1.687,2.368,0.6809999999999998,40.36751630112625,0.004023611111111112,6.392045454545135e-06,0.0025145137171506886,5.305,5.694,0.38900000000000023,7.33270499528747,0.002276388888888895,2.9987373737368138e-06,0.0014226054478460436,-0.6372586511752345,-0.49732895297737373,-0.4537584412460937,0.0926511057557738,-0.24689183156421973,-0.19402840053000145,-0.5716535503965506,-0.6270340605454052,-0.5818360250014792,0.0,0.0,0.0,0.0,1.0,13.944458,13.446894,14.334062,0.88716793,2.3704293,2.1344633,2.5373366,0.40287328,5.6954827,5.5810328,5.7505026,0.16946983,23.028250000000025,53.94349999999996,3.6988055555555563,63.01194444444443,6.4431944444444476,19.460069444444407,12.0,LOW,98.2,0.0,0.128,0.071,0.399,predicted value approaching the safety limit (contribution 0.40); significant deviation from lot population (contribution 0.13); high physics-normalised drift rate (contribution 0.07).
IC0225,LOT2026E,134.76,1.629349405422041,0,9.846,14.314,4.468,45.37883404428194,0.026651388888888912,3.156565656564152e-06,0.01635707405679849,1.519,2.103,0.5840000000000003,38.446346280447685,0.003416666666666671,1.3573232323232116e-05,0.002096951491986258,5.214,5.631,0.4169999999999998,7.997698504027614,0.0024541666666666865,-4.4191919191927195e-06,0.001506224913146237,-0.5570173642677435,-0.5271077727530058,-0.5024568706732077,-0.39905536337533654,-0.4449067533681405,-0.41785915854253497,-0.7415317281087326,-0.5488905224173241,-0.5213367452541274,0.0,0.0,0.0,0.0,1.0,14.288578,13.904743,14.499204,0.5944605,2.0971935,2.0367675,2.2279298,0.19116235,5.6341305,5.554695,5.74132,0.186625,23.171694444444455,53.65661111111108,3.2273333333333354,67.72666666666665,6.441083333333344,19.4864583333332,12.3,LOW,99.4,0.0,0.155,0.063,0.394,predicted value approaching the safety limit (contribution 0.39); significant deviation from lot population (contribution 0.15); high physics-normalised drift rate (contribution 0.06).
IC0226,LOT2026F,107.98,0.40206853082003935,0,9.958,11.29,1.331999999999999,13.37617995581441,0.0079277777777778,-1.315235690253688e-07,0.019717478912385136,2.07,2.277,0.2070000000000003,10.000000000000014,0.0010861111111111182,1.2626262626260086e-06,0.0027013084284311906,4.86,4.973,0.11299999999999955,2.325102880658427,0.0006472222222222289,3.314393939392952e-06,0.0016097311095254984,-0.9057941703774848,-0.48850330941582376,-0.41149723167021446,-0.19295879015497236,-0.48290809010061125,-0.4085730522164673,-0.5169511335732583,-0.5007849396570152,-0.42504098997206974,0.0,0.0,0.0,0.0,1.0,11.27928,10.999454,11.949195,0.94974136,2.2447438,2.2342503,2.347756,0.1135056,4.969787,4.9434547,5.054161,0.11070633,13.9218888888889,72.1562222222222,2.613055555555559,73.86944444444441,5.183611111111115,35.204861111111065,6.6,LOW,98.9,0.0,0.198,0.096,0.037,significant deviation from lot population (contribution 0.20); high physics-normalised drift rate (contribution 0.10).
IC0227,LOT2026F,108.27,0.4086373479328131,0,9.799,11.657,1.8580000000000005,18.96111848147771,0.01045833333333339,1.4993686868671626e-06,0.02559319011401992,1.963,2.072,0.10899999999999999,5.552725420275088,0.0010027777777777852,4.997895622892808e-07,0.0024539552805209054,4.746,4.876,0.1299999999999999,2.7391487568478694,0.0007500000000000114,-3.945707070707499e-06,0.00183536821534806,-0.7124930032225746,-0.2565172894968903,-0.16130702160255353,-0.8781184665135655,-0.5325710688189645,-0.4767597401196396,-1.087636944915509,-0.38773403808709384,-0.3099654102411011,0.0,0.0,0.0,0.0,1.0,11.526982,11.370391,11.830962,0.4605713,2.0932772,2.0514474,2.1701128,0.11866546,4.8745694,4.870996,4.994603,0.12360716,15.028166666666696,69.94366666666662,2.4643888888888927,75.35611111111106,5.121000000000006,35.987499999999926,8.1,LOW,100.0,0.0,0.245,0.154,0.006,significant deviation from lot population (contribution 0.24); high physics-normalised drift rate (contribution 0.15).
IC0228,LOT2026F,110.7,0.4676204917734498,0,11.258,13.145,1.8870000000000005,16.761414105524967,0.011123611111111133,-1.5598695286196634e-05,0.023787689604715268,2.09,2.364,0.274,13.110047846889955,0.0014055555555555618,-5.813341750841999e-06,0.0030057612535862046,4.836,4.942,0.10599999999999987,2.1918941273779953,0.0005986111111111305,3.3933080808074548e-06,0.0012801216406083896,0.07124578894774045,-0.1955286486949355,-0.23818597909360914,0.09781629200696622,-0.2925333383469234,-0.32464596276776725,-0.6993352588475849,-0.5542549606697994,-0.5931427770526073,0.0,0.0,0.0,0.0,1.0,13.077974,12.612828,13.305427,0.69259834,2.3391478,2.2679424,2.4290557,0.16111326,4.9399285,4.935093,5.0359573,0.10086441,16.819805555555565,66.36038888888888,2.792777777777781,72.0722222222222,5.135305555555566,35.808680555555426,6.2,LOW,99.5,0.0,0.144,0.136,0.027,significant deviation from lot population (contribution 0.14); high physics-normalised drift rate (contribution 0.14).
IC0229,LOT2026F,113.0,0.5304415460243369,0,11.461,13.067,1.6059999999999999,14.012738853503185,0.008777777777777796,7.878261784511627e-05,0.016548058581699155,2.147,2.308,0.16100000000000003,7.498835584536565,0.0011430555555555632,6.812920875420644e-06,0.0021549133248003906,4.847,4.975,0.12799999999999923,2.6408087476789603,0.0007472222222222368,-1.9991582491590096e-06,0.0014086796704041616,0.03016270710010327,-0.41058045310935576,-0.5464524585551604,-0.08934927812025933,-0.44897172130973606,-0.5591952404435114,-0.5051844158136255,-0.39078946785925023,-0.5275778082329251,0.0,0.0,0.0,0.0,1.0,13.141505,12.513414,13.420316,0.90690136,2.3344684,2.259694,2.3383224,0.0786283,4.961341,4.9434547,5.088967,0.1455121,15.849888888888898,68.3002222222222,2.7185277777777817,72.81472222222219,5.220611111111118,34.74236111111102,4.3,LOW,99.0,0.0,0.094,0.065,0.055,significant deviation from lot population (contribution 0.09); high physics-normalised drift rate (contribution 0.07); predicted value approaching the safety limit (contribution 0.05).
IC0230,LOT2026F,109.23,0.4310821263370737,0,10.217,11.973,1.7560000000000002,17.187041205833417,0.01056805555555559,1.678240740740653e-05,0.024515179150091153,1.764,1.932,0.16799999999999993,9.523809523809518,0.0009611111111111141,-9.338173400673636e-06,0.0022295313407626593,4.967,5.102,0.13500000000000068,2.71793839339643,0.0008208333333333566,1.3415404040398248e-06,0.001904122864726539,-0.546053851121889,-0.24645862013707054,-0.20720917374467038,-1.3460323918316293,-0.5574025581781439,-0.5386256402206813,0.24200216192314322,-0.30982057889700343,-0.2749003392387729,0.0,0.0,0.0,0.0,1.0,11.829854,11.614725,12.173448,0.5587225,1.9223793,1.8155533,2.1039958,0.2884425,5.110782,5.0899887,5.2007775,0.11078882,15.501027777777795,68.99794444444441,2.244555555555557,77.55444444444443,5.377416666666678,32.78229166666653,11.4,LOW,99.5,0.0,0.312,0.144,0.113,significant deviation from lot population (contribution 0.31); high physics-normalised drift rate (contribution 0.14); predicted value approaching the safety limit (contribution 0.11).
IC0231,LOT2026F,111.99,0.5019706167281038,0,9.637,11.196,1.5589999999999993,16.177233578914592,0.010077777777777804,-1.0258838383839536e-05,0.02007642965930117,1.895,2.252,0.35699999999999976,18.839050131926108,0.002068055555555558,-1.3415404040404298e-05,0.004119873726943136,4.75,4.919,0.1689999999999996,3.557894736842097,0.0008972222222222327,-2.3937289562295862e-06,0.0017873998842211514,-0.9553045510656629,-0.2914043199347564,-0.3962129605933992,-0.27651484824748485,0.10228734246398427,-0.017523776728825362,-0.8346525130833803,-0.22579626016262028,-0.33442939852455705,0.0,0.0,0.0,0.0,1.0,11.165783,10.668907,11.658438,0.98953056,2.2182033,2.12031,2.3850167,0.2647066,4.9130754,4.90584,5.0043316,0.09849167,14.675888888888903,70.64822222222219,2.9290277777777787,70.70972222222221,5.198611111111116,35.01736111111104,6.4,LOW,98.4,0.0,0.211,0.1,0.011,significant deviation from lot population (contribution 0.21); high physics-normalised drift rate (contribution 0.10).
IC0232,LOT2026F,111.27,0.4825269565824091,0,11.071,12.977,1.9060000000000006,17.216150302592364,0.010969444444444506,-5.418771043772679e-06,0.022733329806354712,1.934,2.152,0.2180000000000002,11.27197518097209,0.0014097222222222304,-5.366161616161769e-06,0.002921540865212717,4.849,5.047,0.1979999999999995,4.083316147659301,0.0011486111111111306,3.156565656560354e-07,0.0023804081729368906,-0.01724084887793992,-0.20966171577012466,-0.2830810548361559,-0.610739080617529,-0.29005018941100463,-0.3478626041795428,-0.08158257646679783,0.05072013421786028,-0.03199344783966797,0.0,0.0,0.0,0.0,1.0,12.955016,12.5828495,13.208052,0.6252022,2.1400154,2.0891292,2.1879828,0.09885359,5.022665,4.947207,5.056836,0.109629154,16.55572222222225,66.8885555555555,2.6388611111111153,73.61138888888885,5.423305555555565,32.20868055555543,5.7,LOW,99.8,0.0,0.121,0.126,0.038,high physics-normalised drift rate (contribution 0.13); significant deviation from lot population (contribution 0.12).
IC0233,LOT2026F,110.03,0.4506327637417897,0,11.18,12.766,1.5860000000000003,14.186046511627909,0.00907222222222223,4.053556397306241e-05,0.020132185123185067,2.008,2.237,0.2290000000000001,11.404382470119527,0.0013736111111111175,6.576178451177026e-07,0.0030481829587921173,4.861,4.931,0.07000000000000028,1.440032915038064,0.00044027777777778807,1.236321548820723e-06,0.000977021231483437,-0.12837585233757481,-0.38358756824502455,-0.39383886991010436,-0.3266484831029906,-0.31157081352229216,-0.3129517692730271,-0.764052206525573,-0.7284144576829235,-0.7477248665967646,0.0,0.0,0.0,0.0,1.0,12.63105,12.307027,13.190481,0.8834543,2.2212758,2.180489,2.2848372,0.10434818,4.9323545,4.9323545,5.054161,0.12180662,15.716111111111115,68.56777777777776,2.6948055555555586,73.05194444444442,5.081138888888894,36.485763888888826,6.0,LOW,99.1,0.0,0.161,0.101,0.037,significant deviation from lot population (contribution 0.16); high physics-normalised drift rate (contribution 0.10).
IC0234,LOT2026F,112.72,0.5224057320621469,0,11.054,13.443,2.3889999999999993,21.612086122670522,0.014565277777777825,4.495475589225414e-05,0.02788115995642463,1.949,2.275,0.32599999999999985,16.726526423807073,0.0019027777777777823,-8.996212121212488e-06,0.0036423370973874044,4.928,5.138,0.20999999999999996,4.261363636363635,0.0013069444444444548,-1.6308922558928906e-06,0.002501780444263917,0.22820422985281705,0.11998252438910033,-0.0638843206126815,-0.199643274802374,0.0037891013392512608,-0.14916407076567184,0.4538030815965544,0.22487963123096427,0.029906763277228254,0.0,0.0,0.0,0.0,1.0,13.570359,12.83277,14.824405,1.9916344,2.2901607,2.1464202,2.3152523,0.16883206,5.116693,5.079346,5.1939874,0.11464119,18.336638888888913,63.32672222222217,2.9003888888888913,70.99611111111109,5.581472222222227,30.231597222222163,7.3,LOW,96.0,0.0,0.081,0.177,0.109,high physics-normalised drift rate (contribution 0.18); predicted value approaching the safety limit (contribution 0.11); significant deviation from lot population (contribution 0.08).
IC0235,LOT2026F,109.82,0.445424481355698,0,11.095,12.128,1.0329999999999995,9.310500225326718,0.006856944444444467,-1.6545664983166153e-05,0.015394179555588432,2.106,2.333,0.2270000000000003,10.778727445394127,0.0014986111111111161,2.36742424242389e-06,0.003364456094891618,4.98,5.156,0.17599999999999927,3.5341365461847243,0.0009944444444444569,1.3152356902350332e-06,0.0022325769823377394,-0.4644143936041481,-0.5866708293705412,-0.5955851041240898,-0.005793220027746814,-0.23707634544476278,-0.22576622987089245,0.5597035414332601,-0.1188562181370218,-0.10738778468200677,0.0,0.0,0.0,0.0,1.0,12.169771,11.921833,12.519114,0.5972805,2.3303676,2.2943497,2.3355675,0.041217804,5.143703,5.095974,5.2020564,0.10608244,14.523472222222233,70.95305555555554,2.855305555555558,71.44694444444441,5.477222222222229,31.534722222222133,5.5,LOW,100.0,0.0,0.108,0.054,0.114,predicted value approaching the safety limit (contribution 0.11); significant deviation from lot population (contribution 0.11); high physics-normalised drift rate (contribution 0.05).
IC0236,LOT2026F,112.36,0.5122359006889033,0,10.599,12.356,1.7569999999999997,16.577035569393335,0.011338888888888938,-4.34553872053885e-05,0.02213606831079065,1.923,2.316,0.3929999999999998,20.436817472698895,0.00215694444444445,-7.575757575757905e-06,0.004210841999835597,4.772,4.97,0.1979999999999995,4.1492036881810455,0.001152777777777781,-7.891414141457978e-08,0.0022504822021014465,-0.3443253851264386,-0.17579328476110517,-0.3085126960303186,-0.06261133953065567,0.15526118643022999,0.00755302251635177,-0.53460121021271,0.055303278876082204,-0.09825607056518365,0.0,0.0,0.0,0.0,1.0,12.335752,11.729441,12.493714,0.76427364,2.2834265,2.215186,2.3992183,0.1840322,4.9591093,4.9100375,5.018742,0.10870457,16.26844444444447,67.46311111111106,3.001472222222225,69.98527777777774,5.34838888888889,33.14513888888887,4.8,LOW,99.2,0.0,0.102,0.12,0.018,high physics-normalised drift rate (contribution 0.12); significant deviation from lot population (contribution 0.10).
IC0237,LOT2026F,110.42,0.4604518480460541,0,12.37,14.737,2.367000000000001,19.135004042037195,0.01393472222222229,2.277988215488088e-05,0.03026314756115073,1.998,2.297,0.29900000000000015,14.964964964964972,0.0019430555555555581,-1.6571969696971688e-06,0.004219888711058479,4.804,5.016,0.21199999999999974,4.4129891756869215,0.0011194444444444633,-2.630471380499678e-08,0.0024311867770644654,0.9097620235815727,0.06217700680227765,0.03754169553310493,-0.12611394368096324,0.02779287438645426,0.01004688717874342,-0.2639667017411244,0.0186381216101806,-0.00609621215847112,0.0,0.01,0.0,0.0034999999999999996,0.99,14.499776,13.246508,14.925219,1.6787109,2.3060818,2.2708225,2.3625948,0.09177232,5.0115976,4.9589825,5.0671563,0.10817385,19.337361111111143,61.32527777777771,2.969527777777779,70.30472222222221,5.363722222222232,32.9534722222221,9.0,LOW,96.5,0.003,0.199,0.2,0.043,high physics-normalised drift rate (contribution 0.20); significant deviation from lot population (contribution 0.20).
IC0238,LOT2026F,110.57,0.46427971949919333,0,10.408,11.563,1.1550000000000011,11.097232897770958,0.006923611111111139,2.1438341750840386e-05,0.014912585711431595,2.256,2.452,0.19600000000000017,8.687943262411356,0.001170833333333341,6.260521885521735e-06,0.0025218274332471143,4.809,4.925,0.11599999999999966,2.412143896860047,0.0007319444444444606,-6.655092592593069e-06,0.0015765160822316133,-0.7620033839107527,-0.5805592327974842,-0.6160915689420625,0.39193361649260633,-0.43241739507028487,-0.4580497405325835,-0.7993523598044767,-0.4075943316061279,-0.4419807504236576,0.0,0.0,0.0,0.0,1.0,11.305462,11.075102,11.787044,0.7119417,2.4525723,2.439619,2.593368,0.15374899,4.9306746,4.9235835,5.030233,0.1066494,13.869805555555569,72.26038888888885,2.84141666666667,71.5858333333333,5.17497222222223,35.31284722222212,4.9,LOW,99.4,0.0,0.17,0.049,0.024,significant deviation from lot population (contribution 0.17).
IC0239,LOT2026F,107.34,0.38790916317753904,0,11.02,12.774,1.7539999999999996,15.916515426497273,0.01054166666666669,-3.3722643097644277e-05,0.027175606217484372,2.061,2.313,0.2520000000000002,12.227074235807873,0.0015930555555555635,-6.497264309764519e-06,0.0041067747472272285,4.909,5.022,0.11300000000000043,2.3018944795274074,0.0007500000000000114,4.8663720538713655e-06,0.0019334423395838936,-0.12416220291730477,-0.2488777937805729,-0.09392709026248544,-0.07263806650175593,-0.1807916362306271,-0.021134711335012567,-0.22866654846222081,-0.38773403808709384,-0.25994732185132735,0.0,0.0,0.0,0.0,1.0,12.729358,12.371626,13.192249,0.8206234,2.3178058,2.2747877,2.372689,0.097901344,5.0382824,4.987906,5.08405,0.0961442,16.290833333333346,67.41833333333331,2.857527777777782,71.42472222222219,5.284000000000005,33.94999999999994,4.9,LOW,99.3,0.0,0.022,0.17,0.052,high physics-normalised drift rate (contribution 0.17); predicted value approaching the safety limit (contribution 0.05).
IC0240,LOT2026F,110.04,0.45088214732155,0,9.803,11.47,1.6669999999999998,17.004998469856165,0.010468055555555567,-5.024200336701603e-06,0.023216833085409776,2.037,2.279,0.242,11.880216003927343,0.0016111111111111198,7.444234006733677e-06,0.0035732421890772794,4.935,5.093,0.15800000000000036,3.2016210739615074,0.0008861111111111344,-1.3415404040412234e-06,0.0019652832039925446,-0.8109870584213974,-0.25562601499665705,-0.2624932854914793,-0.18627430550757218,-0.1700313241749834,-0.16821114167802428,0.18905193200478781,-0.23801797925124582,-0.24370838846489185,0.0,0.0,0.0,0.0,1.0,11.492987,11.205636,11.7932625,0.58762646,2.3000412,2.2473142,2.3569348,0.10962057,5.1057215,5.033085,5.1723766,0.13929176,15.037027777777784,69.92594444444444,2.8425555555555597,71.57444444444441,5.378055555555567,32.774305555555415,8.0,LOW,99.8,0.0,0.173,0.131,0.098,significant deviation from lot population (contribution 0.17); high physics-normalised drift rate (contribution 0.13); predicted value approaching the safety limit (contribution 0.10).
IC0241,LOT2026F,111.86,0.49840834223799724,0,10.647,11.975,1.3279999999999994,12.472997088381698,0.00786805555555559,-2.5831228956230535e-05,0.015786364088983245,1.948,2.108,0.16000000000000014,8.213552361396312,0.0010222222222222277,-3.761574074074363e-06,0.0020509733397160953,4.909,4.983,0.07399999999999984,1.5074353228763466,0.0004000000000000179,5.260942760934566e-07,0.0008025547851063297,-0.5450004387668219,-0.4939782813458522,-0.5788857246910033,-0.7577977428603491,-0.5209830404513498,-0.5878478910504639,-0.45811754477508904,-0.7727181893792336,-0.8367032612950008,0.0,0.0,0.0,0.0,1.0,11.975622,11.719159,12.3000965,0.5809374,2.106005,2.0606732,2.1482518,0.087578535,4.985643,4.978837,5.080372,0.10153484,14.581027777777795,70.83794444444442,2.4591111111111137,75.40888888888887,5.109000000000009,36.13749999999989,5.4,LOW,100.0,0.0,0.16,0.058,0.05,significant deviation from lot population (contribution 0.16); high physics-normalised drift rate (contribution 0.06); predicted value approaching the safety limit (contribution 0.05).
IC0242,LOT2026F,109.97,0.44913908380910217,0,10.549,12.043,1.4939999999999998,14.162479855910512,0.009163888888888914,6.286826599325077e-06,0.02040323191464639,2.022,2.216,0.1940000000000004,9.594460929772524,0.001205555555555564,-6.050084175084366e-06,0.0026841475146882608,4.91,5.022,0.1120000000000001,2.2810590631364582,0.0005486111111111197,1.9202441077436596e-06,0.0012214726593339541,-0.5091844186945227,-0.37518412295707043,-0.382297585567367,-0.3968355719006998,-0.4117244872709704,-0.41330372121909836,-0.22866654846222081,-0.6092526965686894,-0.6230539279521131,0.0,0.0,0.0,0.0,1.0,11.897472,11.487438,12.35001,0.8625717,2.1989002,2.1637108,2.266511,0.10280013,5.0137563,4.987122,5.09256,0.105437756,15.130944444444456,69.7381111111111,2.6247777777777817,73.75222222222219,5.18430555555556,35.1961805555555,5.1,LOW,99.2,0.0,0.095,0.103,0.057,high physics-normalised drift rate (contribution 0.10); significant deviation from lot population (contribution 0.10); predicted value approaching the safety limit (contribution 0.06).
IC0243,LOT2026F,109.68,0.4419826466931335,0,10.36,12.543,2.183,21.071428571428573,0.013484722222222242,2.640993265993161e-05,0.030509619151596744,1.952,2.263,0.31099999999999994,15.932377049180324,0.0018291666666666682,-6.839225589227636e-07,0.004138548606720866,4.992,5.163,0.17100000000000026,3.4254807692307745,0.0010458333333333617,-6.286826599327348e-06,0.0023662316635238373,-0.24583132992761575,0.020923729934142994,0.04803655766523996,-0.23975018268677947,-0.040079863195296106,-0.012375759774963243,0.6008870535919827,-0.06233076735204616,-0.03922350884103327,0.0,0.0,0.0,0.0,1.0,12.456055,12.19386,13.939358,1.7454977,2.2793052,2.1428003,2.3950794,0.25227904,5.17023,5.118114,5.2118073,0.09369326,17.102361111111122,65.79527777777776,2.866583333333334,71.33416666666665,5.5149166666666805,31.063541666666495,8.8,LOW,96.5,0.0,0.119,0.203,0.119,high physics-normalised drift rate (contribution 0.20); predicted value approaching the safety limit (contribution 0.12); significant deviation from lot population (contribution 0.12).
IC0244,LOT2026F,109.16,0.4294085528486012,0,10.82,12.109,1.2889999999999997,11.913123844731976,0.007654166666666706,-1.1047979797997035e-06,0.017824905013863045,1.889,2.029,0.1399999999999999,7.411328745367915,0.0007763888888888904,-1.1389941077441337e-05,0.0018080424428868463,4.874,4.984,0.11000000000000032,2.2568732047599576,0.0005916666666666735,-6.260521885522698e-06,0.0013778641872447298,-0.47442181097729064,-0.5135863203510742,-0.49208381004187995,-1.0218348864326854,-0.6674888276704949,-0.6548155176364887,-0.45223418589527004,-0.561893535100213,-0.5432937942022281,0.0,0.0,0.0,0.0,1.0,12.094511,11.815209,12.490421,0.6752119,2.009148,1.9598192,2.1192675,0.15944827,4.9768934,4.965823,5.056641,0.09081793,14.647083333333352,70.70583333333329,2.2771944444444454,77.22805555555554,5.169833333333337,35.37708333333329,6.9,LOW,99.5,0.0,0.228,0.078,0.038,significant deviation from lot population (contribution 0.23); high physics-normalised drift rate (contribution 0.08).
IC0245,LOT2026F,111.73,0.4948689668523291,0,11.651,13.496,1.8450000000000006,15.835550596515327,0.010713888888888926,2.06492003366989e-05,0.02164995101033683,1.816,2.102,0.2859999999999998,15.748898678414086,0.0015791666666666768,-1.394149831650107e-06,0.0031910804120758424,4.995,5.139,0.14400000000000013,2.8828828828828854,0.0008263888888888966,5.971170033669362e-06,0.001669914551614012,0.2561196572621096,-0.23308950263350953,-0.3292117714859378,-0.7778511968025525,-0.18906879935035134,-0.27355989521954,0.4596864404763734,-0.30370971935270075,-0.3943472595978327,0.0,0.0,0.0,0.0,1.0,13.264929,12.604201,13.616206,1.0120049,2.0525353,1.9427174,2.1350915,0.19237411,5.1395597,5.0899887,5.21682,0.12683105,17.007944444444462,65.98411111111108,2.6055833333333385,73.9441666666666,5.408194444444448,32.39756944444439,8.0,LOW,98.5,0.0,0.165,0.115,0.121,significant deviation from lot population (contribution 0.17); predicted value approaching the safety limit (contribution 0.12); high physics-normalised drift rate (contribution 0.12).
IC0246,LOT2026F,109.32,0.4332425450053999,0,10.79,12.255,1.4650000000000016,13.577386468952751,0.00943888888888892,-1.709806397307573e-06,0.02178661582918011,2.051,2.275,0.22399999999999975,10.92150170648463,0.0013513888888888924,3.156565656563754e-07,0.003119243261005331,4.714,4.883,0.1689999999999996,3.5850657615612977,0.0008541666666666788,3.4196127946119896e-06,0.0019715669121462497,-0.3975227090573534,-0.3499737870932125,-0.32339252704694194,-0.199643274802374,-0.3248142745138548,-0.29336290739577736,-1.0464534327567916,-0.27315542163109685,-0.2405036790443745,0.0,0.0,0.0,0.0,1.0,12.2673,11.917942,12.490421,0.57247925,2.2679307,2.2274246,2.3003838,0.072959185,4.877648,4.873431,4.991655,0.11822367,15.509444444444458,68.98111111111109,2.7266944444444463,72.73305555555554,5.14108333333334,35.73645833333325,7.1,LOW,100.0,0.0,0.234,0.117,0.004,significant deviation from lot population (contribution 0.23); high physics-normalised drift rate (contribution 0.12).
IC0247,LOT2026F,109.79,0.4446849084354961,0,10.813,12.371,1.5579999999999998,14.408582262091924,0.009952777777777796,3.106586700336657e-05,0.022381640548121952,2.12,2.379,0.2589999999999999,12.216981132075466,0.0016555555555555575,-7.891414141447073e-08,0.003722985700999351,4.918,5.058,0.13999999999999968,2.8466856445709574,0.0009486111111111194,3.2617845117842543e-06,0.0021332208337102145,-0.33642479246343115,-0.3028635635092377,-0.29805612872530707,0.14794992686247344,-0.1435444021918656,-0.12693204658982027,-0.01686562878880962,-0.16927080937766467,-0.15805970923744694,0.0,0.0,0.0,0.0,1.0,12.411122,11.942336,12.650082,0.70774555,2.3678944,2.2943497,2.4492407,0.15489101,5.056502,5.0131636,5.1128664,0.099702835,15.7893888888889,68.4212222222222,2.947777777777779,70.52222222222223,5.39230555555556,32.5961805555555,4.8,LOW,99.5,0.0,0.05,0.123,0.067,high physics-normalised drift rate (contribution 0.12); predicted value approaching the safety limit (contribution 0.07).
IC0248,LOT2026F,106.25,0.36483071169874953,0,10.112,11.372,1.2599999999999998,12.460443037974683,0.0069513888888889305,-1.4020412457914227e-05,0.01905373825718071,2.037,2.169,0.13200000000000012,6.480117820324012,0.0008222222222222301,-2.6304713804990365e-08,0.002253708900749455,4.863,4.99,0.12699999999999978,2.611556652272255,0.0007625000000000221,5.787037037032192e-07,0.002090010450188302,-0.8626042638197116,-0.5780127342253762,-0.43975958294265943,-0.5539209611146216,-0.6401741893753968,-0.531960725094241,-0.41693403261636647,-0.37398460411236256,-0.18009713041449346,0.0,0.0,0.0,0.0,1.0,11.346317,10.935737,11.960042,1.0243053,2.1616127,2.1616127,2.2054815,0.04386878,4.989174,4.963173,5.05725,0.09407711,13.587694444444466,72.82461111111107,2.448111111111115,75.51888888888885,5.244250000000012,34.44687499999986,6.3,LOW,98.9,0.0,0.187,0.09,0.038,significant deviation from lot population (contribution 0.19); high physics-normalised drift rate (contribution 0.09).
IC0249,LOT2026F,109.52,0.43807863043280776,0,10.709,12.946,2.237,20.888971892800452,0.013034722222222258,2.1543560606059347e-05,0.0297542982394379,2.063,2.316,0.25299999999999967,12.26369365002422,0.001630555555555559,-6.549873737373993e-06,0.0037220613887160438,4.925,5.119,0.19399999999999995,3.9390862944162426,0.001123611111111132,-1.1837121212126155e-06,0.0025648617235701273,-0.03356874038148846,-0.020329546933985775,0.015874681222275738,-0.06261133953065567,-0.15844329580737077,-0.12718684744325345,0.3420192628800298,0.023221266268422802,0.0620783990543764,0.0,0.0,0.0,0.0,1.0,12.856175,12.531398,14.3861265,1.8547287,2.2937129,2.2597668,2.352636,0.09286928,5.1019483,5.0598345,5.130828,0.07099342,17.226361111111128,65.54727777777774,2.8782777777777797,71.2172222222222,5.4868055555555655,31.414930555555433,6.5,LOW,96.7,0.0,0.052,0.195,0.077,high physics-normalised drift rate (contribution 0.20); predicted value approaching the safety limit (contribution 0.08); significant deviation from lot population (contribution 0.05).
IC0250,LOT2026F,105.94,0.3584984497850147,0,10.565,11.652,1.0869999999999997,10.288689067676287,0.005906944444444494,-6.318392255892377e-05,0.016476903729951375,1.932,2.026,0.09399999999999986,4.865424430641815,0.0006763888888888939,-7.181186868687187e-06,0.0018867275138693418,4.859,4.945,0.0860000000000003,1.769911504424785,0.0005013888888889062,5.708122895622385e-06,0.0013985803542235131,-0.7151265341102441,-0.6737610805365915,-0.5494822615347823,-1.0318616134037872,-0.727084402132517,-0.6331247713369172,-0.681685182208133,-0.661195002695398,-0.5327284888363556,0.0,0.0,0.0,0.0,1.0,11.6731,11.449949,12.3000965,0.85014725,2.0307496,1.9983398,2.1307957,0.13245595,4.948564,4.941408,5.054161,0.112752914,13.518472222222247,72.96305555555551,2.270194444444447,77.29805555555552,5.109694444444453,36.12881944444434,6.6,LOW,99.1,0.0,0.231,0.065,0.037,significant deviation from lot population (contribution 0.23); high physics-normalised drift rate (contribution 0.07).
IC0251,LOT2026F,112.24,0.508885990707346,0,11.678,13.546,1.8679999999999986,15.99588970714162,0.010908333333333364,8.627946127944157e-06,0.02143571159852701,1.973,2.174,0.20099999999999985,10.187531677648243,0.0009861111111111173,-1.315235690239126e-07,0.0019377839616697516,4.894,5.022,0.1280000000000001,2.6154474867184327,0.0007916666666666756,1.6045875420868674e-06,0.0015556857157067098,0.2824549661387998,-0.21526401262876246,-0.3383341741374769,-0.5372097494961197,-0.542503664562636,-0.6190502786489411,-0.22866654846222081,-0.34190259150469804,-0.45260429788994555,0.0,0.0,0.0,0.0,1.0,13.497922,12.544848,13.587515,1.0426664,2.161836,2.0635085,2.2017696,0.13826108,5.023266,4.970232,5.0794635,0.10923147,17.132166666666684,65.73566666666663,2.4660555555555588,75.33944444444441,5.289833333333338,33.87708333333328,5.3,LOW,98.6,0.0,0.102,0.113,0.05,high physics-normalised drift rate (contribution 0.11); significant deviation from lot population (contribution 0.10); predicted value approaching the safety limit (contribution 0.05).
IC0252,LOT2026F,108.51,0.4141469800895818,1,10.289,16.943,6.654000000000002,64.67100787248519,0.039711111111111135,0.0002518939393939389,0.09588651618930422,1.957,3.008,1.051,53.70464997445068,0.00629166666666667,3.6300505050504776e-05,0.015191868996136965,4.866,5.45,0.5840000000000005,12.001644060830262,0.0033277777777777876,1.851851851851789e-05,0.008035257861974449,2.071675851221167,2.425200356788786,2.831811839010756,2.2502203484700583,2.6193726471725336,3.034641486838973,2.2894110520994744,2.4477047904772884,2.8519963280672056,1.0,1.0,0.0,0.7,0.0,17.081625,16.551495,17.117435,0.56594086,2.9996026,2.7679172,3.0060968,0.23817968,5.4471426,5.3706784,5.485988,0.115309715,30.14455555555557,39.71088888888886,5.1028333333333356,48.97166666666665,6.529888888888894,18.37638888888883,61.3,HIGH,39.6,0.7,0.556,0.845,0.261,high physics-normalised drift rate (contribution 0.84); abnormal multi-parameter pattern (ensemble anomaly score) (contribution 0.70); significant deviation from lot population (contribution 0.56).
IC0253,LOT2026F,107.95,0.4013944888903259,0,11.713,13.658,1.9450000000000003,16.605481089387865,0.011522222222222262,1.791351010100833e-05,0.02870548186666935,1.926,2.168,0.24200000000000021,12.56490134994809,0.0014375000000000024,2.7619949494947746e-06,0.0035812649146579945,5.003,5.127,0.12399999999999967,2.4785128922646344,0.0007833333333333337,5.471380471379813e-06,0.0019515298665382672,0.341446058022587,-0.15898639418520114,-0.028784353168719818,-0.5572632034383217,-0.2734958631715569,-0.16599955435873356,0.3890861339185662,-0.3510688808211872,-0.25072263053743116,0.0,0.0,0.0,0.0,1.0,13.56592,12.705679,13.616206,0.9105272,2.130644,2.0627553,2.189816,0.12706065,5.131001,5.0899887,5.2177067,0.12771797,17.474111111111128,65.05177777777774,2.644750000000001,73.55249999999998,5.394666666666667,32.56666666666666,8.3,LOW,98.9,0.0,0.108,0.185,0.122,high physics-normalised drift rate (contribution 0.18); predicted value approaching the safety limit (contribution 0.12); significant deviation from lot population (contribution 0.11).
IC0254,LOT2026F,109.47,0.4368650468560372,0,10.71,11.822,1.1119999999999983,10.382819794584485,0.0076041666666666905,2.4463383838371678e-06,0.017406214393646688,2.201,2.459,0.258,11.721944570649704,0.00150694444444445,2.1043771043767705e-06,0.0034494507063208527,4.862,4.979,0.11699999999999999,2.406417112299465,0.000811111111111116,-6.602483164983936e-06,0.0018566628686556522,-0.6255864839294957,-0.5181700177808678,-0.5099118296007964,0.4153293127585099,-0.23211004757292708,-0.20233616200258844,-0.48165098029435466,-0.3205145830995833,-0.29910507516630086,0.0,0.0,0.0,0.0,1.0,11.636934,11.521438,12.14208,0.62064266,2.4573946,2.4317179,2.4728928,0.04117489,4.986482,4.944046,5.0568275,0.112781525,14.512083333333345,70.97583333333331,2.954472222222225,70.45527777777775,5.267555555555558,34.15555555555553,4.7,LOW,99.9,0.0,0.125,0.074,0.038,significant deviation from lot population (contribution 0.12); high physics-normalised drift rate (contribution 0.07).
IC0255,LOT2026F,111.12,0.47856305960092294,0,10.543,12.216,1.673,15.868348667362234,0.009766666666666677,-3.277567340067512e-05,0.020408317087430794,2.068,2.313,0.2450000000000001,11.84719535783366,0.0014750000000000026,4.787457912457767e-06,0.0030821434509174512,4.786,4.933,0.14700000000000024,3.0714584203928177,0.0008250000000000116,-6.26052188552266e-06,0.001723910743733511,-0.4180642499811729,-0.31992510394235407,-0.3820810568096557,-0.07263806650175593,-0.2511475227482977,-0.30359003890027203,-0.7522854887659403,-0.3052374342387764,-0.3668090446895878,0.0,0.0,0.0,0.0,1.0,12.16318,11.487438,12.35001,0.8625717,2.2846315,2.2622185,2.3207834,0.0585649,4.9234004,4.906481,5.0136485,0.10716772,15.426333333333337,69.14733333333332,2.805500000000001,71.945,5.1985000000000054,35.01874999999993,5.5,LOW,99.3,0.0,0.158,0.103,0.016,significant deviation from lot population (contribution 0.16); high physics-normalised drift rate (contribution 0.10).
IC0256,LOT2026F,110.07,0.4516310481885808,1,10.761,19.181,8.420000000000002,78.24551621596508,0.052370833333333366,0.0002815130471380465,0.11595932906602485,2.03,3.376,1.346,66.30541871921183,0.008094444444444451,5.100484006733985e-05,0.017922692598106266,4.883,5.615,0.7320000000000002,14.990784353880816,0.004484722222222237,2.222748316498276e-05,0.009930057378051695,3.2504442765418426,3.585767081026465,3.6865205028535812,3.480165523591825,3.6937484201129154,3.787434884615476,3.260165267269287,3.720291290581891,3.818349588058123,1.0,1.0,0.0,0.7,0.0,19.072535,16.988298,19.13015,2.1418514,3.3756394,2.72912,3.401356,0.67223597,5.6116166,5.4270673,5.6249003,0.19783306,36.94641666666668,26.107166666666643,6.077222222222225,39.227777777777746,7.125361111111118,10.93298611111102,72.0,HIGH,34.1,0.7,0.865,1.0,0.334,high physics-normalised drift rate (contribution 1.00); significant deviation from lot population (contribution 0.86); abnormal multi-parameter pattern (ensemble anomaly score) (contribution 0.70).
IC0257,LOT2026F,108.81,0.42112863476392143,0,10.67,12.353,1.6829999999999998,15.773195876288659,0.010119444444444453,-8.15446127946142e-05,0.02402934307736463,2.026,2.157,0.13100000000000023,6.465942744323802,0.0008902777777777859,-7.102272727276513e-07,0.0021140281241546605,4.86,4.942,0.08199999999999985,1.6872427983539062,0.0005180555555555628,1.9991582491578805e-06,0.001230159891278771,-0.34590550365904016,-0.28758457207659777,-0.2278962744074935,-0.594027868999027,-0.5996160900887412,-0.5704658728969141,-0.6993352588475849,-0.6428624240624498,-0.6186234144128492,0.0,0.0,0.0,0.0,1.0,12.452263,11.846286,12.493714,0.6474285,2.1292007,2.120596,2.1955342,0.0749383,4.9471507,4.935093,5.054161,0.119068146,15.729722222222227,68.54055555555554,2.471138888888893,75.28861111111107,5.119027777777782,36.01215277777773,6.4,LOW,99.8,0.0,0.144,0.139,0.037,significant deviation from lot population (contribution 0.14); high physics-normalised drift rate (contribution 0.14).
IC0258,LOT2026F,110.22,0.4553924781653643,0,9.712,11.385,1.673,17.226112026359143,0.009466666666666694,4.313973063971616e-06,0.020787929358879558,2.14,2.311,0.17099999999999982,7.990654205607468,0.0012180555555555612,5.523989898987997e-07,0.002674737976487295,4.844,4.971,0.12699999999999978,2.6218001651527616,0.0007361111111111248,-1.2626262626271438e-06,0.001616432300499756,-0.855757083511772,-0.34742728852110605,-0.36591700948350336,-0.0793225511491576,-0.4042750404632191,-0.4158976047012481,-0.5287178513328911,-0.40301118694789084,-0.4216233630997544,0.0,0.0,0.0,0.0,1.0,11.257531,10.7868395,11.7932625,1.006423,2.3095026,2.263641,2.4024277,0.13878655,4.962378,4.9434547,5.041597,0.09814215,14.445333333333348,71.1093333333333,2.7490277777777807,72.5097222222222,5.212055555555563,34.84930555555547,6.4,LOW,98.7,0.0,0.185,0.107,0.03,significant deviation from lot population (contribution 0.18); high physics-normalised drift rate (contribution 0.11).
IC0259,LOT2026F,111.41,0.4862533875505959,1,10.504,19.701,9.197000000000001,87.55712109672507,0.054708333333333393,0.0002139888468013455,0.11250992740413732,1.956,3.202,1.246,63.701431492842545,0.007613888888888897,4.035143097643077e-05,0.015658274232787022,4.858,5.61,0.7520000000000007,15.479621243310019,0.004504166666666687,1.6571969696969173e-05,0.009263003162518877,3.5243314888594255,3.8000549358692552,3.539643555233135,2.898615359267946,3.4073585761704113,3.1632132417430077,3.2307484728702023,3.741679298987016,3.4781499994993603,1.0,1.0,0.0,0.7,0.0,19.701212,16.929583,19.882784,2.9532013,3.185168,2.8752666,3.2095573,0.33429074,5.599141,5.342648,5.6249003,0.2822523,37.8581666666667,24.283666666666605,5.762944444444448,42.37055555555552,7.110083333333343,11.123958333333217,72.2,HIGH,32.7,0.7,0.876,1.0,0.334,high physics-normalised drift rate (contribution 1.00); significant deviation from lot population (contribution 0.88); abnormal multi-parameter pattern (ensemble anomaly score) (contribution 0.70).
IC0260,LOT2026F,108.04,0.4034196926120892,0,11.374,12.682,1.3079999999999998,11.49991208018287,0.007093055555555602,-3.2828282828284086e-05,0.017582323534156216,1.854,2.023,0.16900000000000004,9.11542610571737,0.000977777777777782,-4.734848484850731e-07,0.00242372347132288,4.836,4.963,0.12699999999999978,2.6261373035566535,0.0007138888888889008,-6.050084175088573e-07,0.0017695935571874655,-0.172619171250415,-0.565025591507631,-0.5024130296518379,-1.0418883403748875,-0.5474699624344724,-0.48509360187134726,-0.5757847223714274,-0.4274546251251719,-0.3435106770616608,0.0,0.0,0.0,0.0,1.0,12.668905,12.282703,13.133705,0.85100174,2.0135849,1.9772352,2.1172307,0.13999546,4.9551578,4.941408,5.0365663,0.0951581,14.920527777777801,70.1589444444444,2.3428888888888912,76.57111111111108,5.192944444444451,35.08819444444436,6.7,LOW,99.1,0.0,0.233,0.075,0.027,significant deviation from lot population (contribution 0.23); high physics-normalised drift rate (contribution 0.07).
IC0261,LOT2026F,111.8,0.4967719468669733,0,12.135,13.543,1.4079999999999995,11.60280181293778,0.008594444444444491,9.46969696968799e-07,0.017300583293093905,2.118,2.406,0.28800000000000026,13.597733711048171,0.0018402777777777825,6.628787878787604e-06,0.0037044720205800514,4.982,5.137,0.15499999999999936,3.1112003211561494,0.0009763888888888971,-2.1569865319870913e-06,0.0019654670418624842,0.28087484760619824,-0.42738734368525805,-0.5144096454957686,0.2381904696023861,-0.03345813269951375,-0.13203562646885098,0.4479197227167354,-0.13871651165606577,-0.24361463061694089,0.0,0.0,0.0,0.0,1.0,13.520056,12.465016,13.560997,1.0959806,2.389946,2.2957072,2.4551823,0.15947509,5.1317053,5.0946565,5.2007775,0.10612106,16.432222222222244,67.13555555555551,3.0381388888888914,69.61861111111108,5.470194444444449,31.622569444444395,5.3,LOW,98.4,0.0,0.079,0.073,0.113,predicted value approaching the safety limit (contribution 0.11); significant deviation from lot population (contribution 0.08); high physics-normalised drift rate (contribution 0.07).
IC0262,LOT2026F,112.14,0.5061095600709969,0,10.374,12.339,1.9649999999999999,18.941584731058413,0.012725000000000044,4.45864898989885e-05,0.025142777382460398,1.936,2.352,0.4159999999999999,21.48760330578512,0.002448611111111117,3.893097643097294e-06,0.004838104837947789,5.019,5.208,0.18900000000000006,3.7656903765690384,0.0011486111111111215,5.576599326598979e-06,0.002269491038560889,-0.3532793901445132,-0.048723006012975995,-0.18048578176603344,0.05770938412256074,0.3290816119444674,0.18046764170335772,0.8656382031837493,0.05072013421785026,-0.08856150872613172,0.0045093455480719365,0.0,0.0,0.0015782709418251776,0.9954906544519281,12.356192,11.961604,14.370022,2.4084177,2.3482027,2.2746248,2.4889507,0.2143259,5.2441015,5.18492,5.3090777,0.124157906,16.73650000000002,66.52699999999996,3.1603055555555586,68.39694444444442,5.593305555555561,30.083680555555492,10.2,LOW,94.5,0.002,0.188,0.15,0.169,significant deviation from lot population (contribution 0.19); predicted value approaching the safety limit (contribution 0.17); high physics-normalised drift rate (contribution 0.15).
IC0263,LOT2026F,108.43,0.41230300290540856,0,10.689,12.718,2.029,18.982131162877725,0.01197083333333337,-1.2521043771044573e-05,0.02903406778261992,2.076,2.342,0.266,12.8131021194605,0.0017138888888889,5.287247474747183e-06,0.004156867344674916,4.72,4.926,0.2060000000000004,4.364406779661026,0.0012333333333333532,-4.31397306397358e-06,0.0029913275543528048,-0.15365774885919792,-0.11786044224567649,-0.014793029137328434,0.02428696088555692,-0.1087803170890127,-0.00732591877554383,-0.7934690009246577,0.1439107422687375,0.27957721217671117,0.0046028287414291375,0.0,0.0,0.001610990059500198,0.9953971712585709,12.694671,12.29514,14.349835,2.0546951,2.348009,2.2971194,2.4186296,0.12151027,4.914514,4.8744187,4.9981265,0.12370777,16.674416666666687,66.65116666666663,2.93294444444445,70.67055555555551,5.336666666666677,33.29166666666654,7.4,LOW,95.7,0.002,0.169,0.188,0.007,high physics-normalised drift rate (contribution 0.19); significant deviation from lot population (contribution 0.17).
IC0264,LOT2026F,111.15,0.4793534723036497,0,10.777,12.421,1.6440000000000001,15.254709102718756,0.010297222222222237,1.0258838383836508e-05,0.02148148040471352,2.212,2.429,0.21699999999999964,9.810126582278464,0.0013805555555555609,1.999158249158169e-06,0.0028800366229141208,4.976,5.12,0.14400000000000013,2.89389067524116,0.0008430555555555714,8.154461279461014e-06,0.0017587346379365164,-0.310089483586741,-0.27128698121511363,-0.3363853194641629,0.31506204304749547,-0.30743223196243,-0.3593038849563634,0.3479026217598488,-0.2853771407197324,-0.34904875743855324,0.0,0.0,0.0,0.0,1.0,12.058312,11.728834,12.49843,0.7695961,2.4488404,2.4188402,2.5102339,0.09139371,5.1232257,5.0899887,5.2007775,0.11078882,15.925611111111117,68.14877777777777,2.9022777777777806,70.9772222222222,5.3975277777777855,32.53090277777768,5.6,LOW,99.4,0.0,0.053,0.114,0.113,high physics-normalised drift rate (contribution 0.11); predicted value approaching the safety limit (contribution 0.11); significant deviation from lot population (contribution 0.05).
IC0265,LOT2026F,111.5,0.48866268800442975,1,11.412,17.706,6.293999999999999,55.152471083070445,0.03874305555555557,0.00016685079966329897,0.07928384242670962,2.157,3.181,1.024,47.473342605470556,0.005941666666666676,2.7356902356902195e-05,0.012159034877270627,4.936,5.426,0.4900000000000002,9.927066450567265,0.00298888888888892,1.3704755892255355e-05,0.006116466352474665,2.473552664679466,2.3364548815508632,2.1248631320707903,2.828428270470237,2.4107881365554524,2.1985942593331496,2.148210438983865,2.0749423582738045,1.873407081703678,1.0,1.0,0.0,0.7,0.0,17.688807,16.530487,17.750862,1.2203751,3.1869311,2.8604512,3.1869311,0.3264799,5.451729,5.3555884,5.5029716,0.14738321,30.783527777777785,38.43294444444443,5.127833333333339,48.721666666666614,6.4304444444444595,19.619444444444255,61.0,HIGH,37.6,0.7,0.696,0.682,0.27,abnormal multi-parameter pattern (ensemble anomaly score) (contribution 0.70); significant deviation from lot population (contribution 0.70); high physics-normalised drift rate (contribution 0.68).
IC0266,LOT2026F,106.58,0.3716827823664855,0,11.128,12.837,1.7089999999999996,15.357656362329255,0.01067361111111116,-2.8409090909108106e-06,0.028716990986649468,2.009,2.21,0.20100000000000007,10.00497760079642,0.0011708333333333364,5.523989898989665e-06,0.0031500876254711065,4.817,4.937,0.1200000000000001,2.4911770811708553,0.0007611111111111233,2.2622053872048074e-06,0.0020477437944937007,-0.09097971373267418,-0.2367819255630633,-0.028294290085851,-0.41688902584290327,-0.4324173950702876,-0.28486018539216507,-0.7287520532466695,-0.37551231899845333,-0.20165324765688686,0.0,0.0,0.0,0.0,1.0,12.732138,12.432699,13.190481,0.757782,2.2191322,2.170832,2.275704,0.10487199,4.939488,4.9350934,5.0328636,0.097770214,16.46480555555558,67.07038888888884,2.5944166666666684,74.05583333333333,5.197555555555562,35.03055555555547,7.2,LOW,99.5,0.0,0.152,0.185,0.026,high physics-normalised drift rate (contribution 0.18); significant deviation from lot population (contribution 0.15).
IC0267,LOT2026F,108.01,0.4027435982639305,0,11.203,12.243,1.040000000000001,9.283227706864242,0.0061055555555555975,2.4989478114476694e-05,0.015159907151533257,2.131,2.271,0.14000000000000012,6.569685593618026,0.0009138888888889007,9.154040404040127e-06,0.0022691580768218708,4.836,4.949,0.11299999999999955,2.3366418527708754,0.0006486111111111276,-1.7361111111116588e-06,0.0016104814922125027,-0.40384318318775936,-0.6555536157460284,-0.6055605198605394,-0.21301224409717584,-0.5855449127852056,-0.5277019228266707,-0.6581517466888674,-0.4992572247709245,-0.4246582926208858,0.0,0.0,0.0,0.0,1.0,12.253798,11.921833,12.490421,0.56858826,2.2721233,2.234061,2.3109393,0.07687831,4.947834,4.941408,5.0359573,0.09454918,14.255777777777798,71.48844444444441,2.5879444444444504,74.1205555555555,5.160305555555564,35.49618055555545,4.3,LOW,100.0,0.0,0.134,0.052,0.027,significant deviation from lot population (contribution 0.13); high physics-normalised drift rate (contribution 0.05).
IC0268,LOT2026F,108.8,0.42089420572161784,0,10.235,11.749,1.5140000000000011,14.792379091353212,0.008401388888888937,-1.7098063973082916e-06,0.019960809093308524,2.028,2.15,0.12199999999999989,6.015779092702164,0.0009069444444444471,6.734006734006443e-06,0.0021548038250835556,4.855,5.001,0.1459999999999999,3.007209062821831,0.0008069444444444655,-5.445075757576265e-06,0.0019172144293622892,-0.6640360348894634,-0.4450855087614002,-0.40113613205318666,-0.6174235652649307,-0.5896834943450739,-0.5592254257194231,-0.3522170849383782,-0.3250977277578053,-0.2682236032269703,0.0,0.0,0.0,0.0,1.0,11.665772,11.4206085,12.173448,0.7528391,2.1257393,2.120658,2.1955228,0.074864864,4.9850626,4.9434547,5.059897,0.1164422,14.435694444444469,71.12861111111107,2.4814722222222234,75.18527777777777,5.258472222222233,34.269097222222086,5.5,LOW,99.5,0.0,0.135,0.099,0.04,significant deviation from lot population (contribution 0.14); high physics-normalised drift rate (contribution 0.10).
IC0269,LOT2026F,110.2,0.4548893204119686,0,11.793,14.394,2.601000000000001,22.055456626812525,0.015052777777777804,1.5361952861950612e-05,0.033091077548589885,2.094,2.436,0.3420000000000001,16.33237822349571,0.0019875000000000092,1.0521885521883243e-06,0.004369194682785777,4.875,5.058,0.18299999999999983,3.7538461538461507,0.0010583333333333451,-2.1043771043834485e-07,0.0023265732692402405,0.7291018046874744,0.1646735743295729,0.15795612254190486,0.33845773931339906,0.05427979636958009,0.051205367603426276,-0.01686562878880962,-0.04858133337734483,-0.059449405183512896,0.004131393682609525,0.0,0.0,0.0014459877889133337,0.9958686063173905,14.3194475,13.430191,14.839127,1.4089355,2.4339063,2.3646011,2.5323954,0.16779423,5.0550466,5.0118737,5.109697,0.09782314,19.319388888888902,61.3612222222222,3.087750000000004,69.12249999999996,5.404166666666672,32.4479166666666,9.0,LOW,97.4,0.001,0.152,0.228,0.066,high physics-normalised drift rate (contribution 0.23); significant deviation from lot population (contribution 0.15); predicted value approaching the safety limit (contribution 0.07).
IC0270,LOT2026F,110.11,0.4526313350595736,0,10.574,12.697,2.1229999999999993,20.077548704369203,0.01293333333333338,2.698863636363533e-05,0.028573658806965153,2.068,2.353,0.28500000000000014,13.781431334622832,0.0016680555555555648,4.340277777777639e-06,0.003685241003776333,4.818,4.994,0.17600000000000016,3.6529680365296837,0.0010569444444444602,2.6304713804709393e-06,0.0023351110773304046,-0.16471857858740843,-0.029624266722174653,-0.03439743350356991,0.06105162644626231,-0.13609495538410823,-0.13733695112121164,-0.39340059709710085,-0.050109048263420476,-0.05509509824438733,0.0,0.0,0.0,0.0,1.0,12.60549,12.2413435,14.247409,2.0060654,2.3225644,2.2761185,2.380915,0.10479641,4.9844475,4.945059,5.0421543,0.09709549,17.040666666666688,65.91866666666662,2.9020277777777825,70.97972222222218,5.346472222222229,33.169097222222135,5.6,LOW,96.2,0.0,0.065,0.184,0.03,high physics-normalised drift rate (contribution 0.18); significant deviation from lot population (contribution 0.07).
IC0271,LOT2026G,106.49,0.3698025599492996,1,8.352,12.174,3.821999999999999,45.761494252873554,0.022581944444444453,0.00011313657407407292,0.061064867824442495,2.287,3.054,0.7669999999999999,33.537385220813285,0.0044513888888888945,1.704545454545404e-05,0.012037204094799088,4.989,5.4,0.4110000000000005,8.238123872519552,0.002477777777777791,9.390782828282391e-06,0.006700272107682265,0.9749489455811777,1.576509276369162,2.1504596122758177,1.5953571317989519,1.5783044690474295,2.15743009942363,0.7543836726516644,1.7190426622660337,2.3055999595985024,1.0,0.895,0.0,0.6632499999999999,0.048146544892544996,12.161758,11.8799,13.230629,1.350729,3.0219302,2.7344503,3.0814736,0.34702325,5.392909,5.350824,5.4427176,0.09189367,19.642972222222227,60.71405555555555,4.512694444444447,54.873055555555524,6.227888888888895,22.15138888888881,48.9,MEDIUM,40.2,0.663,0.377,0.503,0.239,abnormal multi-parameter pattern (ensemble anomaly score) (contribution 0.66); high physics-normalised drift rate (contribution 0.50); significant deviation from lot population (contribution 0.38).
IC0272,LOT2026G,110.71,0.4678783736380014,0,9.831,10.986,1.1550000000000011,11.74855050350932,0.007691666666666701,3.261784511784375e-05,0.016439457560006313,2.314,2.625,0.31099999999999994,13.439930855661189,0.001815277777777786,-6.6024831649833e-06,0.0038798069756100137,4.981,5.155,0.17400000000000038,3.4932744428829627,0.00099583333333336,1.709806397305918e-06,0.0021284021434678207,0.11530997161126619,-0.29947182477757095,-0.34580085201049815,-0.02416063805847817,-0.15656702333810532,-0.21630779512329207,-0.8160619449813793,-0.04745992582819548,-0.10672354279072524,0.0,0.0,0.0,0.0,1.0,11.143262,10.977368,11.928924,0.95155525,2.6114485,2.541881,2.6856976,0.14381647,5.148488,5.089415,5.2020564,0.112641335,13.67683333333335,72.6463333333333,3.221638888888893,67.78361111111107,5.47891666666668,31.5135416666665,7.0,LOW,98.8,0.0,0.175,0.064,0.114,significant deviation from lot population (contribution 0.17); predicted value approaching the safety limit (contribution 0.11); high physics-normalised drift rate (contribution 0.06).
IC0273,LOT2026G,110.41,0.4601976756805986,0,8.965,10.655,1.6899999999999995,18.851087562744,0.01020555555555558,-4.755892255892365e-05,0.0221764604535699,2.218,2.575,0.3570000000000002,16.095581605049603,0.002256944444444457,1.1047979797976827e-06,0.004904293445434294,5.117,5.28,0.16300000000000026,3.1854602306038746,0.0010222222222222301,-1.0784932659940395e-06,0.002221267677439784,-0.12420223409920698,0.017245439757041472,-0.0248838358567664,-0.21291562289034588,0.13410164609214004,0.08180964605802526,-0.01481418088288793,-0.016003928476961415,-0.057723524873333716,0.0,0.0,0.0,0.0,1.0,10.694095,10.592413,12.403706,1.8112926,2.5949538,2.5230405,2.6101685,0.087127924,5.2866545,5.2333994,5.316514,0.083114624,14.06777777777779,71.86444444444442,3.3464722222222285,66.53527777777771,5.6281111111111155,29.648611111111055,6.2,LOW,96.8,0.0,0.018,0.121,0.173,predicted value approaching the safety limit (contribution 0.17); high physics-normalised drift rate (contribution 0.12).
IC0274,LOT2026G,106.16,0.36298194754028795,0,8.46,9.594,1.1339999999999986,13.404255319148916,0.0064861111111111395,1.110058922558881e-05,0.017868963332925078,2.377,2.653,0.27600000000000025,11.61127471602862,0.00138333333333334,-2.4989478114481616e-06,0.0038110251562298468,5.206,5.313,0.10699999999999932,2.055320783711089,0.000644444444444468,5.155723905723392e-06,0.0017754173418581376,-0.8919437756666119,-0.4513561262229002,-0.265837021465057,0.08154215344736822,-0.44083732583120544,-0.23632275930034746,0.1967152288391104,-0.4663213642422987,-0.29297414474885586,0.0,0.0,0.0,0.0,1.0,9.580574,9.556705,10.809065,1.2523594,2.6436357,2.5592952,2.6922565,0.13296127,5.312197,5.2750278,5.3961215,0.12109375,11.70305555555557,76.59388888888886,3.0686666666666698,69.3133333333333,5.528222222222235,30.897222222222066,9.7,LOW,98.0,0.0,0.194,0.078,0.215,predicted value approaching the safety limit (contribution 0.22); significant deviation from lot population (contribution 0.19); high physics-normalised drift rate (contribution 0.08).
IC0275,LOT2026G,111.93,0.5003236362105338,0,8.92,11.165,2.244999999999999,25.16816143497757,0.014022222222222245,-1.7361111111119796e-06,0.028026303790936156,2.305,2.733,0.42799999999999994,18.568329718004335,0.0024763888888888878,1.8676346801343974e-06,0.004949574054995945,5.137,5.382,0.2450000000000001,4.769320615145029,0.001438888888888909,-4.734848484855414e-07,0.002875916276486749,0.24483469917070477,0.49809573972450977,0.3023452598267218,0.3835501291783579,0.27852192838766054,0.09498594448192252,0.6390039946214773,0.48066971391131336,0.28769841705596266,0.004498536341347519,0.0,0.0,0.0015744877194716314,0.9955014636586524,11.281581,10.939646,13.00873,2.0690842,2.73647,2.6182477,2.7394974,0.121249676,5.3847003,5.3248286,5.409984,0.08515549,15.931111111111122,68.13777777777776,3.543194444444444,64.56805555555556,5.856444444444454,26.79444444444432,10.6,LOW,95.8,0.002,0.129,0.178,0.222,predicted value approaching the safety limit (contribution 0.22); high physics-normalised drift rate (contribution 0.18); significant deviation from lot population (contribution 0.13).
IC0276,LOT2026G,107.93,0.4009456966482278,0,8.58,9.475,0.8949999999999996,10.431235431235427,0.004737500000000016,-2.143834175084303e-05,0.011815814559437686,2.227,2.444,0.21700000000000008,9.74405029187248,0.0012250000000000067,4.866372053871622e-06,0.0030552765879284845,5.037,5.174,0.13700000000000045,2.7198729402422166,0.000730555555555562,-4.734848484855927e-07,0.0018220810490367212,-0.9780523934295912,-0.6716583560842712,-0.6044386360644806,-0.7074536831498419,-0.5450393016646886,-0.4562396015375025,-0.6942722848384077,-0.36367547814874535,-0.26835228139390194,0.0,0.0,0.0,0.0,1.0,9.399257,9.324433,10.809065,1.4846315,2.4555538,2.3827066,2.5068004,0.12409377,5.1696677,5.1314087,5.246406,0.11499739,10.948750000000008,78.10249999999999,2.8395000000000032,71.60499999999998,5.402277777777781,32.471527777777744,7.4,LOW,97.5,0.0,0.217,0.019,0.137,significant deviation from lot population (contribution 0.22); predicted value approaching the safety limit (contribution 0.14).
IC0277,LOT2026G,108.85,0.4220675343344384,0,9.239,10.597,1.3579999999999988,14.698560450265166,0.0074597222222222296,3.3301767676767016e-05,0.017674238398803936,2.236,2.538,0.3019999999999996,13.506261180679765,0.0017791666666666665,-1.1047979797982089e-06,0.004215360154322811,5.235,5.389,0.15399999999999991,2.9417382999044874,0.0009041666666666942,3.209175084174389e-06,0.002142232209573953,-0.16617114023578508,-0.3286938044335304,-0.2767295634400659,-0.35259431166592986,-0.1803323862475018,-0.11866448018983641,0.6838738694109965,-0.1567281271536118,-0.099426180055442,0.0,0.0,0.0,0.0,1.0,10.519044,10.493995,11.678396,1.1844015,2.5367756,2.503739,2.562778,0.059038877,5.386352,5.3283873,5.420373,0.0919857,12.968861111111115,74.06227777777777,3.1255833333333336,68.74416666666667,5.687083333333347,28.91145833333316,8.9,LOW,98.5,0.0,0.14,0.076,0.227,predicted value approaching the safety limit (contribution 0.23); significant deviation from lot population (contribution 0.14); high physics-normalised drift rate (contribution 0.08).
IC0278,LOT2026G,110.31,0.4576629311158039,0,8.498,9.578,1.08,12.708872675923748,0.006365277777777797,3.443287037036905e-05,0.013908222285468801,2.346,2.612,0.266,11.3384484228474,0.0016847222222222328,6.6024831649828574e-06,0.0036811419664572794,5.101,5.245,0.14400000000000013,2.8229758870809674,0.0008986111111111177,7.523148148147275e-06,0.001963478031572846,-0.9035214049456679,-0.4665795527502557,-0.487393332711353,-0.07323693411476356,-0.24248795077974789,-0.27411773788518573,-0.23916355483046642,-0.16335044238548016,-0.1937448960551499,0.0,0.0,0.0,0.0,1.0,9.532739,9.532739,10.809065,1.2763262,2.6109164,2.5418565,2.646066,0.10420942,5.228751,5.1891093,5.259584,0.070474625,11.680638888888897,76.63872222222221,3.1883611111111163,68.11638888888884,5.550305555555559,30.621180555555515,7.6,LOW,98.2,0.0,0.197,0.039,0.144,significant deviation from lot population (contribution 0.20); predicted value approaching the safety limit (contribution 0.14).
IC0279,LOT2026G,106.49,0.3698025599492996,0,8.479,9.166,0.6870000000000012,8.102370562566355,0.0038055555555555577,-2.4594907407408102e-05,0.010290776667628542,2.324,2.474,0.15000000000000036,6.454388984509482,0.0009583333333333417,-8.680555555557782e-07,0.002591472956446625,4.994,5.092,0.09799999999999986,1.9623548257909467,0.0005972222222222409,7.102272727264068e-07,0.00161497590039431,-1.2016453588813607,-0.7890712204504197,-0.6897463514065529,-0.5942006922507199,-0.7205373662263433,-0.5912027815311731,-1.219890818087023,-0.522611043712974,-0.37763024018242297,0.0,0.0,0.0,0.0,1.0,9.186897,9.167901,10.809065,1.6411638,2.4905856,2.445297,2.5486562,0.10335922,5.0979586,5.076518,5.214762,0.13824415,10.381777777777778,79.23644444444444,2.803166666666671,71.96833333333329,5.29261111111112,33.842361111110996,8.1,LOW,97.1,0.0,0.279,0.004,0.12,significant deviation from lot population (contribution 0.28); predicted value approaching the safety limit (contribution 0.12).
IC0280,LOT2026G,108.47,0.4132240595640089,0,8.845,10.4,1.5549999999999997,17.580553985302426,0.008072222222222251,3.919402356901206e-06,0.019534734329698086,2.01,2.169,0.15900000000000025,7.910447761194043,0.0008944444444444433,7.891414141410122e-07,0.0021645507412810573,5.076,5.203,0.12700000000000067,2.501970055161558,0.0008652777777778,-4.7348484848543875e-07,0.0020939675649349924,-0.3087207007341622,-0.25152678031211073,-0.17265696424745183,-1.7456060997251175,-0.7625837775275798,-0.715433761751389,-0.5083828035675583,-0.2030843337765224,-0.12489276976782762,0.0,0.0,0.0,0.0,1.0,10.606336,10.548372,11.851482,1.3031101,2.150514,2.1235225,2.2053862,0.08186364,5.2054844,5.1523843,5.2561817,0.103797436,12.881111111111126,74.23777777777775,2.4572222222222213,75.42777777777779,5.5086388888889,31.142013888888755,13.0,LOW,98.1,0.0,0.415,0.095,0.142,significant deviation from lot population (contribution 0.41); predicted value approaching the safety limit (contribution 0.14); high physics-normalised drift rate (contribution 0.10).
IC0281,LOT2026G,109.17,0.42964727386377966,0,9.014,10.186,1.1720000000000006,13.001996893720886,0.006061111111111141,1.0390361952860415e-05,0.014107179260336297,2.306,2.544,0.238,10.320901994796184,0.0013472222222222295,1.641414141414094e-05,0.003135647085821772,5.03,5.157,0.12699999999999978,2.5248508946322024,0.0006805555555555649,-4.103535353536043e-06,0.0015839866722192589,-0.46357149234153733,-0.5049005919398015,-0.47626405843661235,-0.3299437134861048,-0.46460268874059596,-0.432852423781485,-0.8032419807558048,-0.4232763152353331,-0.3939815458916226,0.004482994308943015,0.0,0.0,0.0015690480081300552,0.9955170056910569,10.197817,10.157317,11.026539,0.8692217,2.5575836,2.491334,2.5722427,0.080908775,5.147343,5.1279397,5.245797,0.117857456,12.04455555555557,75.91088888888886,2.9796111111111148,70.20388888888884,5.370277777777782,32.87152777777772,7.0,LOW,98.9,0.002,0.171,0.041,0.136,significant deviation from lot population (contribution 0.17); predicted value approaching the safety limit (contribution 0.14).
IC0282,LOT2026G,110.89,0.4725423222208001,0,10.297,11.565,1.267999999999999,12.314266291152752,0.00840416666666669,-4.1035353535366974e-06,0.017785003102303628,2.322,2.471,0.14900000000000002,6.416881998277348,0.0010944444444444534,1.081123737373693e-05,0.0023160770855421143,5.07,5.181,0.11099999999999977,2.1893491124260307,0.0006875000000000173,2.91982323232235e-06,0.0014548961387606167,0.5342754311471065,-0.2097061028404139,-0.27053359686975903,-0.6055259913406325,-0.6309602291063312,-0.6713407967848397,-0.6494024100488943,-0.4149984211955192,-0.46209549712727477,0.0,0.0,0.0,0.0,1.0,11.691841,11.39143,12.521264,1.1298342,2.479596,2.4363518,2.5397065,0.10335469,5.1760197,5.1360426,5.2535152,0.11747265,14.499083333333346,71.00183333333331,2.869222222222227,71.30777777777773,5.413750000000009,32.328124999999886,7.0,LOW,98.4,0.0,0.131,0.077,0.14,predicted value approaching the safety limit (contribution 0.14); significant deviation from lot population (contribution 0.13); high physics-normalised drift rate (contribution 0.08).
IC0283,LOT2026G,111.13,0.47882639929064635,0,9.204,10.796,1.5919999999999987,17.296827466318977,0.0097888888888889,-1.999158249159279e-06,0.020443502913353513,2.214,2.525,0.31099999999999994,14.04697380307136,0.0017750000000000068,3.288089225589059e-06,0.003706980238828867,5.231,5.418,0.18700000000000028,3.5748422863697242,0.0010375000000000152,1.2889309764305754e-06,0.002166756055090136,-0.022174376077525447,-0.035249134475216576,-0.12182218036262127,-0.40167060772221524,-0.18307454350627309,-0.266599005455967,0.8697633506818458,0.0022074384106168026,-0.08648630001276524,0.0,0.0,0.0,0.0,1.0,10.801369,10.675273,12.208112,1.5328388,2.5107114,2.4331546,2.5475411,0.11438656,5.3999968,5.328752,5.4501715,0.12141943,14.09844444444445,71.8031111111111,3.1015000000000033,68.98499999999996,5.749750000000008,28.128124999999905,10.7,LOW,97.4,0.0,0.189,0.104,0.243,predicted value approaching the safety limit (contribution 0.24); significant deviation from lot population (contribution 0.19); high physics-normalised drift rate (contribution 0.10).
IC0284,LOT2026G,111.63,0.4921618702766767,0,9.625,11.002,1.3770000000000007,14.306493506493515,0.007611111111111152,2.4384469696968564e-05,0.01546465008927336,2.293,2.535,0.242,10.553859572612296,0.001394444444444452,-1.0521885521921091e-07,0.0028333045054070175,5.013,5.063,0.04999999999999982,0.9974067424695756,0.0004000000000000088,1.8413299663244997e-07,0.0008127407346187594,0.12688760089032225,-0.3096207757958064,-0.4003297254721023,-0.36391961075584073,-0.4335249064744691,-0.5208317178846692,-1.4057802993578723,-0.7577032344434289,-0.8009254694849477,0.0,0.0,0.0,0.0,1.0,10.917762,10.755467,11.928924,1.1734562,2.540803,2.4831645,2.565551,0.08238649,5.071095,5.071095,5.2170978,0.14600277,13.430555555555575,73.13888888888886,2.990222222222226,70.09777777777775,5.2130000000000045,34.83749999999994,10.1,LOW,98.3,0.0,0.327,0.055,0.121,significant deviation from lot population (contribution 0.33); predicted value approaching the safety limit (contribution 0.12); high physics-normalised drift rate (contribution 0.06).
IC0285,LOT2026G,109.75,0.4437005413070445,0,8.442,9.57,1.1280000000000001,13.36176261549396,0.006754166666666684,-1.7045454545455908e-05,0.015222353902860678,2.403,2.687,0.2839999999999998,11.818560133166866,0.0014597222222222275,-2.8672138047140817e-06,0.0032898815447062694,5.103,5.254,0.1509999999999998,2.959043699784437,0.0008236111111111175,-2.367424242433801e-07,0.001856231927698217,-0.9093102195851953,-0.41758461680014997,-0.413883312704248,0.209895543133038,-0.39056444275364866,-0.3879714189278846,-0.18147371581537855,-0.25275169801536723,-0.2503327471842223,0.0,0.0,0.0,0.0,1.0,9.567287,9.546956,10.809065,1.2621088,2.6694157,2.545293,2.7071204,0.16182733,5.25392,5.219455,5.277052,0.05759716,11.819083333333342,76.36183333333332,3.1328611111111138,68.67138888888886,5.514805555555559,31.064930555555513,8.1,LOW,98.1,0.0,0.199,0.052,0.153,significant deviation from lot population (contribution 0.20); predicted value approaching the safety limit (contribution 0.15); high physics-normalised drift rate (contribution 0.05).
IC0286,LOT2026G,109.43,0.43589637345488896,0,8.92,10.715,1.795,20.123318385650222,0.010140277777777785,4.153514309764179e-05,0.023263046896689094,2.341,2.696,0.355,15.164459632635625,0.0018763888888888999,7.86510942760918e-06,0.004304667354804428,5.127,5.266,0.13900000000000023,2.711137117222552,0.0009458333333333493,4.366582491581854e-06,0.0021698582299199466,-0.0807861243027464,0.009021289793985672,0.035897740445055566,0.24387144040277559,-0.11634871687605741,-0.09267679282563622,-0.10455393046192046,-0.10706076291479952,-0.08484945353439918,0.0,0.0,0.0,0.0,1.0,10.701915,10.592413,12.208112,1.6156988,2.703632,2.6047525,2.7315772,0.12682462,5.276015,5.2303624,5.3069987,0.076636314,13.990138888888893,72.01972222222221,3.27919444444445,67.2080555555555,5.599916666666674,30.001041666666573,6.5,LOW,97.2,0.0,0.026,0.131,0.168,predicted value approaching the safety limit (contribution 0.17); high physics-normalised drift rate (contribution 0.13).
IC0287,LOT2026G,110.05,0.4511316558854168,0,9.468,10.716,1.2479999999999993,13.181242078580475,0.0072236111111111485,3.6563552188550495e-05,0.016012201797130986,2.172,2.458,0.28600000000000003,13.167587476979742,0.0015458333333333398,1.1837121212119099e-06,0.0034265680831007056,5.171,5.327,0.1559999999999997,3.016824598723645,0.0008125000000000192,7.891414141366886e-08,0.0018010263509559313,-0.08006252247280579,-0.35844072983180525,-0.3697007257076625,-0.6546022873969178,-0.3338931927389464,-0.34819671982710443,0.28645497841814294,-0.265996328479039,-0.27946168376395075,0.0,0.0,0.0,0.0,1.0,10.629253,10.615129,12.118197,1.503068,2.4625876,2.3793314,2.4662645,0.086933136,5.3286085,5.2822466,5.386956,0.104709625,13.079805555555573,73.84038888888885,2.94491666666667,70.5508333333333,5.57725000000001,30.284374999999876,8.1,LOW,97.5,0.0,0.133,0.06,0.21,predicted value approaching the safety limit (contribution 0.21); significant deviation from lot population (contribution 0.13); high physics-normalised drift rate (contribution 0.06).
IC0288,LOT2026G,108.88,0.4227729530734688,1,8.21,15.279,7.068999999999999,86.10231425091351,0.04181250000000002,0.0002877735690235677,0.0989006030211538,2.25,3.709,1.459,64.84444444444445,0.008388888888888894,6.081649831649819e-05,0.019842539187768442,5.171,5.894,0.7229999999999999,13.981821697930766,0.004329166666666683,3.093434343434305e-05,0.010239932888787159,3.2217326275479947,3.9993088591019044,4.266918583724782,4.068047433096428,4.169643078590631,4.428720735285199,3.9209148363689006,3.925929213277874,4.173283633802022,1.0,1.0,0.0,0.7,0.0,15.286507,13.782641,16.655571,2.8729296,3.7038624,2.8779273,3.7541096,0.8761823,5.8885393,5.466584,5.895781,0.42919683,29.11625000000001,41.76749999999998,6.444444444444446,35.555555555555536,7.335583333333342,8.305208333333225,75.0,HIGH,31.1,0.7,1.0,0.875,0.475,significant deviation from lot population (contribution 1.00); high physics-normalised drift rate (contribution 0.88); abnormal multi-parameter pattern (ensemble anomaly score) (contribution 0.70).
IC0289,LOT2026G,109.15,0.429169951993547,0,10.011,11.5,1.4890000000000008,14.873638997103194,0.00931527777777781,-3.103956228956375e-05,0.02170533546094549,2.41,2.731,0.32099999999999973,13.319502074688785,0.002118055555555564,-3.761574074074267e-06,0.004935237301020112,5.035,5.258,0.22299999999999986,4.428997020854019,0.0012541666666666695,3.130260942760156e-06,0.0029223077264401006,0.48724131220094163,-0.09491796718587886,-0.051237670720279994,0.3759999297850823,0.04269640413294163,0.09081406272846744,-0.15583378736422396,0.26047773245249733,0.31217662529643103,0.0,0.0,0.0,0.0,1.0,11.599835,11.223316,12.650824,1.4275074,2.726355,2.6152399,2.737548,0.122308254,5.25463,5.192401,5.3227243,0.13032341,14.668638888888903,70.66272222222219,3.4690277777777823,65.30972222222218,5.662083333333335,29.22395833333331,7.6,LOW,97.6,0.0,0.089,0.116,0.176,predicted value approaching the safety limit (contribution 0.18); high physics-normalised drift rate (contribution 0.12); significant deviation from lot population (contribution 0.09).
IC0290,LOT2026G,111.62,0.49189189930092697,1,8.928,14.423,5.494999999999999,61.54793906810034,0.03326388888888891,0.00018234427609427483,0.0676243884808091,2.169,3.306,1.137,52.42047026279392,0.00674166666666667,2.459490740740708e-05,0.01370558587414811,5.149,5.739,0.5899999999999999,11.458535637987955,0.003519444444444452,1.9333964646463775e-05,0.007154914422144906,2.6023294611184955,2.9222951777701107,2.5173867056544235,2.5466822553515693,3.0855769089545673,2.6429159712461967,2.9273676088867697,2.960726768236678,2.5454896215843963,1.0,1.0,0.0,0.7,0.0,14.576599,13.946024,15.459273,1.5132494,3.1567583,2.8354025,3.1567583,0.32135582,5.7493916,5.452752,5.7493916,0.29663944,25.559944444444458,48.880111111111084,5.539833333333335,44.60166666666665,6.908722222222226,13.64097222222217,61.8,HIGH,36.4,0.7,0.722,0.568,0.399,significant deviation from lot population (contribution 0.72); abnormal multi-parameter pattern (ensemble anomaly score) (contribution 0.70); high physics-normalised drift rate (contribution 0.57).
IC0291,LOT2026G,109.13,0.4286931105483329,0,9.471,10.303,0.8320000000000007,8.784711223735622,0.005072222222222251,-1.4572811447812384e-05,0.011831825838615582,2.438,2.663,0.22499999999999964,9.228876127973734,0.0014736111111111163,9.022516835016625e-06,0.003437449949280149,5.102,5.203,0.10099999999999998,1.9796158369266947,0.0004319444444444598,-1.499368686869087e-06,0.0010075842923903493,-0.37891007823843925,-0.6294877147843568,-0.6035429955996066,0.11929315041374108,-0.3814239185577291,-0.34503018303404215,-0.5083828035675583,-0.7196249218603211,-0.6981172755991661,0.0,0.0,0.0,0.0,1.0,10.3978195,10.31726,11.229249,0.9119892,2.6612093,2.545293,2.7065876,0.16129446,5.181112,5.174969,5.2569175,0.08194828,12.007111111111126,75.98577777777774,3.174805555555558,68.25194444444442,5.31797222222223,33.52534722222212,5.1,LOW,99.0,0.0,0.095,0.019,0.142,predicted value approaching the safety limit (contribution 0.14); significant deviation from lot population (contribution 0.10).
IC0292,LOT2026G,109.5,0.4375928310434621,0,8.828,10.609,1.7810000000000006,20.174444947893075,0.010244444444444478,-2.1938131313132577e-05,0.023410905567205216,2.202,2.488,0.28600000000000003,12.988192552225254,0.0015569444444444496,1.8676346801343847e-06,0.003557975208898732,4.976,5.127,0.1509999999999998,3.03456591639871,0.0008986111111111223,-3.2880892255900212e-06,0.0020535325246721684,-0.1574879182764927,0.022144933352053135,0.04416867288745104,-0.5413492964977975,-0.32658077338221164,-0.309958287939743,-0.9955414441394443,-0.16335044238547475,-0.14622810929182153,0.0,0.0,0.0,0.0,1.0,10.623605,10.589146,12.133476,1.5443306,2.492532,2.3978631,2.5018091,0.10394597,5.1182775,5.088782,5.2007775,0.1119957,13.950222222222237,72.09955555555553,2.980472222222225,70.19527777777775,5.425305555555561,32.18368055555548,9.3,LOW,97.4,0.0,0.221,0.133,0.113,significant deviation from lot population (contribution 0.22); high physics-normalised drift rate (contribution 0.13); predicted value approaching the safety limit (contribution 0.11).
IC0293,LOT2026G,109.06,0.4270279426212279,0,7.685,8.511,0.8259999999999996,10.748210800260242,0.005520833333333354,-5.981691919192e-05,0.012928506035096423,2.328,2.646,0.31800000000000006,13.659793814432994,0.001933333333333338,5.260942760911471e-08,0.004527416453045081,5.064,5.178,0.11399999999999988,2.25118483412322,0.0006944444444444605,-2.6304713804783805e-07,0.0016262271742259967,-1.675604557492719,-0.5729685565276285,-0.5421967939575664,0.0551164555709062,-0.07887256767279135,-0.027858571063918692,-0.6686323563872588,-0.4067205271557164,-0.37169356383151136,0.0,0.0,0.0,0.0,1.0,8.579883,8.536439,10.809065,2.272626,2.658771,2.597649,2.7000854,0.102436304,5.178962,5.1358953,5.2465386,0.11064339,10.445416666666677,79.10916666666665,3.294666666666669,67.05333333333331,5.41122222222223,32.35972222222212,11.3,LOW,95.5,0.0,0.397,0.03,0.137,significant deviation from lot population (contribution 0.40); predicted value approaching the safety limit (contribution 0.14).
IC0294,LOT2026G,110.02,0.4503835050903927,0,7.83,8.416,0.5860000000000003,7.484035759897832,0.00274722222222224,-1.4414983164983351e-05,0.0060997398687389045,2.197,2.414,0.21700000000000008,9.877105143377337,0.001340277777777784,-1.709806397306572e-06,0.002975858934950977,5.068,5.125,0.057000000000000384,1.124704025256519,0.00041805555555556864,-3.367003367004049e-06,0.0009282212843733347,-1.7443467313371135,-0.922407439000349,-0.9241849684062227,-0.8207066740489621,-0.4691729508385564,-0.4793495089766327,-1.0083614083650188,-0.7361807099399326,-0.7399927556452494,0.0,0.0,0.0,0.0,1.0,8.566998,8.465684,11.145784,2.6801004,2.4242084,2.3501217,2.446957,0.096835375,5.119846,5.119846,5.2535152,0.13366938,9.20361111111112,81.59277777777775,2.867138888888892,71.32861111111109,5.277027777777784,34.0371527777777,11.1,LOW,94.4,0.0,0.415,0.0,0.14,significant deviation from lot population (contribution 0.41); predicted value approaching the safety limit (contribution 0.14).
IC0295,LOT2026G,109.75,0.4437005413070445,0,8.628,10.144,1.516,17.570700046360685,0.009547222222222243,-5.894886363636488e-05,0.021517265212474657,2.345,2.711,0.36599999999999966,15.607675906183353,0.0020472222222222276,3.5511363636360307e-06,0.004613972784868731,5.124,5.282,0.15800000000000036,3.0835284933645664,0.0009513888888889076,4.340277777777152e-06,0.0021442139468352338,-0.49396276919905935,-0.06569598752992412,-0.06175796225338407,0.30049793585233486,-0.003920269266250235,-0.002671364671887538,-0.001994216657313479,-0.10043844768295274,-0.09838052665576795,0.0,0.0,0.0,0.0,1.0,10.210078,10.119833,11.276965,1.1571321,2.7040834,2.609231,2.7363973,0.12716627,5.281436,5.2333994,5.3069987,0.07359934,13.401611111111123,73.19677777777775,3.368611111111114,66.31388888888885,5.599694444444453,30.003819444444336,7.5,LOW,98.4,0.0,0.091,0.114,0.168,predicted value approaching the safety limit (contribution 0.17); high physics-normalised drift rate (contribution 0.11); significant deviation from lot population (contribution 0.09).
IC0296,LOT2026G,109.42,0.43565450929754373,0,9.126,9.765,0.6390000000000011,7.001972386587783,0.004162500000000008,5.9553872053870526e-05,0.009554589499628247,2.406,2.647,0.24099999999999966,10.016625103906884,0.001368055555555557,-6.313131313131613e-06,0.0031402304494940994,5.072,5.155,0.08300000000000018,1.6364353312302877,0.00048611111111111646,1.3152356902282847e-07,0.0011158179262161884,-0.7682078627466994,-0.744100868524786,-0.730927259568614,0.05889155526754315,-0.45089190244672034,-0.4315187012871,-0.8160619449813793,-0.6550573483498593,-0.6410083594071625,0.0,0.0,0.0,0.0,1.0,9.763496,9.763496,10.859324,1.095828,2.643897,2.5418565,2.6763144,0.13445783,5.14959,5.1263576,5.2535152,0.12715769,11.207250000000004,77.5855,3.0900277777777787,69.0997222222222,5.315055555555558,33.56180555555552,6.3,LOW,98.4,0.0,0.175,0.0,0.14,significant deviation from lot population (contribution 0.17); predicted value approaching the safety limit (contribution 0.14).
IC0297,LOT2026G,110.88,0.47228211374187146,0,10.297,12.321,2.023999999999999,19.656210546761184,0.011559722222222258,-9.601220538722084e-06,0.024476307456649294,2.254,2.573,0.31899999999999995,14.152617568766635,0.0019791666666666733,3.55113636363623e-06,0.004190644974855852,5.187,5.377,0.1899999999999995,3.6630036630036535,0.0010430555555555644,-2.051767676768092e-06,0.002208543421836323,1.0813184145825054,0.1878528060118761,0.10376522560115624,-0.22046582228362144,-0.04870883782625534,-0.12585640148704078,0.6069540840575384,0.008829753642452736,-0.06443741242545051,0.004501352213483857,0.01,0.0,0.005075473274719349,0.991325402048798,12.310746,11.852949,12.773056,0.9201069,2.5479677,2.510725,2.5958242,0.08509922,5.3737016,5.3274727,5.4324493,0.104976654,16.07686111111113,67.84627777777774,3.2435833333333366,67.56416666666662,5.708527777777783,28.643402777777716,12.6,LOW,98.5,0.005,0.243,0.143,0.234,significant deviation from lot population (contribution 0.24); predicted value approaching the safety limit (contribution 0.23); high physics-normalised drift rate (contribution 0.14).
IC0298,LOT2026G,109.79,0.4446849084354961,0,8.522,9.326,0.8040000000000003,9.434405069232579,0.004952777777777794,5.184659090908981e-05,0.011137724001479625,2.309,2.564,0.2549999999999999,11.043741879601555,0.0015625000000000077,-6.128998316498555e-06,0.0035137239208257428,5.12,5.216,0.09600000000000009,1.8750000000000018,0.0005180555555555628,2.078072390571857e-06,0.0011649946866382347,-1.0858690660908001,-0.6445361593976053,-0.642369730501623,-0.25444171955335737,-0.32292456370384215,-0.3228350619703065,-0.42505303610131584,-0.6169790357667571,-0.6150604965269788,0.0,0.0,0.0,0.0,1.0,9.34264,9.28941,10.809065,1.5196552,2.5667672,2.5007696,2.604668,0.10389829,5.226016,5.1970797,5.3035803,0.106500626,10.998388888888897,78.0032222222222,3.090250000000004,69.09749999999995,5.3790277777777815,32.76215277777773,8.5,LOW,97.5,0.0,0.245,0.012,0.166,significant deviation from lot population (contribution 0.24); predicted value approaching the safety limit (contribution 0.17).
IC0299,LOT2026G,110.11,0.4526313350595736,0,9.422,10.994,1.5719999999999992,16.68435576310761,0.009098611111111127,2.811973905723785e-05,0.020101593518516793,2.265,2.399,0.1339999999999999,5.91611479028697,0.0009375000000000028,1.0521885521852451e-07,0.002071222046252305,5.182,5.266,0.08399999999999963,1.6209957545349214,0.0005000000000000076,8.680555555548095e-07,0.001104651758001243,0.12109878625079358,-0.1222151457866542,-0.1409479407677676,-0.8773331694985231,-0.7342481525202266,-0.7425916721487174,-0.10455393046192046,-0.6385015602702478,-0.6469001302202838,0.0,0.0,0.0,0.0,1.0,10.889633,10.845497,12.281268,1.435771,2.4068172,2.3677995,2.4826438,0.11484432,5.274128,5.247286,5.386956,0.13967037,13.971305555555563,72.05738888888888,2.7337500000000015,72.66249999999998,5.432000000000004,32.09999999999995,10.0,LOW,97.6,0.0,0.191,0.1,0.21,predicted value approaching the safety limit (contribution 0.21); significant deviation from lot population (contribution 0.19); high physics-normalised drift rate (contribution 0.10).
IC0300,LOT2026G,113.06,0.5321779911277879,0,8.568,10.103,1.5350000000000001,17.915499533146594,0.009683333333333348,3.977272727272595e-05,0.01819566666560655,2.286,2.678,0.3919999999999999,17.147856517935253,0.002243055555555559,9.995791245790813e-06,0.004214859676556881,5.138,5.287,0.14900000000000002,2.8999610743479955,0.000963888888888891,3.498526936026275e-06,0.0018112152418145373,-0.5236304442266407,-0.04854775994738789,-0.24756185921801616,0.17591964586330205,0.12496112189621451,-0.11881011525222306,0.03005569390662549,-0.0855382384113248,-0.27408556828519015,0.0,0.0,0.0,0.0,1.0,10.165533,10.072363,11.257754,1.1853914,2.697982,2.6058192,2.7311478,0.12532854,5.283362,5.2603035,5.3733406,0.11303711,13.409666666666674,73.18066666666665,3.4075277777777795,65.9247222222222,5.619944444444445,29.750694444444438,7.7,LOW,98.3,0.0,0.099,0.081,0.203,predicted value approaching the safety limit (contribution 0.20); significant deviation from lot population (contribution 0.10); high physics-normalised drift rate (contribution 0.08).
IC0301,LOT2026G,107.8,0.39803961341579985,0,9.692,10.877,1.1850000000000005,12.226578621543545,0.007134722222222244,-2.0622895622896674e-05,0.017924653682067505,2.218,2.474,0.2560000000000002,11.541929666366107,0.0015208333333333367,-6.497264309764384e-06,0.003820808990045533,5.054,5.193,0.13899999999999935,2.7502967946181114,0.0009125000000000088,4.340277777776933e-06,0.0022924853940273367,0.03643737214769679,-0.36963957233468864,-0.2627218093923216,-0.5942006922507199,-0.3503461362916037,-0.2334757412205714,-0.572482624695442,-0.14679465430586888,-0.020145865653936303,0.0,0.0,0.0,0.0,1.0,10.950979,10.862978,11.928924,1.0659456,2.4898744,2.42,2.5421748,0.12217474,5.1911044,5.136211,5.2497425,0.11353159,13.259361111111122,73.48127777777776,2.9784166666666683,70.21583333333332,5.5102500000000045,31.121874999999942,6.7,LOW,98.6,0.0,0.117,0.079,0.138,predicted value approaching the safety limit (contribution 0.14); significant deviation from lot population (contribution 0.12); high physics-normalised drift rate (contribution 0.08).
IC0302,LOT2026G,108.53,0.4146091403521486,0,9.815,11.053,1.2380000000000013,12.613346917982692,0.0066138888888888974,-2.1297623641945243e-18,0.015952105839421162,2.365,2.596,0.23099999999999987,9.76744186046511,0.0013513888888888937,6.865530303030208e-06,0.0032594285975969814,5.134,5.252,0.11799999999999944,2.2984028048305305,0.0007319444444444652,-5.260942760950859e-07,0.0017653842455638764,0.16379129421731356,-0.43525779012501076,-0.3730623791334913,-0.1336385292609615,-0.46186053148182166,-0.39683298512329573,-0.194293680040953,-0.3620198993407674,-0.29826805603282197,0.0,0.0,0.0,0.0,1.0,11.162804,10.977368,11.928924,0.95155525,2.5948598,2.5388737,2.6446257,0.10575199,5.2564454,5.219455,5.3225603,0.103105545,13.121944444444448,73.7561111111111,3.040694444444447,69.59305555555552,5.499972222222233,31.250347222222086,5.0,LOW,98.9,0.0,0.014,0.059,0.176,predicted value approaching the safety limit (contribution 0.18); high physics-normalised drift rate (contribution 0.06).
IC0303,LOT2026G,110.3,0.45741015332629387,0,10.433,11.805,1.3719999999999999,13.150579890731331,0.008438888888888925,-3.50378787878801e-05,0.018449281957388115,2.156,2.397,0.24099999999999966,11.178107606679019,0.0014944444444444532,-1.8571127946128145e-05,0.0032671868640799283,5.142,5.224,0.08199999999999985,1.5947102294826887,0.0005361111111111182,-5.787037037041557e-07,0.001172057741203403,0.7079398703329476,-0.20533155498772432,-0.23337510278796272,-0.8848833688917987,-0.3677131322638474,-0.39457539107981787,-0.3737731791990124,-0.595456511263266,-0.6113337123752909,0.0,0.0,0.0,0.0,1.0,12.059768,11.809564,13.302111,1.492547,2.3759727,2.3336732,2.4175925,0.08391929,5.2296133,5.1970797,5.317351,0.120271206,14.652444444444463,70.69511111111107,2.903222222222227,70.96777777777773,5.41005555555556,32.3743055555555,9.0,LOW,97.5,0.0,0.192,0.084,0.174,significant deviation from lot population (contribution 0.19); predicted value approaching the safety limit (contribution 0.17); high physics-normalised drift rate (contribution 0.08).
IC0304,LOT2026G,112.67,0.520982414417821,0,9.988,11.776,1.7880000000000003,17.901481778133764,0.010522222222222237,1.1258417508415557e-05,0.020196885597339096,2.263,2.529,0.266,11.754308440123731,0.001629166666666675,6.94444444444423e-06,0.0031271049109924563,4.964,5.156,0.19199999999999928,3.867848509266705,0.0010625000000000228,-6.576178451184532e-07,0.0020394162462994614,0.6869554172646585,0.057141316173555,-0.13561748335540535,-0.3865702089356658,-0.2790500475634277,-0.4353381289393831,-0.8096519628685949,0.03200785695392154,-0.1536764904468619,0.0,0.0,0.0,0.0,1.0,11.699171,11.199213,12.616523,1.4173098,2.5117102,2.4402997,2.5577297,0.11742997,5.1476393,5.088782,5.21729,0.12850809,15.249111111111118,69.50177777777776,3.0775833333333376,69.22416666666662,5.495250000000012,31.30937499999985,7.9,LOW,97.6,0.0,0.173,0.101,0.122,significant deviation from lot population (contribution 0.17); predicted value approaching the safety limit (contribution 0.12); high physics-normalised drift rate (contribution 0.10).
IC0305,LOT2026G,107.72,0.396260755614207,0,9.735,11.199,1.4640000000000004,15.038520801232671,0.008294444444444483,-3.7747264309765795e-05,0.02093178374827463,2.36,2.649,0.28900000000000015,12.245762711864414,0.0016861111111111245,-6.812920875421009e-06,0.004255054499398106,5.196,5.317,0.12100000000000044,2.328714395689,0.0006277777777777841,3.919402356901502e-06,0.0015842542287709618,0.2694371613886994,-0.2235296740549062,-0.09450868035310615,0.06644175466081874,-0.24157389836015405,-0.10711374044678766,0.222355157290265,-0.48618830993784967,-0.39384037106317316,0.0,0.0,0.0,0.0,1.0,11.208603,11.066268,11.962256,0.89598846,2.6702762,2.5969033,2.7015276,0.10462427,5.302124,5.2622037,5.3961215,0.13391781,13.882222222222241,72.23555555555552,3.203055555555562,67.96944444444438,5.5098888888888915,31.126388888888854,7.1,LOW,99.0,0.0,0.033,0.108,0.215,predicted value approaching the safety limit (contribution 0.22); high physics-normalised drift rate (contribution 0.11).
IC0306,LOT2026G,109.73,0.44320909822028426,0,8.697,10.278,1.5810000000000013,18.17868230424286,0.008838888888888919,2.8935185185184e-05,0.019942931957808784,2.351,2.712,0.3610000000000002,15.35516801361124,0.0019305555555555634,1.7361111111108312e-06,0.004355857231513863,5.126,5.281,0.15499999999999936,3.023800234100651,0.0008333333333333353,-1.0521885521892738e-06,0.0018802261430995062,-0.3970001239869646,-0.1549367637247589,-0.14982316631416448,0.3042730355489735,-0.08070067251197312,-0.07778094450699378,-0.00840419877010355,-0.2411626463596464,-0.23767232372796043,0.0,0.0,0.0,0.0,1.0,10.386387,10.25332,10.976279,0.7229595,2.703375,2.6047525,2.7338088,0.12905622,5.273438,5.2333994,5.3064613,0.07306194,13.116444444444458,73.76711111111109,3.3162777777777817,66.8372222222222,5.542666666666668,30.716666666666647,6.7,LOW,99.6,0.0,0.066,0.099,0.168,predicted value approaching the safety limit (contribution 0.17); high physics-normalised drift rate (contribution 0.10); significant deviation from lot population (contribution 0.07).
IC0307,LOT2026G,109.76,0.4439464478870634,0,9.065,10.044,0.979000000000001,10.799779371207954,0.0058916666666666865,-2.406881313131358e-05,0.013271120187373324,2.408,2.658,0.25,10.382059800664452,0.0013333333333333383,-1.841329966333994e-07,0.0030033652474960857,5.17,5.197,0.027000000000000135,0.522243713733078,0.0001430555555555617,-1.2626262626270923e-06,0.0003222360630126135,-0.5663229521931594,-0.5262483854609205,-0.5230316107633765,0.10041765193055466,-0.47374321293651706,-0.4713453900801793,-0.5468426962442874,-1.0639853139161926,-1.0597377184353676,0.0,0.0,0.0,0.0,1.0,10.072722,10.051833,10.93447,0.882637,2.6521702,2.5427356,2.6968682,0.1541326,5.215704,5.1960645,5.369806,0.17374134,12.010833333333343,75.97833333333331,3.074666666666669,69.25333333333332,5.2415277777777805,34.48090277777774,6.9,LOW,98.8,0.0,0.11,0.033,0.201,predicted value approaching the safety limit (contribution 0.20); significant deviation from lot population (contribution 0.11).
IC0308,LOT2026G,108.77,0.42019162778509755,0,9.991,11.678,1.6870000000000012,16.885196677009322,0.009856944444444512,2.8198653198651814e-05,0.023458212378961864,2.226,2.555,0.3290000000000002,14.779874213836486,0.0020513888888888986,6.234217171717213e-06,0.004882031799876934,5.04,5.159,0.11899999999999977,2.3611111111111067,0.0007972222222222293,2.577861952861343e-06,0.001897282500426115,0.6160424379304409,-0.026675020683941033,0.0468149258446741,-0.2884176168230933,-0.0011781120074715226,0.07533168367831326,-0.7904220165302304,-0.2842076953666229,-0.22867262514375175,0.0,0.0,0.0,0.0,1.0,11.718386,11.331281,12.616523,1.2852421,2.5393784,2.5230405,2.5928895,0.069849014,5.1680403,5.132042,5.2484636,0.1164217,14.919472222222256,70.16105555555549,3.2516944444444493,67.48305555555551,5.438611111111115,32.017361111111065,8.8,LOW,98.1,0.0,0.168,0.133,0.138,significant deviation from lot population (contribution 0.17); predicted value approaching the safety limit (contribution 0.14); high physics-normalised drift rate (contribution 0.13).
IC0309,LOT2026G,110.16,0.45388451500499133,0,9.384,11.106,1.7219999999999995,18.350383631713548,0.010726388888888926,6.050084175076386e-07,0.023632418675422245,2.253,2.545,0.2919999999999998,12.960497114957825,0.0016972222222222252,4.9452861952857465e-06,0.003739326119560525,5.142,5.323,0.18100000000000005,3.520031116297161,0.0010472222222222287,-6.576178451184532e-07,0.0023072437758990577,0.20214219120418606,0.08286365754736348,0.05655969430521976,-0.3261686137894678,-0.2342614790034253,-0.25718661058253167,0.26081504996699406,0.013796490066332465,-0.012358681914010102,0.0,0.0,0.0,0.0,1.0,11.204335,10.926278,12.281268,1.35499,2.5341218,2.44162,2.5626059,0.12098575,5.312731,5.2536364,5.3483443,0.094707966,14.747194444444464,70.50561111111108,3.1016111111111124,68.98388888888888,5.665611111111115,29.17986111111106,7.4,LOW,97.9,0.0,0.048,0.135,0.19,predicted value approaching the safety limit (contribution 0.19); high physics-normalised drift rate (contribution 0.14).
IC0310,LOT2026G,110.23,0.45564424600092945,0,9.53,11.066,1.5360000000000014,16.11752360965374,0.010194444444444463,-4.997895622895767e-05,0.022373692928021015,2.189,2.49,0.30100000000000016,13.750571037003203,0.0018388888888888973,4.4718013467996085e-07,0.004035799650776554,5.132,5.29,0.15800000000000036,3.078721745908035,0.0009333333333333569,-2.3411195286204775e-06,0.0020483816958624624,0.17319811800654653,0.01584558444418044,-0.013851026851130209,-0.533799097104522,-0.14102813220504198,-0.17091516326974135,0.04928564024499001,-0.12196097218643832,-0.1489459174297816,0.0,0.0,0.0,0.0,1.0,11.098514,10.926278,12.457641,1.5313625,2.5184386,2.4340456,2.5210524,0.08700681,5.283528,5.2333994,5.321073,0.087673664,14.62722222222223,70.74555555555554,3.108444444444449,68.91555555555551,5.598666666666678,30.016666666666524,8.0,LOW,97.5,0.0,0.102,0.123,0.176,predicted value approaching the safety limit (contribution 0.18); high physics-normalised drift rate (contribution 0.12); significant deviation from lot population (contribution 0.10).
IC0311,LOT2026G,109.68,0.4419826466931335,0,8.886,10.621,1.7350000000000012,19.525095656088244,0.01004583333333338,1.5914351851850644e-05,0.022729022074724478,2.259,2.515,0.2560000000000002,11.33244798583445,0.0015166666666666725,1.1311026936024742e-06,0.0034315072729986323,5.171,5.349,0.17799999999999994,3.4422742216205746,0.0011375000000000187,-8.94360269360807e-07,0.0025736304547490066,-0.14880469631720034,-0.00287748036532068,0.006025408916482884,-0.4394216046885881,-0.353088293550378,-0.34675945472185515,0.427474584899479,0.12140911258380344,0.12819886918500914,0.0,0.0,0.0,0.0,1.0,10.661202,10.589146,11.944683,1.3555374,2.5008144,2.4344018,2.5484974,0.11409569,5.364262,5.3069224,5.423284,0.11636162,13.90891666666669,72.18216666666662,3.017333333333336,69.82666666666664,5.73975000000001,28.25312499999988,8.6,LOW,97.8,0.0,0.077,0.126,0.229,predicted value approaching the safety limit (contribution 0.23); high physics-normalised drift rate (contribution 0.13); significant deviation from lot population (contribution 0.08).
IC0312,LOT2026G,110.94,0.47384531280536224,1,8.765,14.737,5.9719999999999995,68.1346263548203,0.034937500000000024,0.00018513257575757504,0.0737318678814304,2.268,3.368,1.1,48.50088183421518,0.0065402777777777855,3.025042087542056e-05,0.013802558769773638,5.018,5.633,0.6150000000000002,12.255878836189723,0.0036569444444444696,2.2306397306396505e-05,0.007717591259463622,2.829540435719971,3.1331483842696737,2.859027472066919,2.7807384365430856,2.953039308113736,2.6711343151280666,2.24790950493125,3.1246290702248243,2.842383139890577,1.0,1.0,0.0,0.7,0.0,14.713653,13.873789,15.047693,1.1739044,3.3559654,2.866218,3.4017391,0.53552103,5.623481,5.4404864,5.647136,0.20664978,26.23375000000001,47.53249999999998,5.538138888888893,44.618611111111065,6.846472222222235,14.419097222222065,61.4,HIGH,37.0,0.7,0.696,0.628,0.345,abnormal multi-parameter pattern (ensemble anomaly score) (contribution 0.70); significant deviation from lot population (contribution 0.70); high physics-normalised drift rate (contribution 0.63).
IC0313,LOT2026G,112.45,0.5147614172549803,0,10.165,10.725,0.5600000000000005,5.509099852434831,0.0036069444444444634,-1.5782828282829818e-05,0.007007021745489156,2.258,2.385,0.12699999999999978,5.62444641275464,0.0009361111111111133,-1.1047979797983563e-06,0.001818533945498528,5.188,5.35,0.16199999999999992,3.1225905936777165,0.0009319444444444719,-6.576178451184404e-07,0.001810439580756002,-0.07355010600333652,-0.8140936341677931,-0.8734333480743405,-0.9301845652514472,-0.7351622049398189,-0.8161219063026185,0.43388456701226336,-0.12361655099439453,-0.27449484182447254,0.0,0.0,0.0,0.0,1.0,10.819959,10.751673,12.344197,1.5925245,2.3934364,2.3484962,2.476132,0.12763572,5.347339,5.2937317,5.3802524,0.08652067,11.96847222222223,76.06305555555554,2.726055555555557,72.73944444444443,5.653972222222236,29.325347222222053,8.2,LOW,97.3,0.0,0.204,0.0,0.206,predicted value approaching the safety limit (contribution 0.21); significant deviation from lot population (contribution 0.20).
IC0314,LOT2026G,110.14,0.4533828664544043,0,8.605,10.113,1.5079999999999991,17.524694944799524,0.008715277777777797,2.77251683501669e-05,0.019222777088896175,2.212,2.561,0.34899999999999975,15.77757685352621,0.002013888888888894,3.6563552188548695e-06,0.004441916618151309,5.19,5.322,0.13199999999999967,2.5433526011560628,0.0007333333333333503,-1.7361111111119155e-06,0.0016174703271613375,-0.5163944259272308,-0.17051015408032957,-0.19010725819762883,-0.2657670186432699,-0.025857527336457384,-0.05273834522465321,0.25440506785420397,-0.3603643205328111,-0.37631406882099117,0.0,0.0,0.0,0.0,1.0,10.094154,10.072363,11.22093,1.1485672,2.5710895,2.5174289,2.5855157,0.06808686,5.3191032,5.278615,5.3961215,0.117506504,12.9626388888889,74.07472222222219,3.218944444444447,67.81055555555552,5.5566666666666755,30.541666666666558,8.1,LOW,98.5,0.0,0.097,0.092,0.215,predicted value approaching the safety limit (contribution 0.22); significant deviation from lot population (contribution 0.10); high physics-normalised drift rate (contribution 0.09).
IC0315,LOT2026G,110.5,0.46248980799775374,0,9.24,10.087,0.8469999999999995,9.166666666666663,0.004880555555555573,-1.744002525252691e-05,0.010552785101762236,2.375,2.657,0.28200000000000003,11.873684210526317,0.00174444444444445,-2.1043771043774634e-06,0.0037718548912388625,5.158,5.252,0.09399999999999942,1.8224117875145291,0.0005486111111111152,-2.8935185185250126e-07,0.0011862123264644562,-0.5352080735056968,-0.6536352189311962,-0.6750900985774616,0.0966425522339177,-0.20318369673729705,-0.2477209958934664,-0.194293680040953,-0.5805563019916218,-0.6038651187890605,0.0,0.0,0.0,0.0,1.0,10.130367,10.083585,10.93447,0.8508854,2.6559415,2.561566,2.7146714,0.15310526,5.236749,5.208691,5.3225603,0.11386919,11.680277777777787,76.63944444444442,3.247222222222225,67.52777777777774,5.432305555555558,32.09618055555552,5.7,LOW,99.0,0.0,0.102,0.006,0.176,predicted value approaching the safety limit (contribution 0.18); significant deviation from lot population (contribution 0.10).
IC0316,LOT2026H,111.06,0.4769857732357142,0,11.106,12.652,1.5459999999999994,13.92040338555735,0.008806944444444464,-1.9307659932662204e-05,0.01846374659080722,1.96,2.177,0.21700000000000008,11.071428571428575,0.0012375000000000003,1.0784932659929106e-06,0.00259441700243009,4.934,5.049,0.11500000000000021,2.330766112687479,0.0007555555555555742,2.3674242424238325e-06,0.0015840211552435503,0.07160365439860414,-0.37477272193888955,-0.44044082488139114,0.2194627705098799,-0.3355024912559989,-0.40248825120115717,0.166646009043307,-0.32639938982244043,-0.3888696055295938,0.0,0.0,0.0,0.0,1.0,12.847207,12.449249,13.39265,0.9434004,2.193715,2.124137,2.440522,0.31638503,5.080685,5.028786,5.131945,0.10315895,15.509472222222232,68.98105555555554,2.5787500000000003,74.21249999999999,5.311777777777787,33.60277777777766,3.6,LOW,98.4,0.0,0.02,0.084,0.077,high physics-normalised drift rate (contribution 0.08); predicted value approaching the safety limit (contribution 0.08).
IC0317,LOT2026H,110.61,0.4653053401584988,0,10.696,11.742,1.0460000000000012,9.779356768885576,0.006584722222222267,4.4586489898988214e-05,0.014151400497529831,1.838,2.082,0.24399999999999977,13.275299238302491,0.0012513888888888915,1.9202441077438007e-06,0.0026893929230698836,4.984,5.086,0.10200000000000031,2.0465489566613226,0.0005541666666666734,4.892676767676196e-06,0.001190974224533734,-0.4799707714145728,-0.6346380491305424,-0.6743412180810666,-0.2069932949127277,-0.324428989637602,-0.3668025257130186,0.42379670881819764,-0.5951383196131782,-0.6324670186895464,0.0,0.0,0.0,0.0,1.0,11.747574,11.705265,12.378702,0.6734371,2.0792985,2.066159,2.250141,0.1839819,5.090354,5.079964,5.198111,0.1181469,13.988361111111132,72.02327777777774,2.463694444444446,75.36305555555553,5.261083333333337,34.23645833333329,4.8,LOW,99.4,0.0,0.088,0.042,0.112,predicted value approaching the safety limit (contribution 0.11); significant deviation from lot population (contribution 0.09).
IC0318,LOT2026H,111.48,0.4881263559034636,0,11.656,13.378,1.7219999999999995,14.773507206588876,0.009759722222222251,-9.706439393940942e-06,0.019994253750462154,1.956,2.2,0.24400000000000022,12.474437627811872,0.0014583333333333425,-5.813341750842076e-06,0.002987614406999478,4.926,5.025,0.0990000000000002,2.00974421437272,0.0006097222222222288,4.47180134680057e-06,0.001249107356831216,0.5116509435638433,-0.2633554629054661,-0.3574265633414186,0.322710028454301,-0.15943381552351085,-0.2547504398949857,-0.00015444486473067617,-0.5210034424295309,-0.5964380370588339,0.0,0.0,0.0,0.0,1.0,13.417449,12.546974,13.587515,1.0405407,2.2085977,2.1496964,2.4362469,0.28655052,5.017524,4.9971538,5.1196413,0.122487545,16.535861111111124,66.92827777777775,2.6851666666666714,73.1483333333333,5.230861111111115,34.61423611111106,5.3,LOW,98.2,0.0,0.096,0.099,0.071,high physics-normalised drift rate (contribution 0.10); significant deviation from lot population (contribution 0.10); predicted value approaching the safety limit (contribution 0.07).
IC0319,LOT2026H,109.99,0.4496364781491935,0,10.503,12.124,1.6210000000000004,15.433685613634204,0.009752777777777817,1.607218013467947e-05,0.021690361551452583,2.019,2.201,0.18199999999999994,9.01436354631005,0.0012166666666666738,-3.6563552188553955e-06,0.002705889592576545,4.851,4.95,0.0990000000000002,2.0408163265306163,0.0005805555555555706,2.3148148148143904e-06,0.0012911664950879206,-0.24843073772156862,-0.26416754205293885,-0.2654301713590695,0.3271990396692753,-0.352112743683586,-0.36060415863726303,-0.5214058633273492,-0.5599242529509346,-0.5703711822418598,0.0,0.0,0.0,0.0,1.0,12.167787,11.649559,12.504097,0.85453796,2.2154825,2.1772132,2.5271702,0.349957,4.958058,4.9397087,5.054161,0.11445236,15.379388888888908,69.24122222222218,2.627333333333337,73.72666666666663,5.141277777777785,35.73402777777769,5.0,LOW,98.5,0.0,0.098,0.116,0.037,high physics-normalised drift rate (contribution 0.12); significant deviation from lot population (contribution 0.10).
IC0320,LOT2026H,110.14,0.4533828664544043,0,11.67,13.27,1.5999999999999996,13.710368466152525,0.008744444444444475,-8.785774410775625e-06,0.019287108295090116,1.864,2.083,0.21900000000000008,11.748927038626613,0.001202777777777784,-2.104377104379792e-07,0.0026528964078062368,4.905,4.964,0.05900000000000016,1.2028542303771694,0.00043194444444446433,-1.1574074074080162e-06,0.0009527145298242187,0.44618936335744386,-0.38208143426615365,-0.39578192640439985,-0.20250428369775136,-0.36318624530198185,-0.3805155238729592,-0.424105598547659,-0.7582350494171849,-0.7801324518903671,0.0,0.0,0.0,0.0,1.0,13.319179,12.47149,13.587515,1.116025,2.0964901,2.066159,2.2492833,0.1831243,4.9771576,4.963221,5.076394,0.11317301,16.042222222222236,67.91555555555553,2.465388888888892,75.34611111111109,5.120972222222233,35.98784722222209,4.4,LOW,98.3,0.0,0.079,0.092,0.048,high physics-normalised drift rate (contribution 0.09); significant deviation from lot population (contribution 0.08).
IC0321,LOT2026H,107.21,0.3850888737345131,0,10.932,12.569,1.6370000000000005,14.97438712038054,0.009148611111111142,1.1495159932658963e-05,0.02375714214329223,1.625,1.875,0.25,15.384615384615385,0.0014444444444444435,-1.736111111111415e-06,0.003750937882043999,4.836,4.997,0.1609999999999996,3.329197684036385,0.000845833333333346,-2.0780723905729476e-06,0.0021964626636200297,0.02129521775850206,-0.33481842788317123,-0.15332859541126534,-1.136218616412512,-0.17050731714191394,0.03205648764615867,-0.19475497442411105,-0.20593021439902132,-0.009298731174045031,0.0,0.0,0.0,0.0,1.0,12.780269,12.462332,13.324595,0.8622637,1.8676462,1.8676462,2.0710506,0.20340443,4.987253,4.9454055,5.0421543,0.09674883,15.50630555555557,68.98738888888886,2.347222222222222,76.52777777777779,5.258916666666673,34.26354166666658,8.5,LOW,98.9,0.0,0.258,0.136,0.03,significant deviation from lot population (contribution 0.26); high physics-normalised drift rate (contribution 0.14).
IC0322,LOT2026H,110.6,0.4650487428395264,0,11.039,13.322,2.2829999999999995,20.681221125101906,0.012909722222222243,7.654671717171585e-05,0.027759933600502128,1.79,2.089,0.29899999999999993,16.703910614525135,0.0018180555555555686,4.6822390572388645e-06,0.00390938709876896,4.844,5.005,0.1609999999999996,3.3236994219653093,0.0009458333333333493,-1.420454545455136e-06,0.002033836985685018,0.47770790197533947,0.10500363838870491,0.06378164469614278,-0.17557021640790352,0.12736987639292355,0.09159131725104744,-0.13915482312143182,-0.07248743546845154,-0.11008871670277084,0.0,0.0,0.0,0.0,1.0,13.399943,12.963309,15.051123,2.0878134,2.0911515,2.029751,2.3224905,0.2927394,5.0007014,4.950662,5.0802307,0.12956858,17.493861111111123,65.01227777777775,2.6990277777777845,73.00972222222215,5.316916666666675,33.53854166666657,6.3,LOW,95.4,0.0,0.087,0.176,0.05,high physics-normalised drift rate (contribution 0.18); significant deviation from lot population (contribution 0.09); predicted value approaching the safety limit (contribution 0.05).
IC0323,LOT2026H,109.14,0.4289314712447433,0,10.114,11.508,1.3939999999999984,13.782875222463895,0.008029166666666716,4.9768518518516334e-05,0.018718996401374723,1.803,2.049,0.246,13.643926788685523,0.0014958333333333382,-2.3674242424244673e-06,0.0034873480581699566,4.977,5.115,0.1379999999999999,2.7727546714888467,0.0007611111111111324,1.2889309764302031e-06,0.001774435223655695,-0.6218041951951053,-0.4657255864559657,-0.4265961496710794,-0.35513066500689594,-0.12953536115384776,-0.06698329036147575,0.6253472572904091,-0.31898590210407207,-0.27085729994895075,0.0,0.0,0.0,0.0,1.0,11.5235815,10.966577,12.202138,1.2355614,2.0297017,1.9826708,2.2604156,0.27774477,5.1231313,5.090622,5.2007775,0.11015558,14.12858333333336,71.74283333333328,2.550916666666669,74.49083333333331,5.3575555555555665,33.030555555555416,6.5,LOW,97.7,0.0,0.125,0.087,0.113,significant deviation from lot population (contribution 0.12); predicted value approaching the safety limit (contribution 0.11); high physics-normalised drift rate (contribution 0.09).
IC0324,LOT2026H,110.05,0.4511316558854168,0,10.071,11.828,1.7569999999999997,17.446132459537285,0.010384722222222266,1.3336489898988595e-05,0.023019271839482457,1.719,1.98,0.2609999999999999,15.183246073298424,0.0017805555555555617,-5.787037037041237e-07,0.003946864584487962,4.882,4.983,0.10099999999999998,2.0688242523555918,0.000648611111111123,-3.2091750841753383e-06,0.001437742403241736,-0.4278439575465151,-0.19026833963281123,-0.1933504652840294,-0.6648724388401575,0.09747142202325144,0.10567289980739035,-0.2920552392038013,-0.4691090284009707,-0.47952831013659125,0.0,0.0,0.0,0.0,1.0,11.783899,11.226035,12.026521,0.8004856,1.9586179,1.9223713,2.1290715,0.2067002,4.9892488,4.9687104,5.0794635,0.11075306,15.263361111111132,69.47327777777774,2.609277777777781,73.90722222222219,5.206305555555561,34.92118055555549,6.3,LOW,99.0,0.0,0.135,0.129,0.05,significant deviation from lot population (contribution 0.14); high physics-normalised drift rate (contribution 0.13); predicted value approaching the safety limit (contribution 0.05).
IC0325,LOT2026H,107.97,0.4018437362993809,0,10.926,12.236,1.3100000000000005,11.989749222039176,0.008633333333333363,-1.717697811447956e-05,0.021484304851529083,1.835,2.041,0.20599999999999996,11.226158038147137,0.0012750000000000083,-9.706439393939614e-06,0.0031728751373397298,4.914,5.049,0.13500000000000068,2.747252747252761,0.0008000000000000222,4.2087542087458556e-07,0.0019908236155857548,-0.18054465454456206,-0.3950747006257366,-0.27660662660895524,-0.3910427547266944,-0.3056040368863259,-0.1851416009164425,0.166646009043307,-0.26709148807551775,-0.13674697267375543,0.0,0.0,0.0,0.0,1.0,12.3817215,12.200002,13.16572,0.96571827,2.0494766,2.0349486,2.2518868,0.21693826,5.0487003,5.002187,5.108525,0.106338024,15.242666666666683,69.51466666666664,2.472500000000004,75.27499999999996,5.314000000000011,33.57499999999987,4.9,LOW,98.6,0.0,0.065,0.114,0.065,high physics-normalised drift rate (contribution 0.11); significant deviation from lot population (contribution 0.07); predicted value approaching the safety limit (contribution 0.06).
IC0326,LOT2026H,109.1,0.42797874823525356,0,10.278,11.838,1.5599999999999987,15.178050204319893,0.009566666666666716,-2.4042508417509588e-05,0.02235313483698509,1.851,1.976,0.125,6.75310642895732,0.0006680555555555565,2.1043771043742748e-07,0.001560954973372501,4.906,5.02,0.11399999999999988,2.3236852833265367,0.0005694444444444587,1.7361111111104143e-06,0.0013305437402967577,-0.4217827001199968,-0.28593126320523876,-0.2294815418346529,-0.6828284837000567,-0.7895160576101947,-0.7907955402795603,-0.03490453942891059,-0.5747512283876651,-0.5459664755242295,0.0,0.0,0.0,0.0,1.0,11.903242,11.614725,12.331693,0.7169676,1.9657611,1.9657611,2.1013803,0.13561928,5.013674,4.980995,5.0834413,0.10244608,15.061333333333359,69.87733333333328,2.185027777777778,78.14972222222222,5.190722222222229,35.11597222222213,6.3,LOW,99.5,0.0,0.14,0.122,0.052,significant deviation from lot population (contribution 0.14); high physics-normalised drift rate (contribution 0.12); predicted value approaching the safety limit (contribution 0.05).
IC0327,LOT2026H,111.0,0.4754131951417325,0,10.924,13.002,2.078000000000001,19.022336140607848,0.013506944444444474,4.324494949494754e-05,0.0284109582621444,1.861,2.132,0.27100000000000013,14.562063406770562,0.0017236111111111224,-1.578282828283115e-06,0.0036255012034263605,4.865,5.033,0.16800000000000015,3.453237410071945,0.001009722222222233,8.627946127945762e-06,0.0021238834608307616,0.28374766432675036,0.1748424450714635,0.0990930322905193,0.017457265836013876,0.052070065387835894,-0.015074394046157265,0.05544570643794855,0.012767673292736115,-0.05428090675482937,0.0,0.005,0.0,0.0017499999999999998,0.995,13.250362,12.70501,14.804552,2.0995417,2.1416528,2.0795949,2.339046,0.25945115,5.0435014,4.9795218,5.083779,0.10425711,17.677472222222235,64.64505555555553,2.7228055555555613,72.77194444444439,5.369861111111117,32.876736111111036,5.5,LOW,95.3,0.002,0.037,0.182,0.052,high physics-normalised drift rate (contribution 0.18); predicted value approaching the safety limit (contribution 0.05).
IC0328,LOT2026H,110.08,0.45188093203948526,0,11.349,13.587,2.2379999999999995,19.719799101242398,0.013069444444444456,2.7251683501681984e-05,0.02892231895127288,1.859,2.077,0.21799999999999997,11.726734803657878,0.00131111111111112,1.0337752525252295e-05,0.0029014526131776576,4.816,4.965,0.14900000000000002,3.093853820598007,0.0008791666666666911,5.155723905723071e-06,0.0019455715086244658,0.6383312237780785,0.1236814587806042,0.12682908678773763,-0.22943835098760124,-0.2768129326784983,-0.2871243942739317,-0.41715557963482797,-0.1614492880888172,-0.1647927232814504,0.0,0.0,0.0,0.0,1.0,13.607295,12.945645,14.829516,1.8838711,2.1047707,2.0603116,2.2849424,0.22463083,4.9589286,4.942531,5.057461,0.114929676,17.88372222222223,64.23255555555554,2.51455555555556,74.8544444444444,5.2555833333333455,34.305208333333184,7.1,LOW,96.2,0.0,0.129,0.187,0.038,high physics-normalised drift rate (contribution 0.19); significant deviation from lot population (contribution 0.13).
IC0329,LOT2026H,110.24,0.45589613988394745,0,8.971,10.923,1.952,21.759001226173226,0.011245833333333365,1.070601851851827e-05,0.02466753356629888,1.758,2.128,0.3700000000000001,21.04664391353812,0.0020027777777777843,-4.866372053872302e-06,0.004393057107892183,4.923,5.045,0.12199999999999989,2.478163721308143,0.0007333333333333548,-1.999158249158958e-06,0.001608553504138095,-0.9763877546464335,-0.08957052534604605,-0.10394923039721278,-0.0004987790238853702,0.27464744791757223,0.2733228030439321,0.1388459333919643,-0.35605334069589556,-0.373665271740099,0.0,0.0,0.0,0.0,1.0,10.954415,10.604838,13.419924,2.8150854,2.1235669,2.1038485,2.4657612,0.36191273,5.0351825,5.0051126,5.1775436,0.17243099,14.593916666666683,70.81216666666663,2.759388888888892,72.40611111111107,5.289666666666678,33.87916666666653,9.2,LOW,93.2,0.0,0.216,0.145,0.101,significant deviation from lot population (contribution 0.22); high physics-normalised drift rate (contribution 0.14); predicted value approaching the safety limit (contribution 0.10).
IC0330,LOT2026H,110.53,0.46325614635867607,0,10.968,12.926,1.9580000000000002,17.851932895696574,0.011343055555555575,4.99789562287831e-07,0.02448549392105251,1.801,2.073,0.272,15.10272071071627,0.0016388888888888907,-4.734848484853618e-07,0.003537759621261411,4.994,5.17,0.17600000000000016,3.524229074889871,0.0010722222222222363,-4.892676767677299e-06,0.002314534260689697,0.2376821078852099,-0.0782014172814125,-0.11382300761269032,-0.24739439584750048,-0.015478294484381344,-0.04804192933237433,1.0075982974963265,0.09616941012434388,0.06387811710179069,0.0,0.0,0.0,0.0,1.0,13.012949,12.557773,14.721975,2.1642027,2.0814047,2.0138533,2.2559507,0.24209738,5.1818247,5.0991707,5.2540045,0.1548338,16.639527777777786,66.72094444444443,2.6204444444444452,73.79555555555555,5.530111111111118,30.87361111111102,10.2,LOW,95.3,0.0,0.224,0.143,0.141,significant deviation from lot population (contribution 0.22); high physics-normalised drift rate (contribution 0.14); predicted value approaching the safety limit (contribution 0.14).
IC0331,LOT2026H,108.26,0.408409228009354,0,9.485,11.254,1.7690000000000001,18.650500790722198,0.010348611111111137,-4.83217592592606e-05,0.025338827826079675,1.829,2.145,0.31600000000000006,17.27720065609623,0.001963888888888897,4.62962962962939e-06,0.004808630055841728,4.84,4.974,0.13400000000000034,2.7685950413223215,0.0007819444444444532,3.6826599326551574e-07,0.0019146101283160624,-0.7757601338286734,-0.19449115119967775,-0.06753842571709018,0.07581441163068592,0.2436416433860674,0.42946787687868265,-0.3546054094193115,-0.2911853231602211,-0.18398155688299517,0.0045203495847917444,0.0,0.0,0.0015821223546771104,0.9954796504152083,11.235176,11.010168,11.869792,0.8596239,2.1430304,2.1368742,2.5144446,0.3775704,4.9745746,4.944088,5.111392,0.16730404,14.659305555555568,70.68138888888886,2.8109444444444485,71.89055555555551,5.230972222222227,34.612847222222165,7.7,LOW,98.0,0.002,0.164,0.152,0.066,significant deviation from lot population (contribution 0.16); high physics-normalised drift rate (contribution 0.15); predicted value approaching the safety limit (contribution 0.07).
IC0332,LOT2026H,112.29,0.5102793692398083,0,11.143,12.995,1.8519999999999985,16.620299739746912,0.011734722222222242,2.6015361952860202e-05,0.022996662082780485,1.8,2.137,0.33699999999999997,18.72222222222222,0.0018791666666666674,3.0776515151512913e-06,0.003682623245117997,4.765,4.95,0.1850000000000005,3.882476390346286,0.001055555555555566,1.55197811447731e-06,0.002068583641012346,0.2795047841281866,-0.03240015336388315,-0.19457681188709647,0.03990232191088743,0.1760932835138519,0.006388324981971478,-0.5214058633273492,0.07392894696924487,-0.08855389555962664,0.0,0.0,0.0,0.0,1.0,13.085102,12.681711,15.051123,2.3694115,2.1365335,2.1003718,2.3709366,0.2705648,4.957292,4.912084,5.018281,0.10619688,17.010361111111123,65.97927777777775,2.739583333333334,72.60416666666666,5.292777777777783,33.840277777777715,4.9,LOW,94.8,0.0,0.098,0.129,0.018,high physics-normalised drift rate (contribution 0.13); significant deviation from lot population (contribution 0.10).
IC0333,LOT2026H,109.76,0.4439464478870634,0,10.431,11.792,1.3610000000000007,13.04764643850063,0.008284722222222268,-9.73274410774617e-06,0.018661535105535608,2.031,2.193,0.16199999999999992,7.976366322008858,0.001116666666666666,-9.1803451178454e-06,0.002515318394777961,4.838,4.956,0.11800000000000033,2.439024390243909,0.000611111111111132,1.3678451178443982e-06,0.0013765424051024146,-0.44966448428198125,-0.4358410738289257,-0.42971283358276363,0.29128694994947685,-0.4318419553360365,-0.4322083231957547,-0.47970574985033826,-0.5191500704999207,-0.517458033198439,0.0,0.0,0.0,0.0,1.0,11.854925,11.442948,12.35001,0.9070616,2.2302196,2.196357,2.5271702,0.33081317,4.949068,4.9434547,5.0359573,0.092502594,14.573361111111133,70.85327777777773,2.5893333333333333,74.10666666666667,5.143555555555566,35.70555555555542,4.0,LOW,98.5,0.0,0.088,0.086,0.027,significant deviation from lot population (contribution 0.09); high physics-normalised drift rate (contribution 0.09).
IC0334,LOT2026H,108.08,0.4043227515552946,0,10.828,12.835,2.0070000000000014,18.53527890653862,0.011838888888888937,2.1675084175083277e-05,0.029280788289426415,1.967,2.205,0.238,12.099644128113878,0.001401388888888892,-5.787037037038157e-07,0.003466015413424589,4.862,4.943,0.08099999999999952,1.6659810777457738,0.00047222222222223444,1.972853535352858e-06,0.001167933836040028,0.18252466530389252,-0.02021896615177096,0.14627235904152294,0.3451550845291746,-0.2048351721589354,-0.0749986999430935,-0.5700559957171973,-0.7044872634590509,-0.6467466850518588,0.0,0.0,0.0,0.0,1.0,12.953507,12.61785,14.636306,2.0184555,2.232701,2.1436431,2.4743028,0.33065963,4.949585,4.9382534,5.054161,0.11590767,16.74744444444447,66.50511111111106,2.667694444444446,73.32305555555554,5.098111111111117,36.27361111111104,6.8,LOW,95.5,0.0,0.111,0.19,0.037,high physics-normalised drift rate (contribution 0.19); significant deviation from lot population (contribution 0.11).
IC0335,LOT2026H,112.02,0.5027959459129447,0,10.223,12.135,1.911999999999999,18.702924777462574,0.010879166666666697,4.003577441077371e-05,0.021637339670495952,1.521,1.875,0.3540000000000001,23.274161735700204,0.0017986111111111148,1.6045875420873742e-06,0.0035772188016458878,4.847,5.044,0.19699999999999918,4.064369713224657,0.0012541666666666786,-3.340698653199322e-06,0.0024943850022287727,-0.2417633545523988,-0.1324483043326694,-0.26830606270352253,-1.136218616412512,0.111866974127163,-0.033215755817006525,0.13189591447912707,0.3389611329007863,0.17534362406987225,0.0,0.0,0.0,0.0,1.0,12.019888,11.645819,13.873625,2.227806,1.8872327,1.8732738,2.0755723,0.2022984,5.057339,4.9886165,5.1228523,0.13423586,15.662583333333348,68.67483333333331,2.420305555555557,75.79694444444442,5.47408333333334,31.573958333333252,8.9,LOW,95.3,0.0,0.258,0.115,0.072,significant deviation from lot population (contribution 0.26); high physics-normalised drift rate (contribution 0.12); predicted value approaching the safety limit (contribution 0.07).
IC0336,LOT2026H,112.83,0.5255494257021978,0,11.103,13.13,2.027000000000001,18.25632711879673,0.01159305555555557,-3.4090909090910224e-05,0.022058925361902626,1.812,1.991,0.17900000000000005,9.878587196467993,0.0009527777777777881,2.1569865319863087e-06,0.0018129175510081881,4.817,4.968,0.1509999999999998,3.1347311604733195,0.0009666666666666792,-3.3670033670043823e-06,0.0018393449205564164,0.36133175938618645,-0.048966567972351806,-0.24543937787479278,-0.615493315475434,-0.5625092744330891,-0.6961245192647492,-0.3963055228963225,-0.044686856524588266,-0.2306284289959142,0.0,0.0,0.0,0.0,1.0,13.169883,12.742286,14.804552,2.0622663,2.0033677,1.928851,2.1286633,0.1998123,4.979024,4.939709,5.0379906,0.09828138,16.899527777777784,66.20094444444443,2.288388888888894,77.11611111111105,5.30033333333334,33.74583333333325,5.4,LOW,95.8,0.0,0.123,0.119,0.028,significant deviation from lot population (contribution 0.12); high physics-normalised drift rate (contribution 0.12).
IC0337,LOT2026H,111.11,0.47829985104485007,0,8.771,10.551,1.7799999999999994,20.294151180025075,0.010055555555555571,-1.8255471380472006e-05,0.0210235389653355,1.834,2.06,0.22599999999999998,12.322791712104687,0.0014138888888888912,1.4414983164982916e-05,0.002956072191534743,4.974,5.158,0.18400000000000016,3.6992360273421823,0.0009791666666666807,5.576599326598901e-06,0.002047181625768193,-1.2018665309129193,-0.22876089122307852,-0.3015984337650845,-0.30575154164217255,-0.19486902070238046,-0.2666019369352854,0.9241980705423107,-0.02800650915826567,-0.10181815268146817,0.0,0.0,0.0,0.0,1.0,10.487206,10.392281,11.281222,0.88894176,2.05332,2.0514283,2.3027046,0.25127625,5.149786,5.0985374,5.233531,0.13499355,13.798777777777786,72.40244444444443,2.540944444444446,74.59055555555555,5.46358333333334,31.705208333333246,10.3,LOW,98.6,0.0,0.275,0.109,0.13,significant deviation from lot population (contribution 0.28); predicted value approaching the safety limit (contribution 0.13); high physics-normalised drift rate (contribution 0.11).
IC0338,LOT2026H,109.39,0.4349296460173747,1,10.863,17.934,7.0710000000000015,65.09251587959129,0.04242777777777784,0.00025328808922558846,0.09755089855632174,1.83,2.727,0.8969999999999998,49.016393442622935,0.005408333333333338,3.5169402356902063e-05,0.012434961338821415,4.802,5.418,0.6160000000000005,12.82798833819243,0.0036805555555555693,1.7492634680134042e-05,0.008462415908545672,3.2731598270856446,3.5568272626413724,3.8492232098801233,2.688418938746023,2.989870044748032,3.294943281725552,2.7312029878793824,3.5768018938965898,3.874130656478405,1.0,1.0,0.0,0.7,0.0,17.990917,16.92057,18.095839,1.1752682,2.7307565,2.7017817,2.8514922,0.14971042,5.4164057,5.301541,5.5461507,0.24460983,32.07688888888892,35.84622222222217,4.534166666666669,54.65833333333331,6.642277777777784,16.971527777777695,67.3,HIGH,37.9,0.7,0.811,0.862,0.293,high physics-normalised drift rate (contribution 0.86); significant deviation from lot population (contribution 0.81); abnormal multi-parameter pattern (ensemble anomaly score) (contribution 0.70).
IC0339,LOT2026H,108.27,0.4086373479328131,0,10.285,11.673,1.388,13.495381623723867,0.008063888888888922,-1.8202861952863373e-05,0.01973360714501985,1.819,2.08,0.2610000000000001,14.348543155579996,0.00154861111111112,-2.0517676767678096e-06,0.0037896954816908656,4.843,4.982,0.13900000000000023,2.870121825314892,0.0007361111111111293,-2.3937289562295862e-06,0.0018013799150638538,-0.5217934476575505,-0.46166519071859785,-0.37156395913025747,-0.2159713173426763,-0.08745605500394342,0.04661905310759595,-0.2990052581166323,-0.3523465968367176,-0.2541578765147895,0.0,0.0,0.0,0.0,1.0,11.681962,11.42821,12.281779,0.85356903,2.0729215,2.0288768,2.3560946,0.32721782,4.976192,4.944088,5.0434813,0.09939337,14.316944444444461,71.36611111111108,2.5933055555555597,74.0669444444444,5.211055555555564,34.86180555555545,4.5,LOW,98.6,0.0,0.098,0.097,0.031,significant deviation from lot population (contribution 0.10); high physics-normalised drift rate (contribution 0.10).
IC0340,LOT2026H,107.5,0.3914059813797046,0,10.064,10.898,0.8339999999999996,8.286963434022255,0.005358333333333356,-2.0780723905725753e-05,0.013689962821838469,1.892,2.07,0.17799999999999994,9.408033826638475,0.0010083333333333411,6.313131313128791e-07,0.0025761827394128467,4.639,4.748,0.10899999999999999,2.349644319896529,0.0006277777777777886,2.735690235689579e-06,0.0016039044052542945,-0.9915408982127297,-0.7780512265744399,-0.6993694629034405,-0.2608614294924254,-0.518215267959511,-0.40933949202228825,-1.925309683719998,-0.4969096073448399,-0.3765466285785137,0.0,0.0,0.0,0.0,1.0,10.99135,10.904815,11.949195,1.0443802,2.0951824,2.0594373,2.2967043,0.23726702,4.748705,4.741065,4.9838576,0.2427926,12.743166666666678,74.51366666666664,2.3961666666666703,76.0383333333333,4.952888888888895,38.08888888888882,10.0,LOW,98.0,0.0,0.462,0.037,0.0,significant deviation from lot population (contribution 0.46).
IC0341,LOT2026H,109.18,0.4298861150929771,0,9.982,11.128,1.1460000000000008,11.480665197355249,0.007038888888888914,-3.253893097643194e-05,0.016373845634364167,1.805,1.932,0.127,7.03601108033241,0.0009013888888888969,-1.083754208754228e-05,0.0020968085668315707,4.956,5.078,0.12199999999999989,2.4616626311541543,0.00071944444444445,4.734848484842584e-07,0.0016735698576560128,-0.8521319774028053,-0.58152807288575,-0.5537964426557747,-0.8803449771589483,-0.6034812304211525,-0.5894568840265039,0.36819655751551844,-0.37458705999182873,-0.33337029856359884,0.0,0.0,0.0,0.0,1.0,11.234535,10.935737,11.949195,1.0134583,1.922552,1.9210223,2.0909617,0.1699394,5.090282,5.030852,5.1700954,0.1392436,13.501444444444456,72.99711111111108,2.2556944444444484,77.44305555555552,5.315722222222226,33.55347222222218,7.0,LOW,98.5,0.0,0.191,0.064,0.097,significant deviation from lot population (contribution 0.19); predicted value approaching the safety limit (contribution 0.10); high physics-normalised drift rate (contribution 0.06).
IC0342,LOT2026H,110.6,0.4650487428395264,0,9.486,10.831,1.3449999999999989,14.178789795488075,0.008273611111111152,-1.6335227272728718e-05,0.01779084717140309,1.795,2.027,0.2320000000000002,12.924791086350988,0.00131388888888889,6.102693602693461e-06,0.0028252713486901556,4.918,5.069,0.1509999999999998,3.070353802358678,0.0009291666666666745,8.864688552187665e-06,0.001997998448492313,-1.0321513229704034,-0.4371404004648845,-0.4769386929508904,-0.4538889117363408,-0.27459823235482556,-0.31574831993347646,0.305646387300002,-0.09472789862355663,-0.13230024990521436,0.0007220303178649879,0.02,0.0,0.007252710611252745,0.9803510630968845,10.912222,10.60519,11.64666,1.0414696,1.9969178,1.9826708,2.1519744,0.16930366,5.064992,5.0125303,5.1105113,0.097980976,13.622805555555576,72.75438888888885,2.451944444444445,75.48055555555555,5.382583333333337,32.717708333333285,7.8,LOW,97.4,0.007,0.231,0.078,0.066,significant deviation from lot population (contribution 0.23); high physics-normalised drift rate (contribution 0.08); predicted value approaching the safety limit (contribution 0.07).
IC0343,LOT2026H,109.37,0.43444701094652255,0,10.155,12.02,1.8650000000000002,18.365337272279668,0.011183333333333371,1.404671717171581e-05,0.025741535910141094,1.861,2.129,0.268,14.400859752821066,0.001540277777777787,-6.576178451178682e-06,0.003545375474956104,4.883,5.01,0.12699999999999978,2.60086012697112,0.0008083333333333459,-3.47222222222292e-06,0.0018606028191383878,-0.311467814957361,-0.09687923767331057,-0.04569565679984247,0.003990232191088942,-0.09410015597498006,-0.04518039071841993,-0.10440472855725809,-0.25597125649798347,-0.21745349058733007,0.0,0.0,0.0,0.0,1.0,12.0822525,11.455589,13.892569,2.4369793,2.1395502,2.0795949,2.4131181,0.33352327,5.0360913,4.9708652,5.08213,0.111264706,15.746666666666684,68.50666666666663,2.6311388888888936,73.68861111111107,5.287166666666673,33.910416666666585,5.0,LOW,94.5,0.0,0.044,0.156,0.051,high physics-normalised drift rate (contribution 0.16); predicted value approaching the safety limit (contribution 0.05).
IC0344,LOT2026H,110.31,0.4576629311158039,0,10.526,11.841,1.3149999999999995,12.492874786243583,0.008602777777777793,-1.617739898990087e-05,0.01879719154182711,2.029,2.345,0.3160000000000003,15.57417447018237,0.0018236111111111179,-6.050084175085623e-07,0.003984616159899749,4.871,4.999,0.12799999999999923,2.6277971669061633,0.0006597222222222259,2.525252525252081e-06,0.0014415024188517778,-0.4199643228920412,-0.39864784887462357,-0.4223548680803858,0.9736166546256482,0.13179927704027652,0.11985746730423152,-0.1808549365984428,-0.4542820529642521,-0.477197977536377,0.0,0.005,0.0,0.0017499999999999998,0.995,11.937359,11.4679165,12.35001,0.8820934,2.3264084,2.254113,2.599838,0.34572506,4.988216,4.963806,5.0597105,0.09590435,14.827388888888896,70.3452222222222,2.940805555555559,70.59194444444441,5.200861111111113,34.98923611111109,6.9,LOW,98.2,0.002,0.215,0.087,0.039,significant deviation from lot population (contribution 0.21); high physics-normalised drift rate (contribution 0.09).
IC0345,LOT2026H,113.25,0.5377107233969182,0,9.998,11.829,1.8310000000000013,18.313662732546522,0.011325000000000043,-3.324915824915931e-05,0.021061510412989006,1.84,2.137,0.29699999999999993,16.141304347826082,0.0017138888888889,6.392045454545257e-06,0.003187380898899743,4.807,4.946,0.13899999999999935,2.891616392760544,0.0008541666666666788,-2.630471380477097e-07,0.001588524516064309,-0.42723783180386254,-0.0803128230648419,-0.2995388735293322,0.03990232191088743,0.04431861425495924,-0.17969128654686392,-0.5492059389786919,-0.19480998282147485,-0.38607857229475456,0.0,0.0,0.0,0.0,1.0,11.882991,11.12391,13.6811695,2.5572596,2.169016,2.1334374,2.4512594,0.31782198,4.9500313,4.9297533,5.076005,0.14625168,15.66050000000002,68.67899999999996,2.69694444444445,73.03055555555551,5.23408333333334,34.57395833333325,5.3,LOW,94.1,0.0,0.106,0.11,0.048,high physics-normalised drift rate (contribution 0.11); significant deviation from lot population (contribution 0.11).
IC0346,LOT2026H,109.65,0.44124825210557894,0,10.259,11.908,1.6489999999999991,16.07369139292328,0.009629166666666687,-1.633522727272864e-05,0.021822560476370306,1.786,1.945,0.15900000000000003,8.902575587905936,0.0009138888888888927,1.1389941077440803e-05,0.0020711444963870894,4.754,4.967,0.21300000000000008,4.480437526293649,0.001206944444444447,-3.36700336700369e-06,0.0027352956950765605,-0.37935389813436754,-0.2786225508779769,-0.2582597402642569,-0.8219878313642753,-0.5935150789646004,-0.5990997594692535,-0.4032555418091597,0.27594648729467336,0.32465205773277206,0.0,0.0,0.0,0.0,1.0,11.94154,11.614725,12.331693,0.7169676,1.9478632,1.9370898,2.0909617,0.1538719,4.961548,4.9358244,5.088329,0.15250444,15.073583333333344,69.85283333333331,2.242944444444446,77.57055555555554,5.357472222222223,33.03159722222221,7.0,LOW,99.3,0.0,0.176,0.117,0.054,significant deviation from lot population (contribution 0.18); high physics-normalised drift rate (contribution 0.12); predicted value approaching the safety limit (contribution 0.05).
IC0347,LOT2026H,111.83,0.4975895356213581,1,10.47,18.65,8.179999999999998,78.12798471824257,0.04872083333333339,0.00017032302188552077,0.0979137016466673,1.86,3.141,1.281,68.87096774193547,0.007652777777777785,2.8619528619528493e-05,0.015379699993532791,4.902,5.625,0.7229999999999999,14.749082007343938,0.004179166666666683,1.21527777777768e-05,0.008398823462892975,3.7071458588243633,4.292733386082241,3.8689015435876555,4.546869581745594,4.779347906280671,4.401383046230571,4.169856902836205,4.242162416619829,3.8347181740312424,1.0,1.0,0.0,0.7,0.0,18.63912,16.99731,19.50029,2.5029793,3.1380384,2.8969793,3.2590482,0.3620689,5.626489,5.4270673,5.6820664,0.25499916,34.83041666666669,30.33916666666661,5.686388888888893,43.13611111111107,6.991583333333342,12.605208333333229,72.6,HIGH,33.8,0.7,1.0,0.865,0.363,significant deviation from lot population (contribution 1.00); high physics-normalised drift rate (contribution 0.86); abnormal multi-parameter pattern (ensemble anomaly score) (contribution 0.70).
IC0348,LOT2026H,109.73,0.44320909822028426,1,9.861,14.734,4.872999999999999,49.41689483825169,0.02821250000000001,0.00010411405723905582,0.06365505607463365,1.722,2.316,0.5939999999999999,34.49477351916376,0.0035986111111111123,2.380576599326581e-05,0.008119443227951351,4.854,5.255,0.4009999999999998,8.261227853316848,0.0024652777777777897,8.864688552187882e-06,0.005562335673336053,1.3335574505997434,1.8945012477622427,2.0107226088591075,0.8434353293913771,1.546992783871157,1.673454449543866,1.5983499050872925,1.9551014555043003,2.0767573962991057,1.0,0.93,0.0,0.6755,0.033097729860975034,14.442515,14.098197,15.786474,1.6882772,2.3125658,2.2788737,2.9047658,0.62589216,5.2809486,5.2063565,5.3176217,0.11126518,23.967250000000003,52.0655,3.521305555555556,64.78694444444444,6.086638888888895,23.917013888888818,48.6,MEDIUM,37.6,0.676,0.377,0.529,0.174,abnormal multi-parameter pattern (ensemble anomaly score) (contribution 0.68); high physics-normalised drift rate (contribution 0.53); significant deviation from lot population (contribution 0.38).
IC0349,LOT2026H,110.58,0.4645359325668315,0,10.443,12.104,1.6609999999999996,15.905391171119406,0.00864444444444447,5.176767676767554e-05,0.018608774560622,1.782,1.98,0.19799999999999995,11.111111111111107,0.0011875000000000032,1.0521885521865923e-07,0.0025563146287486834,4.849,4.972,0.12300000000000022,2.5366054856671525,0.000680555555555574,4.761153198652648e-06,0.0014650224188150706,-0.2605532525746063,-0.3937753739897787,-0.43257455013653484,-0.6648724388401575,-0.3753670970822187,-0.4168046256935719,-0.3685054472449798,-0.4264814740203647,-0.4626210639392313,0.0,0.0,0.0,0.0,1.0,12.044196,11.457551,12.504097,1.046546,1.9653319,1.9362156,2.1099296,0.17371392,4.9630976,4.9434547,5.0518146,0.10835981,14.765222222222235,70.46955555555553,2.375750000000002,76.24249999999998,5.189277777777788,35.13402777777765,5.1,LOW,98.5,0.0,0.135,0.086,0.035,significant deviation from lot population (contribution 0.14); high physics-normalised drift rate (contribution 0.09).
IC0350,LOT2026H,107.21,0.3850888737345131,0,10.52,12.423,1.9030000000000005,18.089353612167304,0.011123611111111143,1.0258838383823268e-06,0.02888582836277932,1.798,1.984,0.18599999999999994,10.344827586206893,0.001058333333333336,3.919402356902047e-06,0.0027482833328053235,4.782,4.901,0.11899999999999977,2.488498536177327,0.0006902777777778009,-2.051767676768451e-06,0.0017925155070922414,-0.06719914066866763,-0.10386311834158703,0.1248498479205148,-0.6469163939802581,-0.4783506621332929,-0.34467536988714087,-0.8619567900562618,-0.41350787051322013,-0.2596517417058485,0.0,0.0,0.0,0.0,1.0,12.488264,12.38323,14.3843565,2.0011263,1.980012,1.9370898,2.1140313,0.17694151,4.917357,4.902417,5.0122,0.109782696,16.081805555555572,67.83638888888885,2.327166666666668,76.72833333333331,5.127138888888901,35.91076388888874,7.8,LOW,96.0,0.0,0.187,0.187,0.015,significant deviation from lot population (contribution 0.19); high physics-normalised drift rate (contribution 0.19).
IC0351,LOT2026H,108.46,0.4129936207929477,0,10.332,11.354,1.0219999999999985,9.891598915989144,0.005766666666666689,-1.3704755892258011e-05,0.013963088959085348,1.9,1.949,0.049000000000000155,2.5789473684210606,0.0003611111111111157,6.444654882154692e-06,0.0008743745494610363,4.749,4.887,0.1379999999999999,2.9058749210360055,0.0008388888888889027,2.0254629629623383e-06,0.0020312393379787225,-0.7151475595634892,-0.7303009727029733,-0.684555180952661,-0.8040317865043761,-1.034240443376722,-1.048767459563791,-0.959257054835952,-0.21519707404697574,-0.11169865234178387,0.0,0.0,0.0,0.0,1.0,11.392378,11.346426,12.281779,0.9353533,1.9583908,1.9505621,2.1192675,0.16870534,4.8919497,4.8854737,5.0021863,0.11671257,13.215333333333344,73.5693333333333,2.080555555555558,79.19444444444443,5.168444444444451,35.39444444444436,5.2,LOW,98.8,0.0,0.212,0.04,0.01,significant deviation from lot population (contribution 0.21).
IC0352,LOT2026H,111.3,0.4833232938944334,0,10.918,12.386,1.468,13.445686023081151,0.008940277777777835,5.944865319864199e-06,0.01849751065325346,1.886,2.088,0.20200000000000018,10.71049840933193,0.001087500000000001,3.3143939393936832e-06,0.0022500467362897903,4.871,4.96,0.08899999999999952,1.827140217614443,0.0005777777777777824,-2.3148148148155835e-06,0.0011954271293698076,-0.08962579314678634,-0.35918080230738586,-0.4386094719910223,-0.18005922762287782,-0.4550963087346647,-0.5318800244103656,-0.45190567419900174,-0.5636309968101308,-0.6297072563956237,0.0,0.0,0.0,0.0,1.0,12.425753,12.156622,13.190481,1.0338593,2.1334984,2.0726612,2.248676,0.1760149,4.9748273,4.959427,5.056641,0.09721422,15.388138888888918,69.22372222222216,2.4297500000000003,75.7025,5.159888888888892,35.501388888888854,4.1,LOW,98.6,0.0,0.08,0.084,0.038,high physics-normalised drift rate (contribution 0.08); significant deviation from lot population (contribution 0.08).
IC0353,LOT2026H,109.66,0.441492927402338,0,9.504,11.454,1.950000000000001,20.51767676767678,0.011141666666666694,-4.371843434343571e-05,0.025236342362769393,2.055,2.261,0.20599999999999996,10.024330900243307,0.001263888888888893,6.9707491582489e-06,0.0028627613500523765,4.719,4.886,0.16699999999999982,3.538885357067171,0.001068055555555563,-7.339015151515788e-06,0.0024191906353739404,-0.654534985298304,-0.1017517125581554,-0.07309720732854186,0.5965397125677641,-0.31446283818104537,-0.301662034818788,-0.966207073748783,0.09060929433556139,0.12874065679327226,0.0,0.0,0.0,0.0,1.0,11.418696,11.036717,13.328721,2.2920036,2.2734566,2.2308505,2.5717068,0.3408563,4.894553,4.873431,4.9981265,0.1246953,15.074833333333347,69.85033333333331,2.6869444444444466,73.13055555555555,5.253027777777782,34.337152777777725,7.4,LOW,94.8,0.0,0.214,0.151,0.007,significant deviation from lot population (contribution 0.21); high physics-normalised drift rate (contribution 0.15).
IC0354,LOT2026H,109.38,0.4346882678066033,0,10.165,12.236,2.0710000000000015,20.37383177570095,0.011688888888888919,3.987794612794513e-05,0.026890279205992764,1.918,2.225,0.30700000000000016,16.00625651720543,0.001809722222222229,1.0521885521883692e-06,0.004163264473076119,4.774,4.957,0.18299999999999983,3.833263510682862,0.001091666666666681,-7.628367003371445e-07,0.0025113782623467844,-0.18054465454456206,-0.03775987573720985,0.016611844215455446,0.4349353088286708,0.12072577542188155,0.18698179334377127,-0.4727557309375072,0.1221166171386209,0.18587548141939064,0.0,0.0,0.0,0.0,1.0,12.306748,11.797003,14.2843,2.487297,2.2369895,2.1741004,2.6436596,0.4695592,4.954622,4.912084,5.0844173,0.17233324,16.00944444444446,67.98111111111109,2.8228611111111146,71.77138888888885,5.3198333333333405,33.502083333333246,6.1,LOW,93.8,0.0,0.086,0.167,0.052,high physics-normalised drift rate (contribution 0.17); significant deviation from lot population (contribution 0.09); predicted value approaching the safety limit (contribution 0.05).
IC0355,LOT2026H,109.48,0.43710751967174943,1,11.901,16.677,4.776,40.13108142172926,0.02856805555555558,0.0002122790404040388,0.06535704436521492,1.872,2.51,0.6379999999999997,34.08119658119656,0.0038236111111111183,2.854061447811436e-05,0.008747529930353291,4.851,5.261,0.41000000000000014,8.45186559472274,0.0023666666666666805,1.2941919191918763e-05,0.005414381039346919,2.511259768572276,1.9360797001129098,2.103037956880177,1.7143035050964894,1.7263835100891614,1.9094482624353704,1.6400500185643034,1.8235120485033285,1.985060035783677,1.0,0.995,0.0,0.69825,0.002490601548035487,16.764547,16.350187,16.764547,0.41436005,2.5736094,2.4749546,2.7711627,0.29620814,5.2706037,5.2107563,5.3000636,0.08930731,26.18502777777779,47.62994444444442,3.783805555555559,62.16194444444441,6.03433333333334,24.570833333333255,54.4,MEDIUM,40.0,0.698,0.614,0.545,0.165,abnormal multi-parameter pattern (ensemble anomaly score) (contribution 0.70); significant deviation from lot population (contribution 0.61); high physics-normalised drift rate (contribution 0.55).
IC0356,LOT2026H,109.37,0.43444701094652255,0,11.028,12.498,1.4699999999999989,13.329706202393895,0.008640277777777788,3.1802398989897604e-05,0.019887989927594062,1.7,1.938,0.238,13.999999999999998,0.0011000000000000003,1.920244107743769e-06,0.002531954351817149,4.79,4.905,0.11500000000000021,2.400835073068898,0.0006708333333333378,-3.498526936027583e-06,0.0015441085251612257,-0.021739709969779763,-0.39426262147826485,-0.36319028207227244,-0.8534109098690995,-0.4451301572781098,-0.4259576209953046,-0.8341567144049191,-0.43945507752752155,-0.41360612598252294,0.0,0.0,0.0,0.0,1.0,12.636083,12.424537,13.208052,0.783515,1.9063038,1.9063038,2.0685298,0.16222608,4.906003,4.902417,5.011591,0.109173775,15.348138888888894,69.3037222222222,2.25,77.5,5.125416666666669,35.932291666666636,5.9,LOW,99.2,0.0,0.184,0.098,0.014,significant deviation from lot population (contribution 0.18); high physics-normalised drift rate (contribution 0.10).
IC0357,LOT2026H,110.47,0.46172461778524626,0,10.09,11.083,0.9930000000000003,9.841427155599607,0.005800000000000039,-1.1311026936038792e-06,0.012561600089293244,2.014,2.13,0.1160000000000001,5.759682224429002,0.0006944444444444491,-5.708122895623154e-06,0.0015040229991969882,4.833,4.937,0.10400000000000009,2.1518725429339973,0.0005902777777777931,2.9724326599318816e-06,0.0012784195493174644,-0.8794076358221383,-0.7264029927950966,-0.7605715281146781,0.008479243406063255,-0.7684764045352411,-0.8121868443936885,-0.6117561091942022,-0.5469506494437959,-0.5782713152101181,0.0,0.0,0.0,0.0,1.0,11.096001,10.892325,11.949195,1.0568695,2.1319525,2.1083372,2.4094558,0.3011186,4.941432,4.9345264,5.0359573,0.10143089,12.99000000000002,74.01999999999995,2.3612222222222243,76.38777777777776,5.128138888888897,35.89826388888879,4.9,LOW,98.2,0.0,0.191,0.026,0.027,significant deviation from lot population (contribution 0.19).
IC0358,LOT2026H,109.82,0.445424481355698,0,10.981,12.616,1.6349999999999998,14.889354339313357,0.010100000000000019,-7.181186868688963e-06,0.02267499974240205,2.064,2.238,0.17399999999999993,8.430232558139531,0.0011097222222222227,-7.049663299663685e-06,0.0024913812973293746,4.915,5.024,0.10899999999999999,2.217700915564598,0.0006930555555555664,-8.417508417514548e-07,0.0015559440142270049,0.049783127663138006,-0.22356358467924503,-0.21202368332659716,0.49329245462334287,-0.4373787061452331,-0.441202315386394,-0.007104463777567895,-0.4098011266540541,-0.40627088356070823,0.0,0.0,0.0,0.0,1.0,12.8570385,12.499093,13.3374405,0.83834743,2.235941,2.217968,2.4392657,0.22129774,5.0199976,4.9981704,5.1058583,0.10768795,16.03100000000001,67.93799999999999,2.6188611111111113,73.81138888888889,5.261527777777784,34.23090277777771,5.6,LOW,98.9,0.0,0.091,0.126,0.064,high physics-normalised drift rate (contribution 0.13); significant deviation from lot population (contribution 0.09); predicted value approaching the safety limit (contribution 0.06).
IC0359,LOT2026H,111.91,0.49977573067731684,0,10.676,12.215,1.5389999999999997,14.415511427500935,0.008977777777777803,-3.161826599326814e-05,0.017963612930165188,1.751,1.901,0.15000000000000013,8.566533409480305,0.0008500000000000033,5.3398569023566306e-06,0.0017007628578683642,4.805,4.979,0.17400000000000038,3.6212278876170734,0.0008972222222222418,6.313131313124045e-07,0.001795249683305528,-0.19327329514025127,-0.35479557491103036,-0.46756792863100183,-1.019504324823167,-0.6444531864092179,-0.7382649014230165,-0.3198553148551378,-0.13735545300413815,-0.25795719023974945,0.0,0.0,0.0,0.0,1.0,12.295195,12.060572,12.967119,0.90654755,1.9031123,1.8733596,2.088148,0.21478856,4.9685125,4.9308124,5.035969,0.10515642,15.164888888888902,69.6702222222222,2.1760000000000015,78.23999999999998,5.253611111111121,34.32986111111099,6.7,LOW,98.8,0.0,0.227,0.079,0.027,significant deviation from lot population (contribution 0.23); high physics-normalised drift rate (contribution 0.08).
IC0360,LOT2026H,110.08,0.45188093203948526,0,10.971,11.935,0.9640000000000004,8.786801567769578,0.006081944444444498,-4.045664983165073e-05,0.013459174780831556,1.824,1.943,0.119,6.524122807017544,0.0008027777777777808,-1.1311026936029553e-06,0.0017765250110346198,4.796,4.911,0.11499999999999932,2.397831526271879,0.0006569444444444468,-3.340698653199219e-06,0.001453799879272275,-0.36298850308276714,-0.6934325794076535,-0.7118873388738902,-0.8309658537942249,-0.6821030919117612,-0.7097984503260579,-0.7924566009279143,-0.45798879682343635,-0.4695764206361358,0.0,0.0,0.0,0.0,1.0,11.853805,11.79107,12.490421,0.6993513,1.9437308,1.9182537,2.0992794,0.18102574,4.9088836,4.902417,5.011591,0.109173775,14.01197222222225,71.9760555555555,2.2253888888888906,77.74611111111109,5.124472222222224,35.944097222222204,4.6,LOW,99.4,0.0,0.179,0.035,0.014,significant deviation from lot population (contribution 0.18).
